id,fuente,indice,imagen_finita,minimo,maximo,media,desviacion,huella_imagen,huella_mascara,mascara_valida,pixeles_fondo_inconsistente,proporcion_0,proporcion_1,proporcion_2,proporcion_3,proporcion_lesion,imagen_constante,motivo,estado,archivo,particion,proporcion_final_0,proporcion_final_1,proporcion_final_2,proporcion_final_3,pierde_clase_lesion
medseg_0000,medseg,0,True,-1414.8936170212767,212.76595744680844,-627.1349074992728,575.8760124092433,c617bfb0f85dc5f4b22023aab18fa54d90b323ada259f563ff5f99bce71fbe96,ad5987b6a0018de8f227b3ec43e3b9553b1f174c95c72642e39050d366d97478,True,0,0.031036376953125,0.10545730590820312,0.02068328857421875,0.8428230285644531,0.13649368286132812,False,,conservar,medseg_0000.npz,pendiente de identificar pacientes,0.0311431884765625,0.105499267578125,0.0204315185546875,0.842926025390625,False
medseg_0001,medseg,1,True,-1477.6923076923076,278.5918324601348,-528.5523954004572,461.92492191333486,2e4d85e6b55306685e2c3f84ad3a114fade1da1e46f69688cd10f5ccd4a1d393,737bac85304236487300760b15e1e55dd404c522ffe2e32389f3f06010f5bbe0,True,0,0.0762939453125,0.14304733276367188,0.14648056030273438,0.6341781616210938,0.21934127807617188,False,,conservar,medseg_0001.npz,pendiente de identificar pacientes,0.07635498046875,0.142852783203125,0.14703369140625,0.633758544921875,False
medseg_0002,medseg,2,True,-1070.7745643898754,272.24904466640396,-550.2367294988184,462.7274646789271,af14838d15a6f416c599ece845bf5f64d7e84ada5a19a502e2a9002beec445f8,57ee6a53d42b56c889e27018aee571b04f74c8e3052bd4ae39d03be5b8a391c0,True,0,0.00312042236328125,0.0,0.2120513916015625,0.7848281860351562,0.00312042236328125,False,,conservar,medseg_0002.npz,pendiente de identificar pacientes,0.00311279296875,0.0,0.2120361328125,0.78485107421875,False
medseg_0003,medseg,3,True,-1146.938775510204,267.3469387755101,-576.8325649962134,474.6490640373472,6e450f532a9d18c35291240332d6aef10722df733500986ead7d2aa010c1780d,aa964e1cbb83232a4a3068f2dbc3427a08dbb2696b3fc28da29b729c437a1ba0,True,0,0.038677215576171875,0.02303314208984375,0.0846099853515625,0.8536796569824219,0.061710357666015625,False,,conservar,medseg_0003.npz,pendiente de identificar pacientes,0.0387725830078125,0.023193359375,0.0850677490234375,0.85296630859375,False
medseg_0004,medseg,4,True,-1061.5378824813831,262.0646220736662,-348.66321102893187,402.1301295456607,f69f1e777ca706b8cf89774315eeda3b6f7cb838074a46e7e8368029159e53fc,e286ce61788bb027b5c6eb7b8656e3b0c857a921f2b59f55d5e9b898862f186c,True,0,0.0248260498046875,0.0,0.4337120056152344,0.5414619445800781,0.0248260498046875,False,,conservar,medseg_0004.npz,pendiente de identificar pacientes,0.0249786376953125,0.0,0.433868408203125,0.5411529541015625,False
medseg_0005,medseg,5,True,-1085.8614185323559,269.2274338484715,-321.3656196392382,405.11991489892426,02479e03dc9c5a222e43fab04f92274caa1e73f48b5dbaa138e8e30e7b6a4f37,e97fc49efd64c3a849acd18119729137fd2c901de267fc2041726204a0f8780c,True,0,0.017749786376953125,0.0,0.3854866027832031,0.5967636108398438,0.017749786376953125,False,,conservar,medseg_0005.npz,pendiente de identificar pacientes,0.0177459716796875,0.0,0.386199951171875,0.5960540771484375,False
medseg_0006,medseg,6,True,-1297.887323943662,318.30985915492965,-649.597495710346,439.9338189796321,65363fcd71d60b2718d745804b4bedead47350651be760550ff8719b9dc7ff2c,6d4db4817c4a5683130bea70e253d4ab08e1f5d6598e9cff42b574800cb5fb2f,True,0,0.011981964111328125,0.011493682861328125,0.1384124755859375,0.8381118774414062,0.02347564697265625,False,,conservar,medseg_0006.npz,pendiente de identificar pacientes,0.0121002197265625,0.0115509033203125,0.1386260986328125,0.8377227783203125,False
medseg_0007,medseg,7,True,-1206.9701180569532,160.22064141634064,-123.84652053114189,230.7811309026026,0e77744c269c227d1df5b141ae727ddd3dffe3f1a6b6ab109418a928b8c34301,1f4f6181298a7f95f29d4693f6694e1b6002927db66b68f70a97a4683f921d09,True,0,0.10808944702148438,0.1509552001953125,0.034488677978515625,0.7064666748046875,0.2590446472167969,False,,conservar,medseg_0007.npz,pendiente de identificar pacientes,0.1083221435546875,0.1510162353515625,0.034454345703125,0.706207275390625,False
medseg_0008,medseg,8,True,-1387.5,203.18639891859016,-409.4215412317574,498.7002051909981,568eb77cb9320b72b057d77250d55c5329bbabe11677ca77f2c2d106f899f508,e46f611888850724057a7ffc49db8a2af2c33f01cb31d79a08ee175569a7ccd2,True,0,0.18467330932617188,0.00644683837890625,0.142486572265625,0.6663932800292969,0.19112014770507812,False,,conservar,medseg_0008.npz,pendiente de identificar pacientes,0.1848907470703125,0.00634765625,0.14166259765625,0.6670989990234375,False
medseg_0009,medseg,9,True,-1117.8571428571306,92.85714285714289,-545.1420647757394,446.449630499428,0fcbeb64f214a8335ab37d5a4a560491dae8ec469dcf639564bde96601954167,2de082b39603593e93da3327e85a0d8bbbe3c85d3b1cfe434255a9db52ddfa7a,True,0,0.07939529418945312,0.02574920654296875,0.031604766845703125,0.863250732421875,0.10514450073242188,False,,conservar,medseg_0009.npz,pendiente de identificar pacientes,0.0793609619140625,0.025848388671875,0.0321502685546875,0.862640380859375,False
medseg_0010,medseg,10,True,-1089.4561431438913,223.36451565972948,-455.4439259579592,457.67657272892126,004b71ca0e788b6fdcbbc85adb55dd104aa83a0fc187b71d9de9d1a27ea92da5,c06031e8aa4da43b74eb2b00ad4ae6663d4e869ee1d23708878b03fa112a8ab7,True,0,0.0211181640625,0.03314208984375,0.5182342529296875,0.4275054931640625,0.05426025390625,False,,conservar,medseg_0010.npz,pendiente de identificar pacientes,0.0211029052734375,0.0331573486328125,0.51800537109375,0.427734375,False
medseg_0011,medseg,11,True,-1458.9403973509934,57.73085122862062,-648.9025643846744,570.7050994823653,57bd118833f30bc9a3ca201bcc6711e80a3fd1b7e3f605ff7c5e36b02769af2e,d387b06d6110ed768034fac66497ab6ceca29a9172f1e6043664ddc168b221bb,True,0,0.07879257202148438,0.001399993896484375,0.069091796875,0.8507156372070312,0.08019256591796875,False,,conservar,medseg_0011.npz,pendiente de identificar pacientes,0.0788116455078125,0.001373291015625,0.069427490234375,0.8503875732421875,False
medseg_0012,medseg,12,True,-1081.8181818181818,290.20979020979007,-591.9515916517564,490.5470118911224,b1cb211acfca660fd2270678de71f1716f8c8862f612b73974e22663a5df80e3,7f670c410ef1b841af177d006e43e29dec87ae531b917076fa930577a77f61ec,True,0,0.03900146484375,0.0073394775390625,0.06975555419921875,0.8839035034179688,0.0463409423828125,False,,conservar,medseg_0012.npz,pendiente de identificar pacientes,0.039031982421875,0.00738525390625,0.069976806640625,0.88360595703125,False
medseg_0013,medseg,13,True,-1160.6500009484187,394.700999033847,-291.86709114220605,433.2719684333335,cbb8f49cf099a4a662e8cf83a50dbd839eb5b1bf07596edf415b2fb72e838761,20e3b36219ee330120900ad63b2eee659cb9edd039081dd7e76434e3e5d33d79,True,0,0.05442047119140625,0.0,0.3458671569824219,0.5997123718261719,0.05442047119140625,False,,conservar,medseg_0013.npz,pendiente de identificar pacientes,0.054351806640625,0.0,0.345672607421875,0.5999755859375,False
medseg_0014,medseg,14,True,-1078.760408115061,253.18769628843688,-337.07209649746176,444.756493241817,ceb9893a34447e5ee82f92c06eb2b30727e91415b2cbcfb9237c91215c89f852,fdd5acc90c795e2e39bb4a97535c69e35026d4a64fb06730000246754db6bb9c,True,8,0.014865875244140625,0.0178985595703125,0.2123260498046875,0.7549400329589844,0.032764434814453125,False,,conservar,medseg_0014.npz,pendiente de identificar pacientes,0.01495361328125,0.0181121826171875,0.2130584716796875,0.753875732421875,False
medseg_0015,medseg,15,True,-1295.5063909934722,200.34457221229331,-510.1762589733049,492.0904597844126,a68940f6f187ebfb6cb0c7c0d76a3687c413c29dafec1d29ec420ff3315fe870,197f7ca9f4bf1a92308dd5ffb4e136d7c69ba213c35d38f7a672cbc0beca7ebf,True,0,0.0,0.10205078125,0.16623687744140625,0.7317123413085938,0.10205078125,False,,conservar,medseg_0015.npz,pendiente de identificar pacientes,0.0,0.1018829345703125,0.166351318359375,0.7317657470703125,False
medseg_0016,medseg,16,True,-1066.641514195038,245.50063436770597,-327.24021220524287,392.3645872568616,8560649b88559e85e1d15f78ece6aed07dbd1303d82f689471925d0321ab00c1,04d156afa550cb1730ceea699392165977bcade16104a00f024aff9e35376a4a,True,0,0.0091094970703125,0.006595611572265625,0.38251495361328125,0.6017799377441406,0.015705108642578125,False,,conservar,medseg_0016.npz,pendiente de identificar pacientes,0.0092010498046875,0.0065460205078125,0.3829803466796875,0.6012725830078125,False
medseg_0017,medseg,17,True,-1070.997175016377,264.2075837796642,-350.0055404153476,410.43983615100086,5d5347c9555974456336d6376f0475fc16d1382fdcbd77f4452c1cca71091243,7c410f9f05eaa6dabb33a33bfd8f987a14859d9355591bfb7339b978fad09e71,True,0,0.024059295654296875,0.0,0.4405975341796875,0.5353431701660156,0.024059295654296875,False,,conservar,medseg_0017.npz,pendiente de identificar pacientes,0.024169921875,0.0,0.4402618408203125,0.5355682373046875,False
medseg_0018,medseg,18,True,-1118.93566953306,364.0244548376695,-356.6280264251857,444.6998932050198,3d420fa194d18b355686f36d8a1194234188471a89c61fb732dc3a1c0a2d3261,f49bce37f0c58830a1181b75d2bca8baa46b4c923df9461a1d73abb18b500075,True,0,0.012569427490234375,0.01496124267578125,0.21837997436523438,0.75408935546875,0.027530670166015625,False,,conservar,medseg_0018.npz,pendiente de identificar pacientes,0.0126495361328125,0.0148773193359375,0.2189483642578125,0.7535247802734375,False
medseg_0019,medseg,19,True,-1096.2994066379588,395.6521739130435,-151.84230679357876,407.11781826339256,e3630d83a29400e21c1fd6909d370a6e9f9daec2452492bb7a2bd761027453d0,36e3dcfa06124771f9e4bbc12ad82afe32fa2d99cc910baf35e7b4bb6db056e5,True,0,0.0913238525390625,0.05402374267578125,0.16066741943359375,0.6939849853515625,0.14534759521484375,False,,conservar,medseg_0019.npz,pendiente de identificar pacientes,0.091217041015625,0.054046630859375,0.1607666015625,0.6939697265625,False
medseg_0020,medseg,20,True,-1031.1890394063055,380.4697650876542,-403.0525215740109,468.4382519221903,5b212768461c5ba757a9942f397ee11c630e2cb5f7ebfb2418247ff651830376,bea3d7b14f9254b786a789d9d49faa9b98be1724571113f21ad2de971ad2fb9d,True,0,0.029041290283203125,0.001140594482421875,0.19884109497070312,0.7709770202636719,0.030181884765625,False,,conservar,medseg_0020.npz,pendiente de identificar pacientes,0.0290985107421875,0.0011444091796875,0.1995086669921875,0.7702484130859375,False
medseg_0021,medseg,21,True,-1376.595744680851,246.555160777717,-366.8892110669389,444.0829258606091,e575694a484c308cf1c98c3a67722330f8f2f74eeb0bdfcb73817cfa24d8d4a1,cef323f258e8cebd244f66099baed145a4d5bf6411c7dd326709c7a452c44adc,True,0,0.05754852294921875,0.001129150390625,0.3706855773925781,0.5706367492675781,0.05867767333984375,False,,conservar,medseg_0021.npz,pendiente de identificar pacientes,0.0574798583984375,0.001129150390625,0.3712921142578125,0.570098876953125,False
medseg_0022,medseg,22,True,-1404.3478260869565,257.6822972838363,-321.7354281921548,468.99225530226073,2cb106080a46cbac702ea80db381d8a3ea4a8dfd4af390e45a236275bfb69d1e,f1dcc54b52458dbfccc4297c70d57270b0e415914d6d8809f337c62b596066b6,True,0,0.0,0.000774383544921875,0.032100677490234375,0.9671249389648438,0.000774383544921875,False,,conservar,medseg_0022.npz,pendiente de identificar pacientes,0.0,0.0007781982421875,0.0321044921875,0.9671173095703125,False
medseg_0023,medseg,23,True,-1362.4161073825503,177.85234899328862,-576.1990719970624,604.8112970929326,c1e8f6e40cab08d2f5f1f77dbca2af54f64b2a757ca233edc8f9bf273b8e9782,864e9f0d52b796841c9fc8b1379dd0e4e45c322a635efae706a7d8c8c8966653,True,0,0.01499176025390625,0.10368728637695312,0.053272247314453125,0.8280487060546875,0.11867904663085938,False,,conservar,medseg_0023.npz,pendiente de identificar pacientes,0.014801025390625,0.1038970947265625,0.0538177490234375,0.827484130859375,False
medseg_0024,medseg,24,True,-1097.5187922963312,240.09611874348275,-426.35392788668264,470.6297953531918,0e99d2c4f5bd29cf35265c3ef0e6b25e02ff0f7a3c873ff7886d480e793334d0,2f3cc02520b70a69c4f82857b7d5b2d0a745a40eac22f98c8722fdb6f97c6dea,True,0,0.002780914306640625,0.004398345947265625,0.2691917419433594,0.7236289978027344,0.00717926025390625,False,,conservar,medseg_0024.npz,pendiente de identificar pacientes,0.002716064453125,0.00433349609375,0.2697601318359375,0.7231903076171875,False
medseg_0025,medseg,25,True,-1380.8581402427294,107.23684210526335,-476.9507432614534,409.9714367570934,161c837a3c8e0f479825b89041415f2e71876de7efd24f42e9fbc6dff6a13d97,73a5c8fddf746d00642a8e137dcc6ac759da045b4d6944525cfdb6334d129bfd,True,0,0.09749603271484375,0.0,0.2689781188964844,0.6335258483886719,0.09749603271484375,False,,conservar,medseg_0025.npz,pendiente de identificar pacientes,0.09747314453125,0.0,0.26776123046875,0.634765625,False
medseg_0026,medseg,26,True,-1295.8041958041958,309.090909090909,-641.3539352950517,440.0287725366241,446f43615b8770f9fe8bf50b054479865f20c19302b5a1489ceae01e38cdd4dc,a15c291b4f12e53a292c24bcc8d6b89d8644f73d8cb6d3be2d6380b5c1782129,True,0,0.01061248779296875,0.008571624755859375,0.150054931640625,0.8307609558105469,0.019184112548828125,False,,conservar,medseg_0026.npz,pendiente de identificar pacientes,0.010650634765625,0.0085601806640625,0.15008544921875,0.8307037353515625,False
medseg_0027,medseg,27,True,-1295.8041958041958,309.090909090909,-638.1753427999002,442.4138719361186,3378ec63ea9225d274017ee65dacdbee22ad1e811aaa08aeb706ce564fe083c2,b8670fee65fd0059327cef095a192617fef463ae9c54a9af7818a4456f84205b,True,0,0.00890350341796875,0.00408172607421875,0.14442062377929688,0.8425941467285156,0.0129852294921875,False,,conservar,medseg_0027.npz,pendiente de identificar pacientes,0.0089874267578125,0.0040740966796875,0.144073486328125,0.842864990234375,False
medseg_0028,medseg,28,True,-1075.5244755244755,296.50349650349654,-581.5546262514341,497.7024345062876,19e617052ab0df51d0b9d05b1525e157b2b281016953344a88d1f994053325f7,448e2ec59736402a9acdee0aefb05f8c39f9aba4afcd5e4a81a7c0f68cd68eb4,True,0,0.032623291015625,0.008518218994140625,0.0563507080078125,0.9025077819824219,0.041141510009765625,False,,conservar,medseg_0028.npz,pendiente de identificar pacientes,0.0327301025390625,0.00848388671875,0.05657958984375,0.9022064208984375,False
medseg_0029,medseg,29,True,-1440.14598540146,231.38949355543946,-455.9012878576531,544.4382892982536,4d59210832e6320c581ad0f4cca4b30ca5def89ac69391081823c03521079063,1e7507b015e0175486745a4e7ff40120ef3653c36d4dfb46f79e63723b1c34c1,True,0,0.18273162841796875,0.0,0.09178924560546875,0.7254791259765625,0.18273162841796875,False,,conservar,medseg_0029.npz,pendiente de identificar pacientes,0.182830810546875,0.0,0.0905914306640625,0.7265777587890625,False
medseg_0030,medseg,30,True,-1204.509850817146,26.50660255281332,-351.8520990278556,444.46187529356956,1db590d7ab30e883e4559fbc2ab9ea9e627c71b1b55dcfee46795761e4d234aa,f14519c77e1c241577330f5f2728f11cfe7be2ddf9cf65010833c12cdad5a51c,True,0,0.01334381103515625,0.07897567749023438,0.1467132568359375,0.7609672546386719,0.09231948852539062,False,,conservar,medseg_0030.npz,pendiente de identificar pacientes,0.0135040283203125,0.078948974609375,0.1472625732421875,0.760284423828125,False
medseg_0031,medseg,31,True,-1204.6293063457272,384.2901350955451,-336.5496758838609,433.78667872715704,155784b70b27492e6e1e7270e208a5b3e3cb426db3f72c7bce9dc6ab21ad6ffe,86bb233959fb4433256b8995ce0ff31b2b80dbef8894a849adb81b3e1c56cc24,True,0,0.047760009765625,0.01016998291015625,0.36125946044921875,0.580810546875,0.05792999267578125,False,,conservar,medseg_0031.npz,pendiente de identificar pacientes,0.0477294921875,0.0101776123046875,0.3617095947265625,0.58038330078125,False
medseg_0032,medseg,32,True,-1034.7369317811053,154.3924746779801,-185.2593194990617,265.4628824387174,5295619629c5f31638a73c84058a3d2a508b0df8ce24eadd9bd1402d4b08953b,688bf47102d7adf609d4664faa3ba0ee7f74c670cd139408158ab4ed260939af,True,190,0.02288055419921875,0.19585037231445312,0.09698867797851562,0.6850051879882812,0.21873092651367188,False,,conservar,medseg_0032.npz,pendiente de identificar pacientes,0.022857666015625,0.195556640625,0.0984954833984375,0.6830902099609375,False
medseg_0033,medseg,33,True,-1377.2058823529412,307.86156717476547,-277.6631233452438,477.10174006453065,c7dd2021b31ce75c206bcba1542c7524b6630b20c8421b0665bd521c1f778e08,938836634b1db7f5b4f8be26829801be7f2029878761bcd1bedd6ecb1e4a0dd2,True,0,0.0280609130859375,0.0,0.294158935546875,0.6777801513671875,0.0280609130859375,False,,conservar,medseg_0033.npz,pendiente de identificar pacientes,0.0281219482421875,0.0,0.2956695556640625,0.67620849609375,False
medseg_0034,medseg,34,True,-1025.7142857142858,285.66485348655465,-313.94204119963416,412.739767499838,85f6e4ae3e9e7235e34527f912b01ce8977f990272056a4c13b03de8b843b516,4cde054e0b8f27e549ca1a689a2179aeb246beb52b1a27db3fcb09c5c7fae0be,True,0,0.0169219970703125,0.03167724609375,0.29329681396484375,0.6581039428710938,0.0485992431640625,False,,conservar,medseg_0034.npz,pendiente de identificar pacientes,0.0169219970703125,0.031646728515625,0.2943115234375,0.6571197509765625,False
medseg_0035,medseg,35,True,-1379.591836734694,179.53441843507653,-546.7433281207732,501.17017769483056,7dbf31ab6a71b7ce0b3603cae6dd0cde54c2475419b5a861fd3d51b9dba62896,289b8a91c2b810f6f4b77ac5e24c23fde883d9d4152e4fe8920e8ee9e127f38f,True,0,0.009002685546875,0.036876678466796875,0.33399200439453125,0.6201286315917969,0.045879364013671875,False,,conservar,medseg_0035.npz,pendiente de identificar pacientes,0.0089874267578125,0.0368194580078125,0.3338470458984375,0.6203460693359375,False
medseg_0036,medseg,36,True,-1049.0214164295994,230.84939890027476,-276.874074799081,432.9292089907044,ad9e6dc0af4b68dec750194f25b5de0661f64b7ce94cd37ad02b3131cce501e3,18dd7ba3a215d375f2a07723362d693ce40eb847a9b9e1faf844b39e16f991c1,True,0,0.01418304443359375,0.02875518798828125,0.096282958984375,0.86077880859375,0.042938232421875,False,,conservar,medseg_0036.npz,pendiente de identificar pacientes,0.01422119140625,0.028717041015625,0.0968017578125,0.860260009765625,False
medseg_0037,medseg,37,True,-1433.0827067669172,288.13414129356056,-365.28992045584573,485.6228911563226,98162251c08ddd7a9ae3c84c85b7d37e171857f34131458c714e8bb4604251f6,5b748756f0d828db41da7d75b547d569f98924fbdf29fbfa2ea3f2eabe7fe67f,True,0,0.01912689208984375,0.016231536865234375,0.34055328369140625,0.6240882873535156,0.035358428955078125,False,,conservar,medseg_0037.npz,pendiente de identificar pacientes,0.01904296875,0.0162506103515625,0.34088134765625,0.6238250732421875,False
medseg_0038,medseg,38,True,-1606.5217391304348,55.90266294593334,-443.28937851704393,480.8418861983266,16fa4a1e7812b14b432a4e207fdb0e6b22a8343842b210371dfcf19a015a6f78,04ef2adaf95425413be8c2dc857ff3e187c8118c16b1890ea5d35fa86c212be9,True,0,0.022003173828125,0.02831268310546875,0.28884124755859375,0.6608428955078125,0.05031585693359375,False,,conservar,medseg_0038.npz,pendiente de identificar pacientes,0.02215576171875,0.0284881591796875,0.2888946533203125,0.66046142578125,False
medseg_0039,medseg,39,True,-1183.3026814288626,168.210257022492,-137.38662127318528,217.47063981607118,7c8925dfc4100d59f2cae0552de3443189e99794206a3d84b42936a56b412ffc,649b6ac45fb2011b90f1f8817fee582af96976d977a49e3c23ca21c568d3bb90,True,40,0.04278564453125,0.028781890869140625,0.18561553955078125,0.7429695129394531,0.07156753540039062,False,,conservar,medseg_0039.npz,pendiente de identificar pacientes,0.042755126953125,0.0288543701171875,0.186737060546875,0.7416534423828125,False
medseg_0040,medseg,40,True,-1133.4699779911514,126.05506418931145,-428.78558223418764,455.28220607548235,605eb2b38f6af9e51661300376619bddb2cc8e304fd3aacc7db30f4c8e28420b,219cccb3d1e4e500f341aab7bd1bf6cf67b367726a7ea27670209a3540741a20,True,0,0.00984954833984375,0.01038360595703125,0.19661331176757812,0.7831535339355469,0.020233154296875,False,,conservar,medseg_0040.npz,pendiente de identificar pacientes,0.00994873046875,0.0102996826171875,0.19671630859375,0.7830352783203125,False
medseg_0041,medseg,41,True,-1352.4475524475524,252.44755244755243,-662.0707505232805,535.5354669774599,e1f2381e7c8d1f84af295cfbb2a69b96ed500a0cfe0f0f96084565b0b8f208d4,e554d1b38f940335cfa374ad565f0c52bcc4941ad3726071cc62529dc850fe54,True,0,0.07627105712890625,0.0,0.08639907836914062,0.8373298645019531,0.07627105712890625,False,,conservar,medseg_0041.npz,pendiente de identificar pacientes,0.07647705078125,0.0,0.08612060546875,0.83740234375,False
medseg_0042,medseg,42,True,-1392.6425579431912,125.0,-517.5117096302602,415.137305249495,a36012fca67df9f80b5bf18febbed14295127324eec8e9caf27561958123cd04,66068533151486d2eee207919d2d79f1759bc43f15244cec9610729ef1b9601e,True,0,0.08753204345703125,0.0,0.2754173278808594,0.6370506286621094,0.08753204345703125,False,,conservar,medseg_0042.npz,pendiente de identificar pacientes,0.0873260498046875,0.0,0.2748565673828125,0.6378173828125,False
medseg_0043,medseg,43,True,-1064.1250004618018,237.58357367706708,-426.88492687439003,461.5166039719752,584e03b848ceaf7f8c1388e4dcd4e8f47f1764d574e57c6cb2b589c2d56a79cf,d5c545faf6ef685a705f48e624a789739a831523c303104bbb3715818b461edd,True,0,0.0253753662109375,0.0191192626953125,0.48203277587890625,0.47347259521484375,0.04449462890625,False,,conservar,medseg_0043.npz,pendiente de identificar pacientes,0.0253448486328125,0.0191802978515625,0.48211669921875,0.473358154296875,False
medseg_0044,medseg,44,True,-1051.0114082306072,258.61221948374236,-319.8512935389804,398.40493217120434,92a8ba5f96db9ebc6e87dadb29706fd302e30cc2b9fab23fe91779c1a1c69c0c,ac905f6dc258d8e0f92e3f3fd5591064a1e94bf39c197202638afed6900d67c1,True,0,0.00641632080078125,0.005496978759765625,0.3746223449707031,0.61346435546875,0.011913299560546875,False,,conservar,medseg_0044.npz,pendiente de identificar pacientes,0.0064239501953125,0.0055084228515625,0.3745880126953125,0.6134796142578125,False
medseg_0045,medseg,45,True,-1360.0,403.3774463009347,-275.5572858366003,422.0693681208064,7fb9f9ac65f551f05d1b5bf31f041cf142c6ae3459f4f269928ed714c6796d3b,98436df25718db09d68cb8d419f4fc4ec2a9154330248a71e49b93aaa63fe609,True,0,0.03923797607421875,0.002170562744140625,0.2944068908691406,0.6641845703125,0.041408538818359375,False,,conservar,medseg_0045.npz,pendiente de identificar pacientes,0.039215087890625,0.0021209716796875,0.2943878173828125,0.664276123046875,False
medseg_0046,medseg,46,True,-1074.568727599772,266.58877718132067,-333.6817051097006,408.4452888930391,2bafe9fc6a19071e49930f67010c2287c07c2e415eafe91af369df7ccf579721,d5fbf614e81e07fee9015f69478b1af6c7171188547c94843216abc1e3ad99db,True,0,0.0147247314453125,0.0,0.40584564208984375,0.5794296264648438,0.0147247314453125,False,,conservar,medseg_0046.npz,pendiente de identificar pacientes,0.01470947265625,0.0,0.40643310546875,0.578857421875,False
medseg_0047,medseg,47,True,-1173.0415248433803,28.928488518677113,-372.0578779061817,437.6927670801581,431e321fa94e9b2e420a25937857d3c087f3df8a60a1b7069abe4711e4abf11c,3fa85da23ce79534d58f8946d492c454f958ff7142cd443235af249f253be816,True,116,0.056118011474609375,0.023303985595703125,0.07994461059570312,0.8410758972167969,0.0794219970703125,False,,conservar,medseg_0047.npz,pendiente de identificar pacientes,0.056182861328125,0.023345947265625,0.0806427001953125,0.8398284912109375,False
medseg_0048,medseg,48,True,-1092.2205324224774,259.3473419575025,-407.0041745399964,451.36517107072405,f6f1225ce3c8548a4c9539745641cadee3125a360ae4f7e05e48d2fedd974644,c8897d189a98cea8218080d23ba2b79f262deba5164fdea2a5b3338a1d6b21d9,True,0,0.0,0.0,0.36673736572265625,0.6332626342773438,0.0,False,,conservar,medseg_0048.npz,pendiente de identificar pacientes,0.0,0.0,0.368194580078125,0.631805419921875,False
medseg_0049,medseg,49,True,-1248.6842105263158,261.18421052631584,-926.63100142228,491.3593693071463,453edea55f0a876dad35f17f455aaa88bf59f2a32d3e68859df9786bd6c70078,998be2f61c79e02af12b95247eedc781b01158d0c2b63f44b0e3c443a3789bd8,True,0,0.019458770751953125,0.00203704833984375,0.0543365478515625,0.9241676330566406,0.021495819091796875,False,,conservar,medseg_0049.npz,pendiente de identificar pacientes,0.01947021484375,0.0019989013671875,0.05450439453125,0.9240264892578125,False
medseg_0050,medseg,50,True,-1200.7692307692225,294.61538461538476,-645.3945776132437,505.1015511081958,f1ffa426df1c84a9416d94a4379338de996d937a75825320c5196054dae56a71,9f814f2ec5e4b0f2db7a6eaea23f056c63aede3e8b64b9e149d6c504e2ce51d2,True,0,0.023654937744140625,0.0017242431640625,0.13698196411132812,0.8376388549804688,0.025379180908203125,False,,conservar,medseg_0050.npz,pendiente de identificar pacientes,0.02374267578125,0.00177001953125,0.136871337890625,0.837615966796875,False
medseg_0051,medseg,51,True,-1194.7382897146904,520.2744622843657,-249.74135192247326,404.7256451973251,4ecd806f52c8f18b8d8084a748f01e6c05b45d62ae54527c66e738c205fbfa17,fae753c9c1e08c1dd2c9d7d506a83151c40f056599a69d7b208086e824035904,True,0,0.15571975708007812,0.04724884033203125,0.19992828369140625,0.5971031188964844,0.20296859741210938,False,,conservar,medseg_0051.npz,pendiente de identificar pacientes,0.155731201171875,0.0471649169921875,0.200164794921875,0.5969390869140625,False
medseg_0052,medseg,52,True,-1164.8854961832062,587.0229007633588,-638.8625953033679,514.057946415704,e443029959d489299b7a0c40c5b4eec2b0427dd25522000480cfcf422300f693,e5252aa55781d555a25e8ac47955e3f4dc0919ff142798f0fdaca300070f3080,True,0,0.014461517333984375,0.00302886962890625,0.07033538818359375,0.9121742248535156,0.017490386962890625,False,,conservar,medseg_0052.npz,pendiente de identificar pacientes,0.0145111083984375,0.0030517578125,0.0706024169921875,0.911834716796875,False
medseg_0053,medseg,53,True,-1397.0588235294117,286.1809932354124,-354.29050080595545,468.3350131573937,38d1d1d198b0b4318ed45e73976179de5b126198072f6f3b31d4af8b39449916,8e1c33678cf20f9efbc248bc0f4bdfd67411d2022bdc45c90270f76504e81f13,True,0,0.14560317993164062,0.001392364501953125,0.2902641296386719,0.5627403259277344,0.14699554443359375,False,,conservar,medseg_0053.npz,pendiente de identificar pacientes,0.1456298828125,0.0013885498046875,0.2908172607421875,0.562164306640625,False
medseg_0054,medseg,54,True,-1341.3793103448274,241.37931034482767,-609.2412172514817,556.3308503722168,2238baf887656276e0d22b283b41a1138a54e33cfc82d02aeac890a4e791c5ec,b1d1e55e5848d8a12a86eca732620c02a12cd87be87fc90d74e363a6d9f8fc7b,True,0,0.0,0.05224609375,0.025707244873046875,0.9220466613769531,0.05224609375,False,,conservar,medseg_0054.npz,pendiente de identificar pacientes,0.0,0.052215576171875,0.025848388671875,0.92193603515625,False
medseg_0055,medseg,55,True,-1409.090909090909,193.12642709453462,-413.7278078177631,511.7000073089428,4b324ebddcbb39a6def66ed8cd24f1d8afdc97e9204eed7d8921dc0a4be562dc,0377130ae31bea778773d4e63e927dee0aecbec0d65f0095a1842adbe6b52c25,True,0,0.12383651733398438,0.00046539306640625,0.08799362182617188,0.7877044677734375,0.12430191040039062,False,,conservar,medseg_0055.npz,pendiente de identificar pacientes,0.1234283447265625,0.00048828125,0.08953857421875,0.7865447998046875,False
medseg_0056,medseg,56,True,-1069.6334063486102,257.54888400996765,-314.7838601946542,396.7082039556703,e1826e29cf3b3ac5847e2fc84341bb7108dfb2bbae5c3363876d5a2468b5118c,3fe069bd08a9d5332b62f9c2a3f953c544de72aaa94c0982f33c032794ad07a2,True,0,0.011547088623046875,0.003139495849609375,0.3071784973144531,0.6781349182128906,0.01468658447265625,False,,conservar,medseg_0056.npz,pendiente de identificar pacientes,0.0116424560546875,0.0032501220703125,0.3072509765625,0.6778564453125,False
medseg_0057,medseg,57,True,-1365.7798073508523,98.70129870129881,-508.71041935842857,396.0776101327634,265d91000d1d56a9f8071e9ce0c09acae3ca952f83e136f5e3bdc01940b6f8a7,06852e859f943edef8e0d366155ed6f22a7b8baa90e09bab66df50a78159b1a6,True,0,0.09941864013671875,0.00038909912109375,0.3072090148925781,0.5929832458496094,0.0998077392578125,False,,conservar,medseg_0057.npz,pendiente de identificar pacientes,0.099456787109375,0.0003814697265625,0.30712890625,0.5930328369140625,False
medseg_0058,medseg,58,True,-1053.9672747891025,384.61538461538476,-187.2014587787016,414.92087917962056,b6a4f3e5150421c2cc35b2de541fc614d5ac26cbdd5155a9a2892981c96f1b4a,a1485982cd4523f8dfe618c694c492f3c7b93f846c5bb017034bdc6b563fa51b,True,0,0.102203369140625,0.022891998291015625,0.195556640625,0.6793479919433594,0.12509536743164062,False,,conservar,medseg_0058.npz,pendiente de identificar pacientes,0.1025543212890625,0.0228118896484375,0.1956787109375,0.678955078125,False
medseg_0059,medseg,59,True,-1444.155844155844,41.758435989748705,-628.6227090924026,553.0233663789636,a768a6e8c6d0a156879bb5e6c8757001a91b63c1b0b5da26663c67b3641354cf,f6a8e15a5fdc5736dbd3b5850e7367bd902dfaf080868e19a253287f406b363e,True,0,0.1408843994140625,0.004184722900390625,0.08412551879882812,0.7708053588867188,0.14506912231445312,False,,conservar,medseg_0059.npz,pendiente de identificar pacientes,0.1410369873046875,0.0041656494140625,0.0838470458984375,0.7709503173828125,False
medseg_0060,medseg,60,True,-1307.8947368421052,199.29939307528548,-316.25594814369845,401.6309100107058,2dfeea16a7d3548237fa57cced04ce43bf72ecd0de19bb90d6b71a3207fccac4,174ae5855b8ab091a4ece56a572ec9f617b6a869f9d0856e6e4cfd76f54792cd,True,0,0.23528289794921875,0.020580291748046875,0.11736679077148438,0.62677001953125,0.2558631896972656,False,,conservar,medseg_0060.npz,pendiente de identificar pacientes,0.2355804443359375,0.02056884765625,0.1168060302734375,0.627044677734375,False
medseg_0061,medseg,61,True,-1094.7012952946636,271.85208509491576,-297.27507097550694,404.30973741395934,b54416476d60ae15f611d8a020cb3dcf72c3d688d164771026b341d22014b6d3,cc1c8f7d3da62fa9af2b5c1e0f3e1e8b15446628651fa86a4a8d32121ade9060,True,0,0.015483856201171875,0.001842498779296875,0.350006103515625,0.6326675415039062,0.01732635498046875,False,,conservar,medseg_0061.npz,pendiente de identificar pacientes,0.01544189453125,0.0018310546875,0.3506622314453125,0.6320648193359375,False
medseg_0062,medseg,62,True,-1358.7412587412587,246.14699015804104,-1021.4199630163671,469.29634444362296,6b67b63116405b782157faf8347369c61b136dcf557437d4a9b434290700ccac,cd31b5c3f32577cc5f4db2adbc4ae294189f35db46bdafe3d5b1539f1a05d390,True,0,0.013523101806640625,0.0,0.07077789306640625,0.9156990051269531,0.013523101806640625,False,,conservar,medseg_0062.npz,pendiente de identificar pacientes,0.0135650634765625,0.0,0.0708465576171875,0.91558837890625,False
medseg_0063,medseg,63,True,-1373.4693877551022,187.75510204081615,-687.8648685625438,573.5335898352542,99435fd17e7a03c9c6a8d9aa33c6d2a5127b53e1981e323344dc04420eb61e27,5309de971a896636e6c2a6a892e888e633eb9da6d46f4193de96bad1f74c421e,True,0,0.01761627197265625,0.004795074462890625,0.21148681640625,0.7661018371582031,0.022411346435546875,False,,conservar,medseg_0063.npz,pendiente de identificar pacientes,0.017547607421875,0.004730224609375,0.211883544921875,0.765838623046875,False
medseg_0064,medseg,64,True,-1078.165246666942,266.6601450746566,-300.0295218297049,406.8639525790428,b27a122dcbdad0f54e8e7299cb04fc094ddfda1b50fcc92387e4593fed478c20,9d45f67181030f080ce535e07a0395e9620cfb66f3e95d1c7ff449ad0f6a27a3,True,0,0.0062408447265625,0.0,0.3720703125,0.6216888427734375,0.0062408447265625,False,,conservar,medseg_0064.npz,pendiente de identificar pacientes,0.0062408447265625,0.0,0.3718719482421875,0.62188720703125,False
medseg_0065,medseg,65,True,-1078.582772437264,127.77328633311117,-412.0011942234721,443.5102723534187,b32b0c5cab55240889657c7e29bc488983c69377bad73b7406a25e32b06378f7,52046ce5c69c0b2da57ec24f82799c4ba2ba4882816a9970dcf41dd55f1f35b7,True,0,0.027919769287109375,0.001598358154296875,0.17448043823242188,0.7960014343261719,0.02951812744140625,False,,conservar,medseg_0065.npz,pendiente de identificar pacientes,0.027923583984375,0.0015716552734375,0.1744537353515625,0.796051025390625,False
medseg_0066,medseg,66,True,-1379.591836734694,181.63265306122435,-559.9624555938098,574.3149559720237,0881700ef0a1ff67d3c9b3bfdc8ded571ac7220dc22e5c2ca1e7e21cd5ca4ccd,e89ce1d7cb6ffa77dec3c2f3df38680aaac3bfebeeeb256c07870ae67838c2a1,True,0,0.0079803466796875,0.00481414794921875,0.20792388916015625,0.7792816162109375,0.01279449462890625,False,,conservar,medseg_0066.npz,pendiente de identificar pacientes,0.0079498291015625,0.004852294921875,0.2081298828125,0.7790679931640625,False
medseg_0067,medseg,67,True,-1374.496644295302,164.06499741288303,-563.1398102694875,491.9030012689222,50873a046e327e23301cae862911bd9ed6d33da821d411544fa49bfbadd13182,7604ccbbc5845ec7974d23ce214f0bdddc8706dcde56676f82e761d57d192f4a,True,0,0.021976470947265625,0.0261993408203125,0.3403282165527344,0.6114959716796875,0.048175811767578125,False,,conservar,medseg_0067.npz,pendiente de identificar pacientes,0.0220184326171875,0.026092529296875,0.3405303955078125,0.611358642578125,False
medseg_0068,medseg,68,True,-1364.8648648648648,185.81081081081084,-654.4157043656958,569.814635610187,d690c78b6a81bd88f86ede005b750d27651d9cc636e74a72f11f21d48a39defe,fd39528324fcb22abcfbf85f716c8ce6fa75b74787ce955686a79de08917e2a1,True,0,0.0283355712890625,0.01546478271484375,0.17176437377929688,0.7844352722167969,0.04380035400390625,False,,conservar,medseg_0068.npz,pendiente de identificar pacientes,0.028472900390625,0.01544189453125,0.1719818115234375,0.7841033935546875,False
medseg_0069,medseg,69,True,-1385.8417239423175,597.8046699576582,-153.11436229456453,403.4718511246338,e04d45acab141a84ff857e7bda247c1569c4c97baa45eca325328034847df117,63ab98f34211effadaf7366a8378ec71d1bdfc9631a1840e36506ef6593184ce,True,0,0.047863006591796875,0.08510589599609375,0.14771270751953125,0.7193183898925781,0.13296890258789062,False,,conservar,medseg_0069.npz,pendiente de identificar pacientes,0.0479583740234375,0.0852508544921875,0.1486358642578125,0.7181549072265625,False
medseg_0070,medseg,70,True,-1362.4161073825503,177.85234899328862,-463.90282551391687,502.26060824271013,0cb9b4ca5c2d60e0a4197df63f7d3d2bbed2c59cc900529d013a7f2e563d6c74,68c17d024a20ac217efdc91364b96eb191466cf583e7db96436cd19f19e23848,True,0,0.022182464599609375,0.042446136474609375,0.1722564697265625,0.7631149291992188,0.06462860107421875,False,,conservar,medseg_0070.npz,pendiente de identificar pacientes,0.0222930908203125,0.0423583984375,0.1728057861328125,0.762542724609375,False
medseg_0071,medseg,71,True,-1072.072380557269,391.4893617021278,-149.13076625387862,417.7108853250851,5acca37faa25ea7b6993b8f825abde325d0c74698e19571a58fbea4ffa55a3c2,0e2bc7b9024a406b40f95a05abfc19a95de944f3bc2dc71849c3af36ebfa8e46,True,0,0.08773422241210938,0.00534820556640625,0.15351486206054688,0.7534027099609375,0.09308242797851562,False,,conservar,medseg_0071.npz,pendiente de identificar pacientes,0.0875244140625,0.0054168701171875,0.1535797119140625,0.75347900390625,False
medseg_0072,medseg,72,True,-1376.027397260274,195.8904109589041,-381.9396664539331,510.82673263830105,77cc741ce1c46c28def85ca3ad50dc1a92a62df70f64b41a1128d313ebffcb40,89acf1cbd37cb3a467b63f49662376161a90be2bd08587e6f060657109cba36a,True,0,0.016330718994140625,0.08643722534179688,0.12429046630859375,0.7729415893554688,0.1027679443359375,False,,conservar,medseg_0072.npz,pendiente de identificar pacientes,0.01611328125,0.08624267578125,0.1244964599609375,0.7731475830078125,False
medseg_0073,medseg,73,True,-1341.3793103448274,241.37931034482767,-711.2026530298693,518.2507264694415,94e87eb638ca3810fcdc99a1aa95cf6df182b7da5d1108c98986a5cb6da4afc9,8fdb4bea21e1c6073c59cd34b4cbf8077fac0190fdf8f02e517fd840980e1b81,True,0,0.032917022705078125,0.0037384033203125,0.08726882934570312,0.8760757446289062,0.036655426025390625,False,,conservar,medseg_0073.npz,pendiente de identificar pacientes,0.0330963134765625,0.0037689208984375,0.0866241455078125,0.8765106201171875,False
medseg_0074,medseg,74,True,-1164.8854961832062,587.0229007633588,-554.3247921776225,540.0789819822733,17ac63aef8fa54c29700fe7b8389b56cacde567cb2bfdb62ccad91c7465bba34,649fc94a4ffbb78e14b85e298ae7a430122d9ee5e7768ff3031e3b19d4d6765c,True,0,0.009185791015625,0.00530242919921875,0.017276763916015625,0.9682350158691406,0.01448822021484375,False,,conservar,medseg_0074.npz,pendiente de identificar pacientes,0.0091705322265625,0.0052490234375,0.017425537109375,0.9681549072265625,False
medseg_0075,medseg,75,True,-1041.405155243421,397.38134714633975,-299.8216198312425,434.7029089373692,772ba7fec5cef3ebca6862a6a6d2f78b060fa31cfe9253617f294bee28555842,780a2d70c22f75863b1b8c5f3cd537a2466496ea2aaf0151410c06beb96aec8c,True,0,0.0347900390625,0.0191802978515625,0.2067718505859375,0.7392578125,0.0539703369140625,False,,conservar,medseg_0075.npz,pendiente de identificar pacientes,0.034698486328125,0.019073486328125,0.20654296875,0.73968505859375,False
medseg_0076,medseg,76,True,-1077.2495605779068,196.5648605234585,-149.25118599793672,245.5135352195546,f88f354509513b2c0bb5bf12c8e4bbff3d1d4343e958215e138f57ae06c0329b,ded657eef433a828dc054d83bb7acd6e42bfbd93c4cfa05eac732e9d136624a6,True,0,0.09550857543945312,0.031696319580078125,0.12876510620117188,0.7440299987792969,0.12720489501953125,False,,conservar,medseg_0076.npz,pendiente de identificar pacientes,0.0953826904296875,0.0319366455078125,0.129425048828125,0.743255615234375,False
medseg_0077,medseg,77,True,-1346.1538461538462,258.74125874125866,-614.08760230858,541.2917349542922,4f8a4d9faa08c4f1a96dfcd03608d9715b8bfb39010400dce310968f7b6fa35e,751534b84300bc3bd9659ad7e9001b4d3f18c57ce992d1115ef347bfca4dddd8,True,0,0.036251068115234375,0.035747528076171875,0.06902313232421875,0.858978271484375,0.07199859619140625,False,,conservar,medseg_0077.npz,pendiente de identificar pacientes,0.03607177734375,0.03564453125,0.0694732666015625,0.8588104248046875,False
medseg_0078,medseg,78,True,-1362.8558158874516,128.0,-421.5287234779679,409.0115243589715,b502811c242d4a70094b36194b1109f0b5eb0810dd401378d56f2a757d4acae4,11cc8a9a384d943ff0cba52d6c6eb3fe37c3a51dce3e355e0f3a149fa5482d3b,True,0,0.07848358154296875,0.0,0.1798095703125,0.7417068481445312,0.07848358154296875,False,,conservar,medseg_0078.npz,pendiente de identificar pacientes,0.0782470703125,0.0,0.1788482666015625,0.7429046630859375,False
medseg_0079,medseg,79,True,-1016.0476962617328,150.8433271055742,-159.562061782841,242.480891086209,f977b3b2507724a16cd04145e8281ff64c975f83df0f4abee1e783e8b9de9572,af1fe3976e08877a7953e81cfbc4e64eb8361c02578404fbc56aec40ccbfd08a,True,0,0.1048736572265625,0.0870361328125,0.0728302001953125,0.735260009765625,0.1919097900390625,False,,conservar,medseg_0079.npz,pendiente de identificar pacientes,0.1047821044921875,0.087005615234375,0.0726165771484375,0.735595703125,False
medseg_0080,medseg,80,True,-1090.3506494316903,270.2119784377535,-392.46627478743903,456.4281525531293,511c8fb67e7a05b45cc31f579455fd4095ec2f9db7def2d25ec61c367cf4a4ef,f9a8771638ae959465b2a736bec4b7450e260dee527368727b7c15d307937f3b,True,67,0.05492401123046875,0.01151275634765625,0.21847152709960938,0.7153472900390625,0.066436767578125,False,,conservar,medseg_0080.npz,pendiente de identificar pacientes,0.05487060546875,0.0115203857421875,0.2183380126953125,0.71527099609375,False
medseg_0081,medseg,81,True,-1219.7605846774181,260.0,-497.5410309337801,467.13821531320485,0d34475865e50a05ce4e1e56a64d55a61bf44b7c702371218847c9941c519950,4eeda8294bbd1afe673ac8b0c5bfc2ff16acc2391dfc04dceede91668ca04a0e,True,0,0.0122528076171875,0.0,0.3430137634277344,0.6447334289550781,0.0122528076171875,False,,conservar,medseg_0081.npz,pendiente de identificar pacientes,0.012054443359375,0.0,0.3429718017578125,0.6449737548828125,False
medseg_0082,medseg,82,True,-1049.9173481774942,352.27241492409667,-375.7193258485087,470.17226477503533,29c1aa489e014bd9937a3c548f955667857b6371e9f6c28ea4f4b8c337482fa1,fd4d317524d1711ccd2e2ef4511bb2a3fbc7c395f3b2b539c807f5fc80b62ce0,True,0,0.020263671875,0.012676239013671875,0.23894882202148438,0.7281112670898438,0.032939910888671875,False,,conservar,medseg_0082.npz,pendiente de identificar pacientes,0.0202484130859375,0.012664794921875,0.2392425537109375,0.72784423828125,False
medseg_0083,medseg,83,True,-999.0604126076021,239.0354438400327,-331.0214953088931,393.13902505319714,a682bb3e0105ae457eb3f79088f2141e1ca60c92cb4ddfcb1c9a1cab7428eee9,1cfe7492f2b34ae7f8eca1e384322da78657fae86dae25294a95fecae8d70d51,True,0,0.017589569091796875,0.0,0.43524169921875,0.5471687316894531,0.017589569091796875,False,,conservar,medseg_0083.npz,pendiente de identificar pacientes,0.01763916015625,0.0,0.4351043701171875,0.5472564697265625,False
medseg_0084,medseg,84,True,-1348.3870967741937,132.25806451612902,-699.5322375458647,544.1614576985908,64a1fba80173242da32738d11f13e62e457f003ec24287009cc03deadb87f4a3,23a29e65bf2406f69a4b2cca947a750d20bbf6b64ecca448edd7bc424e9abb56,True,0,0.03455352783203125,0.01787567138671875,0.0933990478515625,0.8541717529296875,0.05242919921875,False,,conservar,medseg_0084.npz,pendiente de identificar pacientes,0.0344696044921875,0.0178070068359375,0.094085693359375,0.8536376953125,False
medseg_0085,medseg,85,True,-1447.0588235294117,49.53244814901268,-627.6302970511218,562.6648032033921,6462b0044d7f538947d6483ddcf55290653246d2531c2796bf7c558e80de88eb,b4db4dc578325325a25024d77a64aeeba34db0190eea59492e6559ad043fab89,True,0,0.06137847900390625,0.02312469482421875,0.11504745483398438,0.8004493713378906,0.084503173828125,False,,conservar,medseg_0085.npz,pendiente de identificar pacientes,0.0612030029296875,0.0230560302734375,0.1150970458984375,0.8006439208984375,False
medseg_0086,medseg,86,True,-1026.9020155949572,371.11428446457876,-366.9195356336608,453.57843767076673,327b2a50faedcd525e3bd4360e5b8cad0eeb3d0f837088eb542ebb747794fe11,b60d62fb6bc21de9b9000c2a0f0aa9db494e34f6ca453fa4ab716d4ec632a1f2,True,0,0.02114105224609375,0.00484466552734375,0.15169143676757812,0.8223228454589844,0.0259857177734375,False,,conservar,medseg_0086.npz,pendiente de identificar pacientes,0.021209716796875,0.0048828125,0.1507568359375,0.823150634765625,False
medseg_0087,medseg,87,True,-1143.548494029351,14.334430294662411,-343.12942274186173,412.52434611791233,d7af502a55524bb6d2a0f0611057c8d142a4fb7e957c488035aa6200b57b33fc,459068bc8ec595d459c52e18c642a46e3f7debb53de17b9ec640f9e3d4188c22,True,0,0.04727935791015625,0.1107025146484375,0.0934600830078125,0.7485580444335938,0.15798187255859375,False,,conservar,medseg_0087.npz,pendiente de identificar pacientes,0.04730224609375,0.110626220703125,0.0941925048828125,0.7478790283203125,False
medseg_0088,medseg,88,True,-1360.0,170.0,-588.8144912719727,559.271048911416,b21e943b3ed06a72397ef5d11b24ca8af62d8770a50f9303367bc8a9967a9c6c,3d8643358292ff1653bc006b61186d44ed5c0c28fd135001497c388d8a9331ba,True,0,0.040416717529296875,0.0174560546875,0.14962387084960938,0.7925033569335938,0.057872772216796875,False,,conservar,medseg_0088.npz,pendiente de identificar pacientes,0.0406036376953125,0.0174713134765625,0.149810791015625,0.7921142578125,False
medseg_0089,medseg,89,True,-1116.6363339235095,284.39982573099087,-462.0490895756393,490.18457613441217,cbf73a2b9cf4d89412b064fc48e477179716aaa8bfbb842bb4b71bca2ec42331,b131dc8381ac9b14f35356eeb15f1e2cb2e36d8fe7014c7b0e17cbc5c6dcba7d,True,0,0.004383087158203125,0.0,0.09852218627929688,0.8970947265625,0.004383087158203125,False,,conservar,medseg_0089.npz,pendiente de identificar pacientes,0.0044403076171875,0.0,0.098541259765625,0.8970184326171875,False
medseg_0090,medseg,90,True,-1088.1118881118882,283.91608391608383,-552.971134319172,487.4952618335392,856ea4decb1867e03a68582aa96874a64ef7bf8ce5aac6278d55f0b7c1b8e2ca,08c5de6d389e5f5ac5f7dc12e1bdc4defda2be46acbc39653c3b9b1f673603b4,True,0,0.02669525146484375,0.0320281982421875,0.0980682373046875,0.8432083129882812,0.05872344970703125,False,,conservar,medseg_0090.npz,pendiente de identificar pacientes,0.02691650390625,0.032012939453125,0.098876953125,0.842193603515625,False
medseg_0091,medseg,91,True,-1006.8257436741948,241.06320528732454,-342.7908502776024,384.3577314456118,7da73e97075be617ada5de148e880004db30ee16921e193cbb1736e9bda98422,9b81d8390f08fdd5b74d9e614429318a535094cf8a997fad9d97cecfc1c02bc7,True,0,0.030567169189453125,0.0,0.4386405944824219,0.530792236328125,0.030567169189453125,False,,conservar,medseg_0091.npz,pendiente de identificar pacientes,0.0306396484375,0.0,0.43853759765625,0.53082275390625,False
medseg_0092,medseg,92,True,-1364.8648648648648,185.81081081081084,-657.4305727803287,573.4172126880064,bf055451592a550971c078542cb8630b093c6703d2b8331305fbc7a150c0a333,ed6722079de3db6d3b095d941f175e62d920e947d836346cb0441ecabb792ce9,True,0,0.02215576171875,0.015689849853515625,0.146087646484375,0.8160667419433594,0.037845611572265625,False,,conservar,medseg_0092.npz,pendiente de identificar pacientes,0.022186279296875,0.0157928466796875,0.146240234375,0.8157806396484375,False
medseg_0093,medseg,93,True,-1083.5583847254159,271.65026319639696,-346.8294277480761,417.0605853232558,1be898fefd140f01f9931cee7d44de0cab0a16695bfdb647105d6049ceaa1e71,ba7fd1c963f44fe93c162335027a262addc079d552cca698075fdfd37723d7ed,True,0,0.02957916259765625,0.0,0.4170494079589844,0.5533714294433594,0.02957916259765625,False,,conservar,medseg_0093.npz,pendiente de identificar pacientes,0.0296630859375,0.0,0.416900634765625,0.553436279296875,False
medseg_0094,medseg,94,True,-1075.6614330348773,224.73071529501044,-394.12022608989037,442.5539359354061,87e6ef9644fc25a1bcea969f4997870b4a6826ce3a0fb4e1ba8b195b018eb8e2,dfc60b0c82957c6e58a1189868f0f48e996921a600a643ad6d9ed9f1903c7663,True,89,0.029857635498046875,0.005199432373046875,0.24097061157226562,0.7243118286132812,0.03505706787109375,False,,conservar,medseg_0094.npz,pendiente de identificar pacientes,0.0298919677734375,0.00518798828125,0.240020751953125,0.7248992919921875,False
medseg_0095,medseg,95,True,-1252.0,278.0,-938.6445617675781,486.7269399896213,ccc1cbac981820b2062c42fc22dc87e7409b3ed3955973648f1ab8cc6d42d6b0,6ece432b37fdba4b17dba35f8ba2f96a6643b2e3ceb4919d45db591edb6d26c3,True,0,0.02280426025390625,0.006328582763671875,0.04575347900390625,0.9251136779785156,0.029132843017578125,False,,conservar,medseg_0095.npz,pendiente de identificar pacientes,0.02264404296875,0.00628662109375,0.0459747314453125,0.9250946044921875,False
medseg_0096,medseg,96,True,-1145.1294473782448,448.8692520785212,-210.8518116697216,355.01908226833115,1ead44b8dec21af61640b1c4ecd2a52817ccb227d809dad6885c7d618a20a4cf,8f901f2a391d53ddf5237b9245b4f4af88ea45598ab972596016fde2e2008cc4,True,0,0.18959426879882812,0.0,0.15116119384765625,0.6592445373535156,0.18959426879882812,False,,conservar,medseg_0096.npz,pendiente de identificar pacientes,0.1894683837890625,0.0,0.1512298583984375,0.6593017578125,False
medseg_0097,medseg,97,True,-1353.5714285714287,285.3142740897813,-232.86673923315755,434.5373389893218,952d17f4d7a1360ff432b9bb8d7a65dc2b930c296560cfeb46fa20448e0f7bed,4d00bc2474590c003d38388f18b4ed6c2a39f4d7a401780492cb1224bf6784a5,True,0,0.0153045654296875,0.009601593017578125,0.2797813415527344,0.6953125,0.024906158447265625,False,,conservar,medseg_0097.npz,pendiente de identificar pacientes,0.0153350830078125,0.0096435546875,0.28155517578125,0.6934661865234375,False
medseg_0098,medseg,98,True,-1399.2957746478874,213.38939148836016,-431.97945312110045,519.7145887217113,7a8b5721e4a5033da7f249e805c64d25388d3f49aaa073a19c399a00c6378418,9f8252894eed5ddb6abae70f3a2039451973dd4187acb9294237f7392ab7ab7c,True,0,0.16900634765625,0.0,0.10060882568359375,0.7303848266601562,0.16900634765625,False,,conservar,medseg_0098.npz,pendiente de identificar pacientes,0.168914794921875,0.0,0.1014404296875,0.729644775390625,False
medseg_0099,medseg,99,True,-1346.1538461538462,258.74125874125866,-614.5301765495246,545.9984527017893,26d1fce6127fd354b62f20418caf7187436e4e543135f52ab0aecefd5910571c,49612d0484ccccb0a17cc2b3f762b3daccca3fdac73710e3f171a1895548e695,True,0,0.0276947021484375,0.01253509521484375,0.14572525024414062,0.8140449523925781,0.04022979736328125,False,,conservar,medseg_0099.npz,pendiente de identificar pacientes,0.027740478515625,0.0124969482421875,0.14630126953125,0.8134613037109375,False
radiopedia_0000,radiopedia,0,True,-1280.06689453125,156.22637939453125,-235.83214454816516,405.20217863988773,600e37a644aed6c3cee572ed36e636439e006d7a64552217266a6d4ae5d69a4a,836e63b9c97a81c1e75c711a1593cd098ca867c5c888a0baa4f599758b788647,True,0,0.0,0.0,0.0,1.0,0.0,False,,conservar,radiopedia_0000.npz,pendiente de identificar pacientes,0.0,0.0,0.0,1.0,False
radiopedia_0001,radiopedia,1,True,-1250.2608642578125,156.22637939453125,-233.8413446037921,405.0419775246959,7e4c4b7dc23605ffd1b75d14f68ab516af5f11323557e624ded174a5cc602855,836e63b9c97a81c1e75c711a1593cd098ca867c5c888a0baa4f599758b788647,True,0,0.0,0.0,0.0,1.0,0.0,False,,conservar,radiopedia_0001.npz,pendiente de identificar pacientes,0.0,0.0,0.0,1.0,False
radiopedia_0002,radiopedia,2,True,-1262.1995849609375,156.22637939453125,-232.79476002046795,405.5883454799315,8eca4cc89f402f60d2041508b5a6ea94b60007fceac4f20466f826c008838794,836e63b9c97a81c1e75c711a1593cd098ca867c5c888a0baa4f599758b788647,True,0,0.0,0.0,0.0,1.0,0.0,False,,conservar,radiopedia_0002.npz,pendiente de identificar pacientes,0.0,0.0,0.0,1.0,False
radiopedia_0003,radiopedia,3,True,-1244.332275390625,156.22637939453125,-230.60487238101996,405.60789840570357,651a659a210097b9968d19a6f7c3d8c5ff8b84e12ae9107a05be4797a5761292,836e63b9c97a81c1e75c711a1593cd098ca867c5c888a0baa4f599758b788647,True,0,0.0,0.0,0.0,1.0,0.0,False,,conservar,radiopedia_0003.npz,pendiente de identificar pacientes,0.0,0.0,0.0,1.0,False
radiopedia_0004,radiopedia,4,True,-1256.230224609375,156.22637939453125,-226.14169569675687,405.27649919765827,0e02ed2d26d0e55164d4017a3793c4f3decf613a7ca7c275401fd6ac1c4872b6,5139d8aacefdc927365c1e153a78b11dc8481626bdbedd55eb16c8487dc946d5,True,0,0.0,0.0,0.00020599365234375,0.9997940063476562,0.0,False,,conservar,radiopedia_0004.npz,pendiente de identificar pacientes,0.0,0.0,0.000213623046875,0.999786376953125,False
radiopedia_0005,radiopedia,5,True,-1280.06689453125,156.22637939453125,-224.73729399764125,404.9231289042632,9ae08b7afb7c6c5582affbf1b6035fb8f2342bf7791ac51bc9739fd769dbbd9f,1e563ba1326621691851e71d879378bfc10d6664aa3b353e21ba2dcf3cc186c5,True,0,0.0,0.0,0.002071380615234375,0.9979286193847656,0.0,False,,conservar,radiopedia_0005.npz,pendiente de identificar pacientes,0.0,0.0,0.00213623046875,0.99786376953125,False
radiopedia_0006,radiopedia,6,True,-1309.873046875,156.22637939453125,-223.05627203410495,404.25487902886437,fdb0ddb1d8a02ac9e8edc3d7c3d4dfa4214d281c395394338d8e481ad00c8b33,cbf1cbf9ed94b3d1b446b42d48f55ddd683dce4d5a3eb218592150bf8774d96b,True,0,0.0,0.0,0.00431060791015625,0.9956893920898438,0.0,False,,conservar,radiopedia_0006.npz,pendiente de identificar pacientes,0.0,0.0,0.00433349609375,0.99566650390625,False
radiopedia_0007,radiopedia,7,True,-1256.230224609375,156.22637939453125,-220.82234090931797,403.47601625255237,547e38016ee9ee5c570da11f0df9e03ec3e261137f603637eacab94fa2b49599,9502c064a71017653612f77c837d7592416b901e73519828eb809571c673169b,True,0,0.000736236572265625,0.0,0.006107330322265625,0.9931564331054688,0.000736236572265625,False,,conservar,radiopedia_0007.npz,pendiente de identificar pacientes,0.0007781982421875,0.0,0.0060882568359375,0.993133544921875,False
radiopedia_0008,radiopedia,8,True,-1297.97509765625,156.22637939453125,-220.26457169218884,402.52805052361305,30b0913639f9c7cfaa86033c64787c5303431f6ea8e065d6393ac572bd73e8a2,b696feab1550f0ee2248c23fd61a6a0192370525c0f2427191f19aa52eec12d7,True,0,0.00147247314453125,0.0,0.01165008544921875,0.98687744140625,0.00147247314453125,False,,conservar,radiopedia_0008.npz,pendiente de identificar pacientes,0.0014801025390625,0.0,0.01153564453125,0.9869842529296875,False
radiopedia_0009,radiopedia,9,True,-1309.873046875,156.22637939453125,-223.78993624852865,402.23692483369535,c17cee626050a86b692d8e45f84d56563f9654944923f1a2f869ccb60dbce287,c7683a9a1e3fb589c1471980080793731c387e1ca64f4a428ea8d690df398a30,True,0,0.002777099609375,0.000774383544921875,0.01760101318359375,0.9788475036621094,0.003551483154296875,False,,conservar,radiopedia_0009.npz,pendiente de identificar pacientes,0.00274658203125,0.0007781982421875,0.017578125,0.9788970947265625,False
radiopedia_0010,radiopedia,10,True,-1286.0362548828125,156.22637939453125,-233.8279027311628,404.50731646438703,41b57cf65a4fe8998d443d5b711a547a89ee313dda05a924c5c5b0ddbd581e95,21ec4fad293db3fc73b173ebf24f37d657d8461bd35f3fe57e1b673965d5058d,True,3,0.00464630126953125,0.00189208984375,0.027721405029296875,0.9657516479492188,0.00653839111328125,False,,conservar,radiopedia_0010.npz,pendiente de identificar pacientes,0.004638671875,0.0019073486328125,0.0277862548828125,0.965667724609375,False
radiopedia_0011,radiopedia,11,True,-1280.06689453125,156.22637939453125,-248.6405874586253,406.1177181504572,514ba8253191f33d9d6778cc5dc9e088c1750d2d095c0d3360d0e8a58d920b3e,1005206c269bedacdc35f121c0a2dc2b7eb9d4b1e469f8855062dec661e41188,True,0,0.011577606201171875,0.0027008056640625,0.0481719970703125,0.9375495910644531,0.014278411865234375,False,,conservar,radiopedia_0011.npz,pendiente de identificar pacientes,0.011474609375,0.0027313232421875,0.04791259765625,0.9378814697265625,False
radiopedia_0012,radiopedia,12,True,-1315.8424072265625,156.22637939453125,-269.2914556725764,409.89418488586944,e43d54a1b2d6d8eb5fa8d9b6f1df80a65662afbec17fd6245c0a1e65c488f292,35b0c4a448a16609798216a9359594a63e36236be5af5995d8c0578d1ba39055,True,60,0.0062713623046875,0.016143798828125,0.061859130859375,0.91595458984375,0.0224151611328125,False,,conservar,radiopedia_0012.npz,pendiente de identificar pacientes,0.006256103515625,0.0161590576171875,0.061981201171875,0.9156036376953125,False
radiopedia_0013,radiopedia,13,True,-1262.1995849609375,156.22637939453125,-296.20838075137453,411.8982741840435,d38510585f6fc55e0e9269b2cd00a4153458c012c6566cc950f49fffb5a1095a,31014780f7f7cfa4f0899190088edc27d33a205bdc586a76d7afa6e2310c9afa,True,0,0.0150909423828125,0.010913848876953125,0.08749771118164062,0.8864974975585938,0.026004791259765625,False,,conservar,radiopedia_0013.npz,pendiente de identificar pacientes,0.0150909423828125,0.010894775390625,0.087371826171875,0.8866424560546875,False
radiopedia_0014,radiopedia,14,True,-1256.230224609375,156.22637939453125,-329.5967764346933,413.1127414681705,927a628abac4061f863f3e795cfff423cb12c80b42473d27fb3aa0dac67a2212,d5ea68297fc9930fdcfd2548a6d9d81d1e7036b4ff6cf786b15fef5a7f628cf3,True,0,0.02246856689453125,0.003871917724609375,0.1114044189453125,0.8622550964355469,0.026340484619140625,False,,conservar,radiopedia_0014.npz,pendiente de identificar pacientes,0.022552490234375,0.00384521484375,0.11114501953125,0.862457275390625,False
radiopedia_0015,radiopedia,15,True,-1262.1995849609375,156.22637939453125,-367.7937771682373,418.9321504081629,1618d081a4aaeea3a1fe6f0b338e12f9d07d088fe908e8b3d00d1cbe526bcdb1,34a38b0a5b8f6f5c514a380d3fa41ad522c39d1f6d1cf34dc767aa58966daa73,True,1,0.032382965087890625,0.0,0.18646621704101562,0.7811546325683594,0.032382965087890625,False,,conservar,radiopedia_0015.npz,pendiente de identificar pacientes,0.0323333740234375,0.0,0.186553955078125,0.7811126708984375,False
radiopedia_0016,radiopedia,16,True,-1339.6790771484375,156.22637939453125,-398.0471645288135,427.65603403743387,4c840168daf2b4a235ba06b3ef1a38a655836b6c78060f13b67ffb209f58be73,797e62f1a672c2f569ee4929c1a08738e6bfb19eb3a3192d3fb5faf5f9d648eb,True,296,0.035396575927734375,0.002567291259765625,0.20883941650390625,0.7543258666992188,0.0379638671875,False,,conservar,radiopedia_0016.npz,pendiente de identificar pacientes,0.035430908203125,0.0025787353515625,0.2088470458984375,0.753143310546875,False
radiopedia_0017,radiopedia,17,True,-1262.1995849609375,156.22637939453125,-424.8209803998443,428.9493617548698,e9cef4f80c3d3c0f3b01d4a7c5688428d83f00446b895541b9634dd5e75a1538,3fb0558ef980c238e3b9177d8d7f0a00a76d96a908c632de34f03092b5c1973c,True,0,0.03462982177734375,0.002162933349609375,0.2368621826171875,0.7263450622558594,0.036792755126953125,False,,conservar,radiopedia_0017.npz,pendiente de identificar pacientes,0.034576416015625,0.002166748046875,0.237060546875,0.7261962890625,False
radiopedia_0018,radiopedia,18,True,-1268.1690673828125,156.22637939453125,-440.59047580962033,434.2525614842667,75e70485008d19103c209bf152a7c6b470e969cc0f618a6f509ff4f76dbffb01,32bb713fab6b81e9e3c3cc9f9f044622a2f242c7bc15ed847da80470b8288d65,True,11,0.03571319580078125,0.008335113525390625,0.2627372741699219,0.6932563781738281,0.044048309326171875,False,,conservar,radiopedia_0018.npz,pendiente de identificar pacientes,0.0356903076171875,0.0083465576171875,0.262939453125,0.693023681640625,False
radiopedia_0019,radiopedia,19,True,-1238.3629150390625,156.22637939453125,-446.9013264295345,441.85518437434746,a72aabda3b6e514b752a65b3b1eab1199e01082b177d2f2bd5e96a7295d74fdb,e8f9fe3d79acf8de1f65cd3edf965e0b4d521b00f9df475a088d7c079241ce56,True,46,0.033935546875,0.0057830810546875,0.26502227783203125,0.6954345703125,0.0397186279296875,False,,conservar,radiopedia_0019.npz,pendiente de identificar pacientes,0.0340423583984375,0.0056610107421875,0.2650299072265625,0.6952667236328125,False
radiopedia_0020,radiopedia,20,True,-1250.2608642578125,156.22637939453125,-444.6367340077759,442.2025355433913,c198b6e7fbe0d9b696eaa1514a99872c84cc8afc98bd67843be1f5b2b3e0c614,059f0d9ab73f905369f5bb5bd0079a849aa61857141071afd604ed9e4f8f7ba8,True,5,0.027835845947265625,0.004947662353515625,0.2696952819824219,0.697540283203125,0.03278350830078125,False,,conservar,radiopedia_0020.npz,pendiente de identificar pacientes,0.0278167724609375,0.0048675537109375,0.2697906494140625,0.6975250244140625,False
radiopedia_0021,radiopedia,21,True,-1262.1995849609375,156.22637939453125,-442.63893116349664,443.17988278756724,02d53d885677d676b69eadccff4bb15c5bf0f9e4d3fb639ea85b2603a5159b75,dafe5990a3d35671e26e06e7e1db0b86e4b858616c4027a6764fde37be425d13,True,3,0.026935577392578125,0.007110595703125,0.2645111083984375,0.7014541625976562,0.034046173095703125,False,,conservar,radiopedia_0021.npz,pendiente de identificar pacientes,0.0269012451171875,0.007110595703125,0.264434814453125,0.7015533447265625,False
radiopedia_0022,radiopedia,22,True,-1262.1995849609375,156.22637939453125,-442.7659312331616,444.0341353725349,356360cef487a27329cc5dab5d19f45dace32d4d0b64d861ac313bf887fce2fd,dfd7400cc30d6845ac57ded5c010a6e94ae495cd109ddc30d83383521a4ced25,True,21,0.02622222900390625,0.008907318115234375,0.26590728759765625,0.6990432739257812,0.035129547119140625,False,,conservar,radiopedia_0022.npz,pendiente de identificar pacientes,0.0263824462890625,0.008880615234375,0.265838623046875,0.6988983154296875,False
radiopedia_0023,radiopedia,23,True,-1244.332275390625,156.22637939453125,-444.25802910570565,444.3056926757132,168a3925b7f0f85fb4cad3a0038c8708a6813ac27365b097ac59555e3cbbba73,4d10860b8fa0132a13ee348e03e703cb7d9f24d410f092391c6eb1b0ff89d4f5,True,0,0.0211334228515625,0.009059906005859375,0.2751579284667969,0.6946487426757812,0.030193328857421875,False,,conservar,radiopedia_0023.npz,pendiente de identificar pacientes,0.0212554931640625,0.0090789794921875,0.2751617431640625,0.6945037841796875,False
radiopedia_0024,radiopedia,24,True,-1250.2608642578125,156.22637939453125,-443.0221580825046,446.8590082447786,2ed9b842dbcce3defb6a105c34e446657af6a3d313f44a2875cffa2cf8e127a9,7a3afb06ef3e139575b50b029217abbdbce1418d388e59cb843a675af398e4ce,True,0,0.015533447265625,0.009124755859375,0.2794036865234375,0.6959381103515625,0.024658203125,False,,conservar,radiopedia_0024.npz,pendiente de identificar pacientes,0.0156707763671875,0.00909423828125,0.2796630859375,0.6955718994140625,False
radiopedia_0025,radiopedia,25,True,-1256.230224609375,156.22637939453125,-445.5242770864743,449.401185166829,db40adbe9b6db959beb12f592ffae776644d4b38973918c197dfd244f532b0ac,be674ea777d08d1079fce05117a954848d1a6d1298f45d01d764d5bd74f2c293,True,0,0.014736175537109375,0.01410675048828125,0.2725067138671875,0.6986503601074219,0.028842926025390625,False,,conservar,radiopedia_0025.npz,pendiente de identificar pacientes,0.014739990234375,0.01409912109375,0.2727508544921875,0.6984100341796875,False
radiopedia_0026,radiopedia,26,True,-1256.230224609375,156.22637939453125,-451.79377673220006,452.4817967638233,d38b8bc53bd5a7ff9262fce212fdce2c3542ceffa3caf59cb677b4d2fcc670aa,3a6b0fc4b5cb70a2c4daadee0451e3d5679e70d2bc9800286c4ab9192b4b4b54,True,7,0.01386260986328125,0.0153961181640625,0.27056884765625,0.7001991271972656,0.02925872802734375,False,,conservar,radiopedia_0026.npz,pendiente de identificar pacientes,0.0139312744140625,0.0153961181640625,0.270782470703125,0.69989013671875,False
radiopedia_0027,radiopedia,27,True,-1232.3935546875,156.22637939453125,-457.5969182741046,452.4262611652132,cb3e840a13c6e6e263d6de7c336301048a707208b52cd640d9a662e43fa8eb51,ce9edda1838d844f180ee2378a175efb889d8be7803822cb79fc59947ebbe93d,True,0,0.024166107177734375,0.006679534912109375,0.26764678955078125,0.701507568359375,0.03084564208984375,False,,conservar,radiopedia_0027.npz,pendiente de identificar pacientes,0.0240020751953125,0.0067138671875,0.26788330078125,0.7014007568359375,False
radiopedia_0028,radiopedia,28,True,-1250.2608642578125,156.22637939453125,-463.4705143079809,451.33854032876303,a83141784bcf554f981873230abac039333a9725ee4c1c70ee8a2e725c1ba96e,bd95110669c04c57d24a27033cb2d264b3f035d6121db549aa67d15c468dc8a0,True,6,0.0283050537109375,0.0092315673828125,0.2594451904296875,0.7030410766601562,0.03753662109375,False,,conservar,radiopedia_0028.npz,pendiente de identificar pacientes,0.0282745361328125,0.00933837890625,0.2593536376953125,0.703033447265625,False
radiopedia_0029,radiopedia,29,True,-1274.138427734375,156.22637939453125,-466.49877542922786,451.4652515957146,d0f8e9d152999e61c2af73d3596a04d4fef61b7dbbdc85a917c8063c47e0bd54,dc53a67b8683cdc107a980d9b176ba69082aea2e4281ea96a490d21ff454ef29,True,144,0.02622222900390625,0.00597381591796875,0.2651481628417969,0.7032051086425781,0.032196044921875,False,,conservar,radiopedia_0029.npz,pendiente de identificar pacientes,0.026214599609375,0.0059967041015625,0.265350341796875,0.7024383544921875,False
radiopedia_0030,radiopedia,30,True,-1268.1690673828125,156.22637939453125,-469.7238523505348,450.5720404811512,76dc6107acebcf9efb8fd2d11aa258f98c9bd6388853e0d1105c8e7013d9fdd6,daa744c51f21e7f791c0dd699d5819cb662440d03b18341be4070068065321b4,True,5,0.022449493408203125,0.001361846923828125,0.27362823486328125,0.7025794982910156,0.02381134033203125,False,,conservar,radiopedia_0030.npz,pendiente de identificar pacientes,0.022613525390625,0.0013427734375,0.2734222412109375,0.7026214599609375,False
radiopedia_0031,radiopedia,31,True,-1262.1995849609375,156.22637939453125,-475.77105193118314,451.1503705104812,220e66e585e92781a2418c2ab1a6fc0695636d714b7aba9ba18c3cc36077b908,ad386e5e575fda2e6c2da1611970e3f5b5c96a849976bc88cef34f88898d4662,True,21,0.025585174560546875,0.000576019287109375,0.2705078125,0.7034111022949219,0.02616119384765625,False,,conservar,radiopedia_0031.npz,pendiente de identificar pacientes,0.0257110595703125,0.0005950927734375,0.270355224609375,0.703338623046875,False
radiopedia_0032,radiopedia,32,True,-1339.6790771484375,156.22637939453125,-481.99503748281495,451.6482073728128,56c3fab083cb84955dd52106cacb6234e2d5c7b27470a426dbb22ae6c9119c9c,bd1646edf1b2efee314d76c7402010563659ae985ff423f6c4dae0546210443a,True,8,0.020145416259765625,0.00128936767578125,0.27448272705078125,0.7041130065917969,0.021434783935546875,False,,conservar,radiopedia_0032.npz,pendiente de identificar pacientes,0.020111083984375,0.0012664794921875,0.2750091552734375,0.70361328125,False
radiopedia_0033,radiopedia,33,True,-1262.1995849609375,156.22637939453125,-485.6697574870295,451.3928680169916,e50006f75fe60da9d1eb9178b1eb4d8d8f10e03f3d43a455a9b7258ddcd06f17,20620498d6d36b05ffead22b689300fef669bb148b74607e5a35212c3942f13d,True,53,0.017787933349609375,0.0,0.2767677307128906,0.7056465148925781,0.017787933349609375,False,,conservar,radiopedia_0033.npz,pendiente de identificar pacientes,0.0177459716796875,0.0,0.276519775390625,0.7057342529296875,False
radiopedia_0034,radiopedia,34,True,-1256.230224609375,156.22637939453125,-488.4435872131917,450.9247582981273,575b7fa39c42b292aed5bd04dcb68372e9fa5edab31ec96053dd2b30cc79572d,ea1f11cb35df8d745a8f3b5f5966d565734c386ec6d2822a0dcd7ad84abcbbd3,True,0,0.012851715087890625,0.0,0.27494049072265625,0.7122077941894531,0.012851715087890625,False,,conservar,radiopedia_0034.npz,pendiente de identificar pacientes,0.0128631591796875,0.0,0.27496337890625,0.7121734619140625,False
radiopedia_0035,radiopedia,35,True,-1256.230224609375,156.22637939453125,-489.6773889369815,450.8083474470647,daf719ac57f76748b7793a4efbe9b99aa0f2f1544b95de140351ed66fb417132,cefce76635998850f8091cdcee4375a157665bd0e18429defb428e2ceb96813c,True,0,0.008514404296875,0.0,0.2755584716796875,0.7159271240234375,0.008514404296875,False,,conservar,radiopedia_0035.npz,pendiente de identificar pacientes,0.0084991455078125,0.0,0.275604248046875,0.7158966064453125,False
radiopedia_0036,radiopedia,36,True,-1238.3629150390625,156.22637939453125,-490.0111472532708,454.93815388813965,1ed7b0f52869a98243bc890240a687546f2a1c3b595a95f091a32c4ba64a7b0d,26bcc03d329da10377d8a042da8d8ee26a0568ad3302d28ab387291bcee7221a,True,26,0.009136199951171875,0.0,0.2715339660644531,0.7194290161132812,0.009136199951171875,False,,conservar,radiopedia_0036.npz,pendiente de identificar pacientes,0.0091705322265625,0.0,0.2715911865234375,0.71923828125,False
radiopedia_0037,radiopedia,37,True,-1256.230224609375,156.22637939453125,-492.04245740158603,456.7987513117382,c97c86c7d11e1492d268d05c7ee43fdccc06015b1e66942aaeb1875ae9878396,42fa61c7ecdc5a19fd1c02b78865429f9b875335f88e4c2a363918ebf5f2f800,True,0,0.008762359619140625,0.0,0.2681465148925781,0.7230911254882812,0.008762359619140625,False,,conservar,radiopedia_0037.npz,pendiente de identificar pacientes,0.0088043212890625,0.0,0.2682952880859375,0.722900390625,False
radiopedia_0038,radiopedia,38,True,-1232.3935546875,156.22637939453125,-491.76478279996445,455.4700724246177,ee3f7540a0a49ec744d4e365297aa26b55904dca228bfb944972fb47c04f427a,f9a22bf568749e6282f1c37d4097b82c7cb2d2b58cf8034d8bae37952c25bded,True,1,0.007389068603515625,0.0,0.2666778564453125,0.7259368896484375,0.007389068603515625,False,,conservar,radiopedia_0038.npz,pendiente de identificar pacientes,0.007476806640625,0.0,0.266876220703125,0.72564697265625,False
radiopedia_0039,radiopedia,39,True,-1238.3629150390625,156.22637939453125,-491.7201514968274,455.03526963735885,16d965c0a223040f4801913117054650f9517a5f161789c4e2d098f9f4ee5853,de97a93c67309950bd78960e01b4916e7073aa6e733edbad4123964bda0f6110,True,0,0.005947113037109375,0.0,0.26570892333984375,0.7283439636230469,0.005947113037109375,False,,conservar,radiopedia_0039.npz,pendiente de identificar pacientes,0.0058746337890625,0.0,0.2657623291015625,0.728363037109375,False
radiopedia_0040,radiopedia,40,True,-1256.230224609375,156.22637939453125,-492.2312912025727,454.3531250992533,355c81a3ffcac1030181f694942fe6ae86f8a6cfcb0f421768d250f4f3bf4a6e,526e13c36926906228f4695b7f515a353d5e1a3fec83e620609972c7ecfe7601,True,0,0.0051727294921875,0.0,0.2621307373046875,0.732696533203125,0.0051727294921875,False,,conservar,radiopedia_0040.npz,pendiente de identificar pacientes,0.0051727294921875,0.0,0.2622833251953125,0.7325439453125,False
radiopedia_0041,radiopedia,41,True,-1238.3629150390625,156.22637939453125,-490.7542225358975,454.75052182311066,e237a9deb35864efb1d4922adb8e95b0361b321a91120ba750a5cdcb008854cc,b8d3692df4558b764dfe5a1a556467b27d71c004e07b0e67293077f0db9453bb,True,0,0.0041351318359375,0.0,0.2562370300292969,0.7396278381347656,0.0041351318359375,False,,conservar,radiopedia_0041.npz,pendiente de identificar pacientes,0.00408935546875,0.0,0.256317138671875,0.739593505859375,False
radiopedia_0042,radiopedia,42,True,-1262.1995849609375,156.22637939453125,-487.24808040142307,457.4222202784931,a7f2c407b43e2fba2a177e0de8042bf9e6d00fdfae0c7e427387295d7cb8932e,29132b638266c7c19bd9f56c6aff0578928aa58ae63b63901bdbc27e2e4932d9,True,1,0.002887725830078125,0.0,0.24789810180664062,0.7492179870605469,0.002887725830078125,False,,conservar,radiopedia_0042.npz,pendiente de identificar pacientes,0.0029296875,0.0,0.2479248046875,0.7491455078125,False
radiopedia_0043,radiopedia,43,True,-1244.332275390625,156.22637939453125,-482.4292284371968,460.00871177741124,35a16c0d68cf7e184a65efdfc77c0c85df4ad2ed14cbd9dbac639f4db7582391,63fd23a2b63a15a0097e254abf3f57530da85b400416b5f683990f16ccfc1e65,True,5,0.002529144287109375,0.0,0.23859405517578125,0.7588958740234375,0.002529144287109375,False,,conservar,radiopedia_0043.npz,pendiente de identificar pacientes,0.002532958984375,0.0,0.2387542724609375,0.7587127685546875,False
radiopedia_0044,radiopedia,44,True,-1238.3629150390625,156.22637939453125,-476.48104654958115,461.48846319646634,19be920ab734b74375d5cfe47fcff684f569dff35aa867d68ea9bc4c37a6a3fe,586a15c8bc7b3158ec3b9fad816fbfe97f7f58aa2d16c6ed75e5d535575d1845,True,0,0.002197265625,0.0,0.22854995727539062,0.7692527770996094,0.002197265625,False,,conservar,radiopedia_0044.npz,pendiente de identificar pacientes,0.0021820068359375,0.0,0.2284088134765625,0.7694091796875,False
radiopedia_0045,radiopedia,45,True,-1238.3629150390625,156.22637939453125,-473.5401635706212,460.99799888823054,8e89d7e51f0bff2ee02b206f5459d279aefaf8ad2aadad1577182169e01becab,8487befef257eafe6383bb8ce8a9e3db34369e5a358085a25d03e87b1bc373fb,True,0,0.0,0.0,0.21863555908203125,0.7813644409179688,0.0,False,,conservar,radiopedia_0045.npz,pendiente de identificar pacientes,0.0,0.0,0.2188873291015625,0.7811126708984375,False
radiopedia_0046,radiopedia,46,True,-1262.1995849609375,156.22637939453125,-469.0455172857228,460.628455676327,2ec8dcdf2f82cc70e21a5a7ddc2e8a782b461c8476dccad8f513b55853282d9c,8d66f2839b9e32caef3df9365991477489ae332b8efab2f6886cca062ff9ba6b,True,0,0.0,0.0,0.2064971923828125,0.7935028076171875,0.0,False,,conservar,radiopedia_0046.npz,pendiente de identificar pacientes,0.0,0.0,0.2065887451171875,0.7934112548828125,False
radiopedia_0047,radiopedia,47,True,-1262.1995849609375,156.22637939453125,-459.13632631541896,458.97930238225786,33bc60bfdcc477e89c801798064701615faf2532ceaa28cce9cc49e274c817b3,09e57049410632b70b6138e337026b4d37c205dc037fe81572b12ecfc244827b,True,0,0.0,0.0,0.19202041625976562,0.8079795837402344,0.0,False,,conservar,radiopedia_0047.npz,pendiente de identificar pacientes,0.0,0.0,0.191986083984375,0.808013916015625,False
radiopedia_0048,radiopedia,48,True,-1226.4241943359375,156.22637939453125,-450.34626420523455,461.64787870071706,d4ae07ddaf344599351c48ac6c2c7552cbf0bad8966b20d34fe7232c892278cf,06115208d6377a98068c5132b30ad59f48460bf90f669b6c9f8fc5050cda8f82,True,0,0.0,0.0,0.18001556396484375,0.8199844360351562,0.0,False,,conservar,radiopedia_0048.npz,pendiente de identificar pacientes,0.0,0.0,0.17999267578125,0.82000732421875,False
radiopedia_0049,radiopedia,49,True,-1220.49560546875,156.22637939453125,-443.3691914214496,465.1057717633009,552c1165d6c8b2d7af08195b7a356c3954987cc04710fe4215e6afc042c5862a,b6cf9ba001b9b27dfbc54a39f78cd389bd3bbeeb5efb5d9c348da4eb1e80fc98,True,0,0.0,0.0,0.16874313354492188,0.8312568664550781,0.0,False,,conservar,radiopedia_0049.npz,pendiente de identificar pacientes,0.0,0.0,0.168701171875,0.831298828125,False
radiopedia_0050,radiopedia,50,True,-1214.5262451171875,156.22637939453125,-438.25537191555213,467.68030666854185,7541bf80674be00a606af4a36f5280c03c39349581aeb37c708d68459dbd806b,a57a4be45c8ae9fdb4ee3a0120a9ed5487a712447137350260ff048f736de809,True,0,0.0,0.0,0.15706634521484375,0.8429336547851562,0.0,False,,conservar,radiopedia_0050.npz,pendiente de identificar pacientes,0.0,0.0,0.157135009765625,0.842864990234375,False
radiopedia_0051,radiopedia,51,True,-1244.332275390625,156.22637939453125,-432.37631386651356,472.62213210127044,1f038df279948f47a5eae30afd15136f9b0762ca7aef54a2ed603d093b23c5d2,e678ef6bf0582a319cf646865a4ce05cebe6dc50c95e240c2fe5956be43aa1bb,True,0,0.0,0.0,0.14243316650390625,0.8575668334960938,0.0,False,,conservar,radiopedia_0051.npz,pendiente de identificar pacientes,0.0,0.0,0.142608642578125,0.857391357421875,False
radiopedia_0052,radiopedia,52,True,-1250.2608642578125,156.22637939453125,-425.3205885251118,472.8924013330731,de2f8a83e1875b177de874652c37752d600d1c08c9454302f483398d44c306e0,64c3896629aa17e4ca41a82257c7ffcaa92ca3399d73edad1aaeab14ce21ba59,True,0,0.000965118408203125,0.0,0.12512969970703125,0.8739051818847656,0.000965118408203125,False,,conservar,radiopedia_0052.npz,pendiente de identificar pacientes,0.0009613037109375,0.0,0.1255035400390625,0.87353515625,False
radiopedia_0053,radiopedia,53,True,-1286.0362548828125,156.22637939453125,-417.3587431153919,472.32387592604016,fd329d4da019e89d0aba7856b7bd3cb82933da932f558e0abfeb67f98acf5842,cd54c1afcc2dfc183e2a775c7ad89fc2a363dba82dee29cfaece50540fc33c1d,True,0,0.002040863037109375,0.0,0.10918045043945312,0.8887786865234375,0.002040863037109375,False,,conservar,radiopedia_0053.npz,pendiente de identificar pacientes,0.002044677734375,0.0,0.109283447265625,0.888671875,False
radiopedia_0054,radiopedia,54,True,-1256.230224609375,156.22637939453125,-409.9885376834836,472.1598917424226,e1e6653f3500c4bc7706daf85c230d781f68280d2bf76be565f510c4b51d4be2,5ac75dfd6307ca245dcd20e63201c8ddb764c2bea0c1e74e75604ad55125b928,True,2,0.00211334228515625,0.0,0.0942230224609375,0.9036712646484375,0.00211334228515625,False,,conservar,radiopedia_0054.npz,pendiente de identificar pacientes,0.0020904541015625,0.0,0.094512939453125,0.9033966064453125,False
radiopedia_0055,radiopedia,55,True,-1238.3629150390625,156.22637939453125,-403.95061258968144,472.36036829426286,2f66353752ec2742b4626669f812f6f387e67aae592d802a9e9ba03d10f9e0ec,ebb98e10ba5071b096c9a4d5da123628abb78ed35777bd810ce67dae69739819,True,5,0.00228118896484375,0.0,0.07869720458984375,0.9190406799316406,0.00228118896484375,False,,conservar,radiopedia_0055.npz,pendiente de identificar pacientes,0.002288818359375,0.0,0.078643798828125,0.9190673828125,False
radiopedia_0056,radiopedia,56,True,-1244.332275390625,156.22637939453125,-399.0769684335055,474.30523043272757,f5aae9b5299633bcd6bcb07216fd19a42f9c2333a48675121b7c3672fa0ad2ee,73b177253269a764e1cea3db20545c4dfb03f6230e412070b5359bcbfb6e9365,True,34,0.00235748291015625,0.0,0.06316375732421875,0.9346084594726562,0.00235748291015625,False,,conservar,radiopedia_0056.npz,pendiente de identificar pacientes,0.0023651123046875,0.0,0.0632476806640625,0.93438720703125,False
radiopedia_0057,radiopedia,57,True,-1238.3629150390625,156.22637939453125,-397.43377017612784,477.1373739621153,08a4d31cfacb725f85c93899729ab0763316f9c357b4e4fb059d2670b033fe33,2e32b37b77e872cb3484c98109b226ec9ef52464267e5c09dfe7fee6d824f7ac,True,5,0.00159454345703125,0.0,0.049327850341796875,0.9490966796875,0.00159454345703125,False,,conservar,radiopedia_0057.npz,pendiente de identificar pacientes,0.0016326904296875,0.0,0.04931640625,0.9490509033203125,False
radiopedia_0058,radiopedia,58,True,-1256.230224609375,156.22637939453125,-399.4903810092701,478.69456782821703,45b67da06d1d540413dd3c3d2f34304f9778563b46018f1a6c847ed7801b8180,9e53b5e9942db18e977bfa23b5961ac58e86e71f95b5fd984ad7e9eb928b9ef2,True,15,0.00080108642578125,0.0,0.0338287353515625,0.9654273986816406,0.00080108642578125,False,,conservar,radiopedia_0058.npz,pendiente de identificar pacientes,0.0007781982421875,0.0,0.0338134765625,0.9654083251953125,False
radiopedia_0059,radiopedia,59,True,-1262.1995849609375,156.22637939453125,-398.9446667729935,478.7551681187886,30bf3944170ef10f311589e8290b20163b42fdd4455b50c00368c3fb6dd125af,43524f3453dc6f3066b6f918a230bccc5c9e099f73595fe389a97ecfc01a7dfe,True,0,0.0,0.0,0.018238067626953125,0.9817619323730469,0.0,False,,conservar,radiopedia_0059.npz,pendiente de identificar pacientes,0.0,0.0,0.0182647705078125,0.9817352294921875,False
radiopedia_0060,radiopedia,60,True,-1280.06689453125,156.22637939453125,-396.91345156434545,480.8546009260646,90e0177fc2c5157fcc761a54bf68bca3ce482c8bf66e1e37908fbab51f9399f2,63c37b36a82b7ab126365a00392bf3b46365117eabd05bc3b733c480c336491a,True,0,0.0,0.0,0.00023651123046875,0.9997634887695312,0.0,False,,conservar,radiopedia_0060.npz,pendiente de identificar pacientes,0.0,0.0,0.000244140625,0.999755859375,False
radiopedia_0061,radiopedia,61,True,-1256.230224609375,156.22637939453125,-403.0031218677086,481.74846199133765,21a6b393bafef09f378bed194a865b7dc1904fc8b4fc81828172848203b22c21,836e63b9c97a81c1e75c711a1593cd098ca867c5c888a0baa4f599758b788647,True,0,0.0,0.0,0.0,1.0,0.0,False,,conservar,radiopedia_0061.npz,pendiente de identificar pacientes,0.0,0.0,0.0,1.0,False
radiopedia_0062,radiopedia,62,True,-1244.332275390625,156.22637939453125,-412.23331029560177,482.4853903821614,d4bf4c99751ccc1317b275afb87f93ad05e770628a603c1bd578118c153d69ba,836e63b9c97a81c1e75c711a1593cd098ca867c5c888a0baa4f599758b788647,True,0,0.0,0.0,0.0,1.0,0.0,False,,conservar,radiopedia_0062.npz,pendiente de identificar pacientes,0.0,0.0,0.0,1.0,False
radiopedia_0063,radiopedia,63,True,-1268.1690673828125,156.22637939453125,-423.64991666636433,483.70455411716404,577b5c4d087878a6441d7f5c8c09d81d0577d8655ce9ebc839acc6708b11eba8,836e63b9c97a81c1e75c711a1593cd098ca867c5c888a0baa4f599758b788647,True,0,0.0,0.0,0.0,1.0,0.0,False,,conservar,radiopedia_0063.npz,pendiente de identificar pacientes,0.0,0.0,0.0,1.0,False
radiopedia_0064,radiopedia,64,True,-1286.0362548828125,156.22637939453125,-433.64395679137397,483.605720639244,6fa4a5537096727f68a6ca86ce5e715b5c22976f39a0510b1d6244f9f7e6bcec,836e63b9c97a81c1e75c711a1593cd098ca867c5c888a0baa4f599758b788647,True,0,0.0,0.0,0.0,1.0,0.0,False,,conservar,radiopedia_0064.npz,pendiente de identificar pacientes,0.0,0.0,0.0,1.0,False
radiopedia_0065,radiopedia,65,True,-1256.230224609375,156.22637939453125,-447.35787491866085,485.504141443168,4f3401d2c3795b26b2cf0dd333e856812b82bd1f019f515fc1df8510f6f35db1,836e63b9c97a81c1e75c711a1593cd098ca867c5c888a0baa4f599758b788647,True,0,0.0,0.0,0.0,1.0,0.0,False,,conservar,radiopedia_0065.npz,pendiente de identificar pacientes,0.0,0.0,0.0,1.0,False
radiopedia_0066,radiopedia,66,True,-1179.8759765625,291.040771484375,-382.47162495326324,514.8099047913091,6f7e645b6b44ccc7a91a86042c4433502cd93518a1331ce5cbcb9b2efc798d21,836e63b9c97a81c1e75c711a1593cd098ca867c5c888a0baa4f599758b788647,True,0,0.0,0.0,0.0,1.0,0.0,False,,conservar,radiopedia_0066.npz,pendiente de identificar pacientes,0.0,0.0,0.0,1.0,False
radiopedia_0067,radiopedia,67,True,-1186.1165771484375,291.040771484375,-380.86964948870695,514.2244462235235,0bb8b2d254c43ff524749c782f547fd3dfadcfc5adc83a76131c68dd136273b0,836e63b9c97a81c1e75c711a1593cd098ca867c5c888a0baa4f599758b788647,True,0,0.0,0.0,0.0,1.0,0.0,False,,conservar,radiopedia_0067.npz,pendiente de identificar pacientes,0.0,0.0,0.0,1.0,False
radiopedia_0068,radiopedia,68,True,-1179.8759765625,291.040771484375,-380.14698753282914,514.1687799006821,62e7efd5a02d87d18101b8c9cde2f309a3eb11bf0bb81971b84453cd7a03358b,836e63b9c97a81c1e75c711a1593cd098ca867c5c888a0baa4f599758b788647,True,0,0.0,0.0,0.0,1.0,0.0,False,,conservar,radiopedia_0068.npz,pendiente de identificar pacientes,0.0,0.0,0.0,1.0,False
radiopedia_0069,radiopedia,69,True,-1186.1165771484375,291.040771484375,-378.8356823623776,514.9372289423804,09b05d376a42a81ce98e0c869752c26386623feb0580565c4520b656dbd2f644,836e63b9c97a81c1e75c711a1593cd098ca867c5c888a0baa4f599758b788647,True,0,0.0,0.0,0.0,1.0,0.0,False,,conservar,radiopedia_0069.npz,pendiente de identificar pacientes,0.0,0.0,0.0,1.0,False
radiopedia_0070,radiopedia,70,True,-1198.5233154296875,291.040771484375,-378.3764207641666,515.8024882673317,87e5c5265919cc1cbe0ac6aa31022d600595c596634e654db7de5ee6690ae7ea,836e63b9c97a81c1e75c711a1593cd098ca867c5c888a0baa4f599758b788647,True,0,0.0,0.0,0.0,1.0,0.0,False,,conservar,radiopedia_0070.npz,pendiente de identificar pacientes,0.0,0.0,0.0,1.0,False
radiopedia_0071,radiopedia,71,True,-1186.1165771484375,291.040771484375,-378.76384367379774,516.2937045430244,1bdaa7a947854157222c0ae556d14d243eb474320988bdfd884b502238c2aacb,836e63b9c97a81c1e75c711a1593cd098ca867c5c888a0baa4f599758b788647,True,0,0.0,0.0,0.0,1.0,0.0,False,,conservar,radiopedia_0071.npz,pendiente de identificar pacientes,0.0,0.0,0.0,1.0,False
radiopedia_0072,radiopedia,72,True,-1186.1165771484375,291.040771484375,-378.56317520203356,517.6810190952089,88ca1e5016a72c5dd15cd3fd80ef6aa6433076e0489241de0bfb0be1f6da7d14,836e63b9c97a81c1e75c711a1593cd098ca867c5c888a0baa4f599758b788647,True,0,0.0,0.0,0.0,1.0,0.0,False,,conservar,radiopedia_0072.npz,pendiente de identificar pacientes,0.0,0.0,0.0,1.0,False
radiopedia_0073,radiopedia,73,True,-1179.8759765625,291.040771484375,-378.2157885197205,517.9645249494477,6330f84dd578927307f21bb8f75c17715ad5f215e03d3795bb8d0d7a76862c7a,836e63b9c97a81c1e75c711a1593cd098ca867c5c888a0baa4f599758b788647,True,0,0.0,0.0,0.0,1.0,0.0,False,,conservar,radiopedia_0073.npz,pendiente de identificar pacientes,0.0,0.0,0.0,1.0,False
radiopedia_0074,radiopedia,74,True,-1179.8759765625,291.040771484375,-377.7793217788121,518.5393692600529,073fecf3f3430688a5601db0e391c9f208340c5cc7abe62095f43f7265b99fb2,25b53e9fcfed4ebbf63ffeb8cd046f1edeceac567395188648e282517103c380,True,0,0.0,0.0,0.000232696533203125,0.9997673034667969,0.0,False,,conservar,radiopedia_0074.npz,pendiente de identificar pacientes,0.0,0.0,0.0001983642578125,0.9998016357421875,False
radiopedia_0075,radiopedia,75,True,-1186.1165771484375,291.040771484375,-378.1861281923402,518.1297012403608,708260538dc5a67ef12006840f0ecb96744785d105faae7cffb85232c8e9bec9,881b2c32c3fe23dca643470540b778702a6de1d8a45612a8942bae8bf1fc0a6f,True,0,0.0,0.0,0.00189971923828125,0.9981002807617188,0.0,False,,conservar,radiopedia_0075.npz,pendiente de identificar pacientes,0.0,0.0,0.0018768310546875,0.9981231689453125,False
radiopedia_0076,radiopedia,76,True,-1173.6724853515625,291.040771484375,-379.4096876273793,518.7058351928619,56f6dd838c83dbb139212b48249a1c7d696a330303fdb6d42a58c00eb270d362,51c8e8221ba4d706491f056c3b8f5aad44ad116312bb346e606544ca502de566,True,0,0.0,0.0,0.003063201904296875,0.9969367980957031,0.0,False,,conservar,radiopedia_0076.npz,pendiente de identificar pacientes,0.0,0.0,0.00311279296875,0.99688720703125,False
radiopedia_0077,radiopedia,77,True,-1186.1165771484375,291.040771484375,-382.00495234832897,517.1679047180711,8e2488af1ec13f57c9f6f7dd1b0644cc2f6fe2d2da5114fb999635c6b04b8e62,f79e2d968956fca7f747decaf03b86acc821ef99cb7954cab2439fd8765c1b1c,True,40,0.00095367431640625,0.0,0.00385284423828125,0.9953460693359375,0.00095367431640625,False,,conservar,radiopedia_0077.npz,pendiente de identificar pacientes,0.0008697509765625,0.0,0.003936767578125,0.9951934814453125,False
radiopedia_0078,radiopedia,78,True,-1179.8759765625,291.040771484375,-384.3507220374936,517.2204765025506,cb6dfbf1350798f3d634705284a4577ec5a7238a8fa39852bbbc3f5f40251283,ca790552882a9e770b1e52210bd7bb08a35c58868b2f937e89e5129740fb5658,True,30,0.0024566650390625,0.0,0.004817962646484375,0.9928398132324219,0.0024566650390625,False,,conservar,radiopedia_0078.npz,pendiente de identificar pacientes,0.0024871826171875,0.0,0.0047149658203125,0.9927978515625,False
radiopedia_0079,radiopedia,79,True,-1192.3199462890625,291.040771484375,-387.3530240993812,515.3987978689146,6345229db43bbd1ecd97453ca8133db8012470aa4114691a66d813e42e7d0213,654e47f921138cd4eda22dc146f14389eb0e5e30d9215911127e2168d820498d,True,30,0.00405120849609375,0.0,0.005947113037109375,0.9901161193847656,0.00405120849609375,False,,conservar,radiopedia_0079.npz,pendiente de identificar pacientes,0.0040130615234375,0.0,0.0059661865234375,0.990020751953125,False
radiopedia_0080,radiopedia,80,True,-1198.5233154296875,291.040771484375,-390.1172499435836,514.1251323052089,cfbf187496d9c10ce61051d2491f356ad2d4fca32589d84182783022e4fd28ce,60d75ec49dd0fd21e4b145239b4ae22e25b6a75d5e708337976271d77b305c89,True,40,0.00701904296875,0.0,0.006732940673828125,0.9864006042480469,0.00701904296875,False,,conservar,radiopedia_0080.npz,pendiente de identificar pacientes,0.0070953369140625,0.0,0.0066680908203125,0.986236572265625,False
radiopedia_0081,radiopedia,81,True,-1210.93017578125,291.040771484375,-392.68872432835883,511.57699794231996,28f05a547cbb20d24e794c903f8642ecd7015ff4a50a435c4c441a7bcfb81660,f8c6db7b782a727a0cf04a48d99ee019575fd0d501375105b45871cc2ec0e5bc,True,43,0.0110321044921875,0.0,0.006381988525390625,0.9827499389648438,0.0110321044921875,False,,conservar,radiopedia_0081.npz,pendiente de identificar pacientes,0.011077880859375,0.0,0.006317138671875,0.98260498046875,False
radiopedia_0082,radiopedia,82,True,-1198.5233154296875,291.040771484375,-394.99063724027474,510.8417119176891,e6c282c11b4334b936d1a95eca6b4d7c2b1a73551a3bcf70fd38b2ca7806fcf1,552567d7c92684b4dfce35a12f15c0313495a942ce997f4eb973127b71bf34ea,True,128,0.0160675048828125,0.0,0.006153106689453125,0.9782676696777344,0.0160675048828125,False,,conservar,radiopedia_0082.npz,pendiente de identificar pacientes,0.0160675048828125,0.0,0.0062255859375,0.9777069091796875,False
radiopedia_0083,radiopedia,83,True,-1192.3199462890625,291.040771484375,-398.6813945365311,509.8994444427921,5168a611f6c91175e27edfc533f5fe4970fdc4f8476aeed35d46cf8d2de96e1c,679ab341a581c8917cc4f367fd1a71dba78701d08fbdd56cc8e5ce8a8be1e8d3,True,64,0.016590118408203125,0.0,0.010101318359375,0.9735527038574219,0.016590118408203125,False,,conservar,radiopedia_0083.npz,pendiente de identificar pacientes,0.0165863037109375,0.0,0.01019287109375,0.9732208251953125,False
radiopedia_0084,radiopedia,84,True,-1186.1165771484375,291.040771484375,-403.3419641301284,508.8856586890646,2fd70cebe5834243a347e267d905d01293cd866bcb0d87e631f2be6b94d39b16,6c21e39f1af3239ae1945c263774583cf1e2f45c05c563cea62161249a2d323a,True,101,0.019374847412109375,0.0,0.012554168701171875,0.9684562683105469,0.019374847412109375,False,,conservar,radiopedia_0084.npz,pendiente de identificar pacientes,0.019378662109375,0.0,0.0125579833984375,0.9680633544921875,False
radiopedia_0085,radiopedia,85,True,-1192.3199462890625,291.040771484375,-409.5749930257907,506.4941159575562,3ef06f8ecde6cbf22db5af80fa48504b3a4be88891d464d7038e8aeab2d59907,4a6c59160c7b0bf29b5914673cd75f11616258ab4b0355ae2992fb57c539898c,True,274,0.023822784423828125,0.0,0.016696929931640625,0.9605255126953125,0.023822784423828125,False,,conservar,radiopedia_0085.npz,pendiente de identificar pacientes,0.023712158203125,0.0,0.01678466796875,0.959503173828125,False
radiopedia_0086,radiopedia,86,True,-1167.4691162109375,291.040771484375,-417.3276941815277,505.5963950134027,c549670bb2490f968e0ed641cb259322d618576f906b31a7eb079fb8f1500c6f,8eefc8090954a5872a40ef772f91cfb625e8774742716713edb4055441b252dc,True,49,0.02433013916015625,0.0,0.025890350341796875,0.9499664306640625,0.02433013916015625,False,,conservar,radiopedia_0086.npz,pendiente de identificar pacientes,0.024169921875,0.0,0.0257568359375,0.9500732421875,False
radiopedia_0087,radiopedia,87,True,-1179.8759765625,291.040771484375,-425.5253444746497,502.9826008722327,31b5267f40f87964b6710f24d33f980bf0d87b712cb31038533afbb82dc2f130,5a2ab4a972dce28f60ab84fdf318a071264e3b4b3338c1e75d2e594b4d0bff67,True,87,0.0247955322265625,3.814697265625e-06,0.037738800048828125,0.9377937316894531,0.024799346923828125,False,,conservar,radiopedia_0087.npz,pendiente de identificar pacientes,0.0246734619140625,0.0,0.0379638671875,0.9373626708984375,True
radiopedia_0088,radiopedia,88,True,-1179.8759765625,291.040771484375,-432.8085407526744,501.30170646381924,356a69553c75102322b87a1d50b32cc27aa599112ea26956e0c6d1416d2c2aff,c670e73d8ff4c7a9c974a0be7b0509dc613adac4cb1e2c640c99d96613b6b3e2,True,154,0.0397796630859375,0.00037384033203125,0.03499603271484375,0.9254379272460938,0.04015350341796875,False,,conservar,radiopedia_0088.npz,pendiente de identificar pacientes,0.0396881103515625,0.000396728515625,0.035247802734375,0.9246673583984375,False
radiopedia_0089,radiopedia,89,True,-1192.3199462890625,291.040771484375,-438.94345663017157,498.3011583026395,89e3020d601f149f1bdaf8889db6ef74838de65c73a9e565679b82e449ddf92f,6d312d4644e008dcbef07fd9c5878faa265c4f70f4e7c166b274ae143d410928,True,112,0.04073333740234375,0.0,0.047367095947265625,0.9123268127441406,0.04073333740234375,False,,conservar,radiopedia_0089.npz,pendiente de identificar pacientes,0.0407257080078125,0.0,0.0475006103515625,0.911773681640625,False
radiopedia_0090,radiopedia,90,True,-1179.8759765625,291.040771484375,-443.15895026649514,494.83491837227785,ed9eedbfe385a9c5e676ca2dce74e40fbe41a8a12785c337f43cfe1d1e79f099,60523b1ad7dacd844281d846ade631ed05e0159d2868cef773af8a230b0b30b0,True,85,0.053562164306640625,0.0,0.049724578857421875,0.8970375061035156,0.053562164306640625,False,,conservar,radiopedia_0090.npz,pendiente de identificar pacientes,0.053375244140625,0.0,0.04962158203125,0.897003173828125,False
radiopedia_0091,radiopedia,91,True,-1179.8759765625,291.040771484375,-445.59053351413377,488.4762433870273,fab63f0403dc337f3989daf696af8557871c20d910bcda80c4c20dcccc40b7cd,7017aafe1fd94c159edc7510a5503b8f69cb4812e2715294e1c0b499e20c8195,True,65,0.06764984130859375,0.0,0.0528106689453125,0.8797874450683594,0.06764984130859375,False,,conservar,radiopedia_0091.npz,pendiente de identificar pacientes,0.06744384765625,0.0,0.0529327392578125,0.8796234130859375,False
radiopedia_0092,radiopedia,92,True,-1186.1165771484375,291.040771484375,-449.56146434428115,482.60192145871264,9537debbcb5ef904d69c25c3c5d32d113c64e4dac4ffbe6569e2d59837f5412f,f3799c407d2c515f4291bd283105637d2a57488cb8ab78e1405f559caecc3a7a,True,27,0.08364486694335938,0.0,0.05517578125,0.8612823486328125,0.08364486694335938,False,,conservar,radiopedia_0092.npz,pendiente de identificar pacientes,0.0835723876953125,0.0,0.0552825927734375,0.86114501953125,False
radiopedia_0093,radiopedia,93,True,-1186.1165771484375,291.040771484375,-460.1079975374496,474.8675054835644,b735ba8ea8231931066d8d2ebc413aecbdb9ef4ef5cbcd026a58ea6a0554975c,9796d4811d90242e1f346d738c6b51e564b7214d513bac227ca2670182100291,True,10,0.10717391967773438,7.62939453125e-06,0.061191558837890625,0.8316650390625,0.10718154907226562,False,,conservar,radiopedia_0093.npz,pendiente de identificar pacientes,0.1071929931640625,0.0,0.06134033203125,0.8314666748046875,True
radiopedia_0094,radiopedia,94,True,-1179.8759765625,291.040771484375,-469.96575198766436,470.1690279365611,f8aa3da9ae8a9faccd9dc208a3eed77f20da40181cc97491e4b5090e58b3f031,2475dee171dfc42ab1ec9ca9dcd2a2eb04b7b4e3533c19d51e59ad5a3cef4dc8,True,6,0.13087081909179688,3.814697265625e-06,0.061626434326171875,0.8075218200683594,0.1308746337890625,False,,conservar,radiopedia_0094.npz,pendiente de identificar pacientes,0.130645751953125,1.52587890625e-05,0.0617523193359375,0.807586669921875,False
radiopedia_0095,radiopedia,95,True,-1179.8759765625,291.040771484375,-471.6771167545785,467.21710588809884,806a8cb79d4e196a276121146fc301a4eb578a0fd97096df646da0e84d2d383e,d32659220da4f44c82bf81237d228dad478d09683e84a74a0ab323e675b094fb,True,41,0.14166259765625,0.0,0.055431365966796875,0.8030624389648438,0.14166259765625,False,,conservar,radiopedia_0095.npz,pendiente de identificar pacientes,0.141448974609375,0.0,0.0554962158203125,0.8030548095703125,False
radiopedia_0096,radiopedia,96,True,-1167.4691162109375,291.040771484375,-466.2901075388827,467.9031063605744,4e13a66b89e1dfe95b35032285f2d57109180b5d57ab0b414bdbbdb8579e1630,7e4fba75f05e29fd88f0c27318257c7537990ee5b34c0b3bead2398c633d8906,True,19,0.13604354858398438,7.62939453125e-05,0.058582305908203125,0.8053703308105469,0.13611984252929688,False,,conservar,radiopedia_0096.npz,pendiente de identificar pacientes,0.135894775390625,4.57763671875e-05,0.0588226318359375,0.80523681640625,False
radiopedia_0097,radiopedia,97,True,-1192.3199462890625,291.040771484375,-458.75586217993396,467.7183068893248,0ce0ace50ade1a81c6da6bd4638baaa71a2204109d708817dd2fd2f9a5605824,7ec28a4723986db3c46c62c43159def6d974ca4b017828e29b25e3586e8d226e,True,36,0.13210296630859375,0.0002899169921875,0.05951690673828125,0.8082275390625,0.13239288330078125,False,,conservar,radiopedia_0097.npz,pendiente de identificar pacientes,0.131866455078125,0.000274658203125,0.059783935546875,0.808074951171875,False
radiopedia_0098,radiopedia,98,True,-1186.1165771484375,291.040771484375,-451.538223592604,468.95225351477785,74ad99450820fd1942ff94ed6b7930fa34715fdb2bbde691c0767ef988b79e42,fa61cc2e905ca73ce9de6344e9d6014ad105566c8255034085475b6b028df935,True,31,0.13199615478515625,0.000438690185546875,0.0580596923828125,0.8096237182617188,0.13243484497070312,False,,conservar,radiopedia_0098.npz,pendiente de identificar pacientes,0.13201904296875,0.000457763671875,0.0580902099609375,0.8094329833984375,False
radiopedia_0099,radiopedia,99,True,-1179.8759765625,291.040771484375,-444.55285551769816,469.9484780247391,9649b595e1c671bbdebb182c43e6ca8663c8cbcf51e71024dd16399f798314b9,c6c95a91e2f6adbae16b1d55ac3f8ca0b66b0f2b21f47a945efec874d475e1c6,True,27,0.13221359252929688,0.000713348388671875,0.055858612060546875,0.8113174438476562,0.13292694091796875,False,,conservar,radiopedia_0099.npz,pendiente de identificar pacientes,0.1325531005859375,0.000701904296875,0.0554656982421875,0.811279296875,False
radiopedia_0100,radiopedia,100,True,-1210.93017578125,291.040771484375,-437.6782881087545,471.72705135908376,e9311832e7a4c668d921442edd046ce0c6f5a7108c470787c72b65a55aa5813e,5ee7a7b930a42f31f2f0e473cce902eae38363bd5253d8f8ba8258f22b2ceca1,True,7,0.130035400390625,0.0,0.058155059814453125,0.8118362426757812,0.130035400390625,False,,conservar,radiopedia_0100.npz,pendiente de identificar pacientes,0.1299591064453125,0.0,0.05810546875,0.8119354248046875,False
radiopedia_0101,radiopedia,101,True,-1179.8759765625,291.040771484375,-432.239451464819,472.1667619968352,37ebd9bb12b6ce9969911309ded38ad5f1f52aa758393a03778f04a86b5216f9,ac20e748bca0c838400e4ba98dd4ba9c645cd6a9d66cbcae215dd52f18bfdab5,True,13,0.12877655029296875,0.0,0.0559844970703125,0.8152885437011719,0.12877655029296875,False,,conservar,radiopedia_0101.npz,pendiente de identificar pacientes,0.1288909912109375,0.0,0.055877685546875,0.8152313232421875,False
radiopedia_0102,radiopedia,102,True,-1173.6724853515625,291.040771484375,-427.89846135570747,472.97246194926527,b47d549be42e5506cc91b65ae81927419f90d5e1e68fa579a32fe0f4a03e428e,73b0ebf5a311a29c622e86a9fda552f496d53a9d0b940612e3a0fefc5030058e,True,20,0.12969970703125,0.0,0.050662994384765625,0.8197135925292969,0.12969970703125,False,,conservar,radiopedia_0102.npz,pendiente de identificar pacientes,0.12982177734375,0.0,0.05059814453125,0.819580078125,False
radiopedia_0103,radiopedia,103,True,-1192.3199462890625,291.040771484375,-426.29852736361545,471.5557990031935,3f7d68f09bb0348b85e857b873b233f20c63e0defb01ffddf6a98310e827ff37,a024c1e1c2e862584880bdc78ec0fd8cacbc183fbbd19a362435c5e4deb2391e,True,6,0.13171768188476562,6.866455078125e-05,0.046672821044921875,0.821563720703125,0.13178634643554688,False,,conservar,radiopedia_0103.npz,pendiente de identificar pacientes,0.13189697265625,6.103515625e-05,0.0467987060546875,0.8212432861328125,False
radiopedia_0104,radiopedia,104,True,-1173.6724853515625,291.040771484375,-425.44676779910515,471.87016916454525,34593438fd8687b3e193f4de4d38f6a20d129b6e19305f103630999dbb793d6f,fe4d4699b9c2b46fcb7fa4d269524c0aa377d3f84ac97e844f91004c77e20fee,True,3,0.12964630126953125,0.0,0.049030303955078125,0.8213348388671875,0.12964630126953125,False,,conservar,radiopedia_0104.npz,pendiente de identificar pacientes,0.12957763671875,0.0,0.0490875244140625,0.8213348388671875,False
radiopedia_0105,radiopedia,105,True,-1173.6724853515625,291.040771484375,-424.4294715094629,472.5258405954715,b95386eae91781dbe7382e2a82c7f46c5c6fd3d3dac8da83f90f3598df3207fd,15bcc63f07253d220d584fc4437201666b846393c9a337258f47213796e6688f,True,37,0.12369537353515625,3.814697265625e-06,0.053348541259765625,0.8230934143066406,0.12369918823242188,False,,conservar,radiopedia_0105.npz,pendiente de identificar pacientes,0.123870849609375,0.0,0.05316162109375,0.822967529296875,True
radiopedia_0106,radiopedia,106,True,-1161.2657470703125,291.040771484375,-422.91745154069076,474.352933835784,505d76a22afac1cf777da54f5e5fc45a9fc2fbac87892c5606e0552d9ba7d4dc,eb3ae6659c025e73fddb061f361f971ca6fe4e65885fc87a65b2096e45f328cf,True,12,0.11615753173828125,1.9073486328125e-05,0.06092071533203125,0.8229484558105469,0.11617660522460938,False,,conservar,radiopedia_0106.npz,pendiente de identificar pacientes,0.1159210205078125,1.52587890625e-05,0.0615997314453125,0.8224639892578125,False
radiopedia_0107,radiopedia,107,True,-1179.8759765625,291.040771484375,-423.20090124621197,475.1834303125327,4bc1f88eb6b710617cd679c8a5228ea31046f2ca761357fa39b21d2bf56d8488,1473ddccec8cd89c7a91f2d5e32d83790a9576a0388b8cde4d2fffce27967d89,True,2,0.11548614501953125,0.0,0.062343597412109375,0.8221778869628906,0.11548614501953125,False,,conservar,radiopedia_0107.npz,pendiente de identificar pacientes,0.1157989501953125,0.0,0.0621185302734375,0.82208251953125,False
radiopedia_0108,radiopedia,108,True,-1217.1336669921875,291.040771484375,-426.4913131755536,476.4645718718345,19afb6e9bbba1b2d5e0f07907a4ec984cf3f7523847694a02736947db2b7e287,d5dc25156d63e1a41260ea6afdab8401fcd517eb8971390e4da613dceb160abc,True,4,0.11580276489257812,0.0,0.06436920166015625,0.8198432922363281,0.11580276489257812,False,,conservar,radiopedia_0108.npz,pendiente de identificar pacientes,0.1160430908203125,0.0,0.06439208984375,0.8195648193359375,False
radiopedia_0109,radiopedia,109,True,-1179.8759765625,291.040771484375,-430.1896644184867,476.24597483926806,bf8363166da9686b8e25d2eb30b0219f6104dcdc602a05f56150957c1237d187,a3398ea81f6f95e7a9577756f7485258e07882aba3a005e91cbdda96488416ec,True,20,0.12118148803710938,0.0,0.062236785888671875,0.8166580200195312,0.12118148803710938,False,,conservar,radiopedia_0109.npz,pendiente de identificar pacientes,0.1212005615234375,0.0,0.062103271484375,0.8166961669921875,False
radiopedia_0110,radiopedia,110,True,-1186.1165771484375,291.040771484375,-434.01062448270955,474.3260387191492,9c42f8ae1b25eaf0b8688932548c70cad4241966d10908ddea3f56b9ac561505,373716918bb67f40a278d13104c3f1e93e25d35f184d0df879e0e77b65cb0d47,True,23,0.1232757568359375,0.0,0.06146240234375,0.8153495788574219,0.1232757568359375,False,,conservar,radiopedia_0110.npz,pendiente de identificar pacientes,0.1234588623046875,0.0,0.061248779296875,0.8152923583984375,False
radiopedia_0111,radiopedia,111,True,-1179.8759765625,291.040771484375,-437.1832571310415,471.7205716239842,054f7fb1ad6cf73641c5b8c239af1ae9b6266f509221e9fd5f6ba12b88ba9bd4,dced9bdaf7577a3a09a8ca2543ef9822e6c985aff19f358e6814b7421533f5f4,True,38,0.12301254272460938,0.0,0.0643463134765625,0.8127861022949219,0.12301254272460938,False,,conservar,radiopedia_0111.npz,pendiente de identificar pacientes,0.1231689453125,0.0,0.0642852783203125,0.8125457763671875,False
radiopedia_0112,radiopedia,112,True,-1198.5233154296875,291.040771484375,-439.15912856747127,471.9987480839177,27051e334ccd0e97b78c3ba39f2c4760ecde8d527ce18e8dc64c48d98551ade9,7e5d7be527907df543b37548e59842a5335d17aac077b8ea228b41563f334eb8,True,27,0.12093734741210938,0.0,0.070281982421875,0.8088836669921875,0.12093734741210938,False,,conservar,radiopedia_0112.npz,pendiente de identificar pacientes,0.1210174560546875,0.0,0.070159912109375,0.8088226318359375,False
radiopedia_0113,radiopedia,113,True,-1167.4691162109375,291.040771484375,-440.0230776853771,471.6794481803548,f6fc2a22c4b7462a44f15b3bec55c4ac54cd3e52e690cebeaaa04fdbb55a7a63,744c9d1dd59922423316e8046242d68f9e20e235ad78ad8d41399a1ff1c1515d,True,61,0.12148666381835938,0.0,0.07299423217773438,0.8057518005371094,0.12148666381835938,False,,conservar,radiopedia_0113.npz,pendiente de identificar pacientes,0.1213836669921875,0.0,0.0731658935546875,0.805450439453125,False
radiopedia_0114,radiopedia,114,True,-1198.5233154296875,291.040771484375,-440.38553836994106,471.4018274843503,dfa19f3f2b072eb22780f2991f8574738f74fe30d1e3ea25bf465f637f27f22a,68696d3464eb94b6c76838b69007c696d1b1a9a63b154d158c0858604a7353fa,True,35,0.12569427490234375,0.0,0.07241439819335938,0.8020248413085938,0.12569427490234375,False,,conservar,radiopedia_0114.npz,pendiente de identificar pacientes,0.125579833984375,0.0,0.0724334716796875,0.8019866943359375,False
radiopedia_0115,radiopedia,115,True,-1179.8759765625,291.040771484375,-442.84157344395976,471.38814295677577,9d9b7981263ce8782c3b2e31794a99cbfd2aed5ab77320ad173756ee7a471ca0,9e04decb67103b04db2815ac886617735e1d39ce2545b16dc969f9a00f30a754,True,42,0.1221466064453125,0.0,0.0757598876953125,0.8022537231445312,0.1221466064453125,False,,conservar,radiopedia_0115.npz,pendiente de identificar pacientes,0.122344970703125,0.0,0.0755767822265625,0.8020782470703125,False
radiopedia_0116,radiopedia,116,True,-1173.6724853515625,291.040771484375,-447.6422184905532,472.67408874776936,22da142ec85825db4d82bddd523b24a224fd59a7fcb2612d4a0e8dd744f2c9cd,13d48f229e0f62d40ac00c0b864ce5443551fe4b9925cd5b71b1a8bff984db81,True,59,0.1234283447265625,0.0,0.07572555541992188,0.8010711669921875,0.1234283447265625,False,,conservar,radiopedia_0116.npz,pendiente de identificar pacientes,0.1234893798828125,0.0,0.0757904052734375,0.80072021484375,False
radiopedia_0117,radiopedia,117,True,-1192.3199462890625,291.040771484375,-455.17867538684413,472.547418981648,e0c3eb8a32966e9172a288d1377c0e7ac3f8bf6bae8216e52514b36813d55b28,9589bfc19198a22348d9816094bdad1462e35718fd6e3071a7ea5efb83a590a4,True,36,0.12285614013671875,0.0,0.0768585205078125,0.8004226684570312,0.12285614013671875,False,,conservar,radiopedia_0117.npz,pendiente de identificar pacientes,0.1226654052734375,0.0,0.077392578125,0.7999420166015625,False
radiopedia_0118,radiopedia,118,True,-1173.6724853515625,291.040771484375,-461.7488067732959,473.3927234928832,b39e0427fa2debe117b1d5d4378fa87dfd4bea97d0f3bfb214a257f35e266eca,43ca77d058e02af1352482e0eaae3ac2dd5df119ca93430b539475057bdb4a63,True,63,0.12597274780273438,0.0,0.07381820678710938,0.8004493713378906,0.12597274780273438,False,,conservar,radiopedia_0118.npz,pendiente de identificar pacientes,0.125701904296875,0.0,0.0743408203125,0.799957275390625,False
radiopedia_0119,radiopedia,119,True,-1179.8759765625,291.040771484375,-462.5283534460584,473.36090785322483,3ddb24705f64da19a89d6923bf08448ca82e0cc0f3cce26ba7c7b597499f025a,f524159068004ccbb63bfe15f94299e8ac2b8660ea1164070489a4f0ad8ddac5,True,81,0.11186599731445312,0.00041961669921875,0.08397293090820312,0.8040504455566406,0.11228561401367188,False,,conservar,radiopedia_0119.npz,pendiente de identificar pacientes,0.11181640625,0.0004425048828125,0.08416748046875,0.8035736083984375,False
radiopedia_0120,radiopedia,120,True,-1192.3199462890625,291.040771484375,-463.02804712447846,476.0740003732495,8398e513391dcca39463535d21de7fa8ecacdb7327fb37e72d1ae79f53c097ee,973edce1d3ea80a4cbee7b3e27a3ffa63aa1997875e4549e11b31be344d3490e,True,22,0.11612701416015625,0.0,0.07871246337890625,0.8052444458007812,0.11612701416015625,False,,conservar,radiopedia_0120.npz,pendiente de identificar pacientes,0.116241455078125,0.0,0.07867431640625,0.805084228515625,False
radiopedia_0121,radiopedia,121,True,-1204.726806640625,291.040771484375,-464.10698958486773,476.8999416286392,f41a91c8e8a6f173d9510cd23349d4bf6182691a2d8cb4f7454e5eadb7b00b61,e3c481cc23654d0ec201f8a981ae6f9136abf1b7fe35032c2ea4ecea22c521ec,True,136,0.12228012084960938,0.0,0.07466506958007812,0.8035736083984375,0.12228012084960938,False,,conservar,radiopedia_0121.npz,pendiente de identificar pacientes,0.12237548828125,0.0,0.074371337890625,0.803253173828125,False
radiopedia_0122,radiopedia,122,True,-1186.1165771484375,291.040771484375,-466.8021894310741,478.5881708139933,73f88eee16486f49e13924670fe13a37da53e9209cc4a45bbc51122f75e9bf20,f1d655f20f6cc110a5dc8475cb2f5972f4afe4a4e62f11aa334834b2aa34a37e,True,24,0.12311172485351562,3.814697265625e-05,0.07219314575195312,0.80474853515625,0.12314987182617188,False,,conservar,radiopedia_0122.npz,pendiente de identificar pacientes,0.1234130859375,3.0517578125e-05,0.071929931640625,0.80462646484375,False
radiopedia_0123,radiopedia,123,True,-1186.1165771484375,291.040771484375,-472.03018413995073,479.1660923858088,07fd841bd0c639fbd6a91c6cdfde28d21d0c0bd250b22ae0cbe9035fab7d96da,c4f6a8b1b9a6ef71731c5ad1f298f5b813dec9cacc21f08407d0ebd42fdf98d3,True,49,0.10965728759765625,0.00064849853515625,0.08125686645507812,0.808624267578125,0.1103057861328125,False,,conservar,radiopedia_0123.npz,pendiente de identificar pacientes,0.1099853515625,0.00067138671875,0.0810546875,0.80828857421875,False
radiopedia_0124,radiopedia,124,True,-1173.6724853515625,291.040771484375,-476.75613930293093,478.99390766876616,21b7b27d62d32ba9e32cd376f055b3b84aa4ea181833f058b72b0780cafc7f6c,33819d9cf82fbbf505f07427435ef4ec5ec61aa25c93b7ef49f70cb74fd515fe,True,54,0.1021881103515625,0.00072479248046875,0.08429718017578125,0.8129959106445312,0.10291290283203125,False,,conservar,radiopedia_0124.npz,pendiente de identificar pacientes,0.1021728515625,0.000701904296875,0.0843505859375,0.812774658203125,False
radiopedia_0125,radiopedia,125,True,-1186.1165771484375,291.040771484375,-482.59395332891927,477.46960760741365,54b27da606d259247e6d480e19965a185c51ac6a41b70e4c7ae03f0b3e80cedc,9e60a2a7a02481963a6c31250963081403eb985489e368ce72097afebb9d2404,True,59,0.09888458251953125,0.000606536865234375,0.08519363403320312,0.8155403137207031,0.09949111938476562,False,,conservar,radiopedia_0125.npz,pendiente de identificar pacientes,0.0988311767578125,0.000579833984375,0.08526611328125,0.8153228759765625,False
radiopedia_0126,radiopedia,126,True,-1186.1165771484375,291.040771484375,-487.43381217918545,477.89086964015263,d4d4598762116f5c06b0ba3a9115afdde4a351acd598c6b87dc741d60d214ccb,d7aebdbff7932aca92cbbbf491eb000f051948014deda6067c5b62909cfa2995,True,161,0.09266281127929688,0.000247955322265625,0.09011077880859375,0.8175926208496094,0.0929107666015625,False,,conservar,radiopedia_0126.npz,pendiente de identificar pacientes,0.092132568359375,0.0002288818359375,0.0905303955078125,0.817108154296875,False
radiopedia_0127,radiopedia,127,True,-1192.3199462890625,291.040771484375,-489.9120323289228,478.25740118271824,feec8aa1e2afd5bfb68efe578566afdaf924586843afa7d442a50bba000a78ce,aaaaab5498d148337439e98136f321cf48e36567221074b8b172297d1f656fb7,True,46,0.08860397338867188,0.0,0.09537506103515625,0.8161964416503906,0.08860397338867188,False,,conservar,radiopedia_0127.npz,pendiente de identificar pacientes,0.088592529296875,0.0,0.095428466796875,0.81597900390625,False
radiopedia_0128,radiopedia,128,True,-1167.4691162109375,291.040771484375,-491.6790446430232,480.9775206790734,d1aaffa1cafcaf9cd9b9ab71d034090494aa0e05d37d57faeccc8cd387c32afb,e4459379be434b10b495f742ac94db0fef997cd80529ec3d4407f115ac7445c4,True,26,0.08453369140625,0.0,0.09566116333007812,0.8199043273925781,0.08453369140625,False,,conservar,radiopedia_0128.npz,pendiente de identificar pacientes,0.0843963623046875,0.0,0.0957794189453125,0.81982421875,False
radiopedia_0129,radiopedia,129,True,-1173.6724853515625,291.040771484375,-495.47535399321964,482.14528139922277,bedf46c990f473c0e38df15424c9347d80eac691b22ae78d0e7e935326cbedb7,8af625794ffa21e8f23e02599fc00bffed92e1ee99c2c331132e80ebd93cd2f6,True,46,0.07637786865234375,0.0,0.101776123046875,0.822021484375,0.07637786865234375,False,,conservar,radiopedia_0129.npz,pendiente de identificar pacientes,0.0764007568359375,0.0,0.1016998291015625,0.8218994140625,False
radiopedia_0130,radiopedia,130,True,-1198.5233154296875,291.040771484375,-500.78230736420664,483.4915490768294,91f6b300d782a3bf7ab44869a9e3837990bffc4781524acddfe1db1f1d09390a,84ca680b5f2318ba2b7faa9d6f57317cea63a2c1fb7172880f20cf2e0eb6c0f4,True,24,0.06702804565429688,0.0,0.108184814453125,0.8248786926269531,0.06702804565429688,False,,conservar,radiopedia_0130.npz,pendiente de identificar pacientes,0.0672760009765625,0.0,0.108001708984375,0.8247222900390625,False
radiopedia_0131,radiopedia,131,True,-1179.8759765625,291.040771484375,-507.73628546582086,483.3438704999484,ae8bdca64c0a6efa1c0adaf41bc66178e006d1c05d7f03df8f7bd84c1509ff8a,c02d39588924a3adce5d24c37dbc549e23c7f5661dfa2a2e1cb427c6bffbc0c1,True,37,0.0613250732421875,1.52587890625e-05,0.111175537109375,0.8276252746582031,0.06134033203125,False,,conservar,radiopedia_0131.npz,pendiente de identificar pacientes,0.0613250732421875,1.52587890625e-05,0.11114501953125,0.8275146484375,False
radiopedia_0132,radiopedia,132,True,-1179.8759765625,291.040771484375,-514.8151393845828,483.97997765015856,6dbdde9d10801ae624b7ee82baa5c92cd17bb18f3a8ee410e150346f69a1d2b6,0c4357675121f7af109d04680831dd4225bcb2b89131cd8493a5ff426f0480d3,True,45,0.060466766357421875,7.62939453125e-06,0.10670089721679688,0.8329963684082031,0.060474395751953125,False,,conservar,radiopedia_0132.npz,pendiente de identificar pacientes,0.06048583984375,1.52587890625e-05,0.106903076171875,0.8325958251953125,False
radiopedia_0133,radiopedia,133,True,-1192.3199462890625,291.040771484375,-518.4063452304401,485.5432489967641,abf0da88558e0f5e66971d0561821f44d16083ee2fdc5196a714987fc9d8ab13,e4a82e1f6d56eb71fe9530f48ebe02b35a56ec0a25db81e1decf5224d2f6e332,True,61,0.05615997314453125,0.0,0.10637283325195312,0.8376998901367188,0.05615997314453125,False,,conservar,radiopedia_0133.npz,pendiente de identificar pacientes,0.0562896728515625,0.0,0.1062774658203125,0.837432861328125,False
radiopedia_0134,radiopedia,134,True,-1198.5233154296875,291.040771484375,-517.6027473115598,488.53608105819933,bd0e7d894dcee3eea0139a32f3e869a7fa5566b361bff7e68e3eee0913a5b5c9,2af05c3679a193d1c27f55c769bccf97107b86a68e417c7f1c94d805a8aa487f,True,87,0.061603546142578125,7.62939453125e-06,0.09493637084960938,0.8437843322753906,0.061611175537109375,False,,conservar,radiopedia_0134.npz,pendiente de identificar pacientes,0.061614990234375,0.0,0.09515380859375,0.843231201171875,True
radiopedia_0135,radiopedia,135,True,-1186.1165771484375,291.040771484375,-516.8413787240206,491.1317263801355,6b1dfa615413766c71808c045127a4ab6f111c3244217e8873aa47bfc25d94a4,ce0442fcb086649379565d2e4117125e13b4ad569b43328d3c46b39c0c96923d,True,25,0.06201171875,0.0,0.08785247802734375,0.8502311706542969,0.06201171875,False,,conservar,radiopedia_0135.npz,pendiente de identificar pacientes,0.0621490478515625,0.0,0.087677001953125,0.8501739501953125,False
radiopedia_0136,radiopedia,136,True,-1217.1336669921875,291.040771484375,-515.8478230882342,495.2409275677155,a1cab7e365c40fe9524426d0a881c629ad0d7852590ab873ac9315c33e1ad025,178e125f662541c5985ce65de9717f34597b679ce49afef833427a59ff699025,True,0,0.05797576904296875,0.0,0.08533477783203125,0.856689453125,0.05797576904296875,False,,conservar,radiopedia_0136.npz,pendiente de identificar pacientes,0.0579681396484375,0.0,0.085479736328125,0.8565521240234375,False
radiopedia_0137,radiopedia,137,True,-1186.1165771484375,291.040771484375,-515.3291907325126,497.7949076354875,baabf9661d472e20a60ea6c61d65146130b87c9b9b9856540efd896cf68e702a,e403ef1d78abf57b963e009b2988ab4e6c6c37d6fa573f56aff96bd208cc56dc,True,2,0.0479278564453125,0.0,0.08805465698242188,0.8640251159667969,0.0479278564453125,False,,conservar,radiopedia_0137.npz,pendiente de identificar pacientes,0.0478363037109375,0.0,0.0880889892578125,0.86407470703125,False
radiopedia_0138,radiopedia,138,True,-1198.5233154296875,291.040771484375,-516.4446387663033,499.7955260392448,0da68a6a51f05ce7b11eeab54f43a8687d8af7cb9c655a0521aea72842a54f56,a68171787d702ede2115d3ee53ddbf9a27ea6381fc4975eb36fa7b852c1bd833,True,3,0.03961181640625,0.0,0.08807373046875,0.8723258972167969,0.03961181640625,False,,conservar,radiopedia_0138.npz,pendiente de identificar pacientes,0.0395965576171875,0.0,0.08807373046875,0.8723297119140625,False
radiopedia_0139,radiopedia,139,True,-1179.8759765625,291.040771484375,-515.459449117865,501.01737569400063,e1d4852937fd1bb4b58916172a4c96459c49aa6c740709b6f48dad8009aec6dd,252fd0bb06903f042b6e3b2275e3493ee9f2cd5d9a762197fa595f25ff115d2d,True,2,0.033351898193359375,0.0,0.08506011962890625,0.8815956115722656,0.033351898193359375,False,,conservar,radiopedia_0139.npz,pendiente de identificar pacientes,0.033477783203125,0.0,0.084930419921875,0.881591796875,False
radiopedia_0140,radiopedia,140,True,-1179.8759765625,291.040771484375,-514.2612079820401,503.3902061073025,9e9dce6636be85b5b683a88044775da24ea5220591a285cdec96fe5b70debb63,f6aac327b152c584e1ea1d9ed84eb11473f62feee63ad76b5ecba8de8dce68ff,True,38,0.032581329345703125,1.52587890625e-05,0.07528305053710938,0.8922653198242188,0.032596588134765625,False,,conservar,radiopedia_0140.npz,pendiente de identificar pacientes,0.0324249267578125,3.0517578125e-05,0.0753021240234375,0.892242431640625,False
radiopedia_0141,radiopedia,141,True,-1179.8759765625,291.040771484375,-511.08876698008567,506.73498166929613,4f592d0cf7f89df23ebd83025d09940552296b16b9b58191f1ab5c24ea0f2b99,db348c257c3bd51a92e97eb73c0a91a3ee71b2abc23808ff685ffd32b68eb9a0,True,47,0.027065277099609375,7.62939453125e-06,0.06983184814453125,0.9032745361328125,0.027072906494140625,False,,conservar,radiopedia_0141.npz,pendiente de identificar pacientes,0.0271759033203125,1.52587890625e-05,0.0697021484375,0.903106689453125,False
radiopedia_0142,radiopedia,142,True,-1192.3199462890625,291.040771484375,-508.3673990053435,508.6398572986538,4f27387f3306b4643de2a8ff35227d8e4fe8d0e29e17114f254a10edd66d7502,141ed03dcae3e982d68e9ef83f9c8d0185a3c4756201e7530d1b32348c662ef5,True,17,0.019466400146484375,0.0,0.0662841796875,0.9143142700195312,0.019466400146484375,False,,conservar,radiopedia_0142.npz,pendiente de identificar pacientes,0.01947021484375,0.0,0.0663604736328125,0.9141693115234375,False
radiopedia_0143,radiopedia,143,True,-1198.5233154296875,291.040771484375,-505.160106916911,508.52402781775544,a966f72c7a170d2a0f91655e1305d9990037f545f0e9b2cb6dee7a6441320255,1fce3756ce11d0e9aaaa76c99135f4bb14b4ebc2fad6e4ee01b2e1dc64719708,True,30,0.018310546875,0.0,0.057323455810546875,0.9244804382324219,0.018310546875,False,,conservar,radiopedia_0143.npz,pendiente de identificar pacientes,0.0184326171875,0.0,0.057220458984375,0.924346923828125,False
radiopedia_0144,radiopedia,144,True,-1192.3199462890625,291.040771484375,-501.94079082209737,509.8229158229556,d27223e4f4968034b024a3e79fd6bb6b74f024c66ad23805d416954b8d3f2632,571f3cd55d5fc05309d07dd21333a9fddf4b4f84a7fee4292cfbcc0ce15e09e5,True,12,0.017292022705078125,0.0,0.047428131103515625,0.9353256225585938,0.017292022705078125,False,,conservar,radiopedia_0144.npz,pendiente de identificar pacientes,0.0173797607421875,0.0,0.04730224609375,0.9353179931640625,False
radiopedia_0145,radiopedia,145,True,-1161.2657470703125,291.040771484375,-499.89976400071714,509.7450177340251,4fcfb6d38ece09cb7c3b78d9a13078d4f79a473b1fee9b4b3e60eae92b1362a2,3c4097b76cd6f370c71a9d2468bb951bf1892071874f1608b132e15278d91a41,True,19,0.01380157470703125,0.0,0.040431976318359375,0.9458389282226562,0.01380157470703125,False,,conservar,radiopedia_0145.npz,pendiente de identificar pacientes,0.0137176513671875,0.0,0.0405120849609375,0.945770263671875,False
radiopedia_0146,radiopedia,146,True,-1173.6724853515625,291.040771484375,-500.33996744157594,510.4433627829156,6e62913107af464159101f43e6d8b2844aacf4ed09c4de7b287822f4d28305d9,1c7b07a3f0d44d7dba684d62ff563d50b1c753b902b6c250c0b652134b69b341,True,37,0.014095306396484375,0.0,0.029277801513671875,0.9567680358886719,0.014095306396484375,False,,conservar,radiopedia_0146.npz,pendiente de identificar pacientes,0.0141448974609375,0.0,0.029327392578125,0.9565277099609375,False
radiopedia_0147,radiopedia,147,True,-1161.2657470703125,291.040771484375,-501.97829914742033,510.7222142018072,af2491fceadcccfca75a368f0a5bdba32ca5aca4edb5c1ac6fd210c2c483a57e,12a350dcd25e91c807f25f2032d971ef16e132ce7f8d902b2488173846ba69a0,True,5,0.01058197021484375,0.0,0.02126312255859375,0.9681739807128906,0.01058197021484375,False,,conservar,radiopedia_0147.npz,pendiente de identificar pacientes,0.0105133056640625,0.0,0.0212860107421875,0.96820068359375,False
radiopedia_0148,radiopedia,148,True,-1167.4691162109375,291.040771484375,-503.35552061226144,513.1237397266261,86fb93a1d3c01455d2dcd6ad6eba4bfc4ab2f1cd84d6a22859b5b053de1e120c,8a476c00824a3781df882f28722da189d7a375ab8a62345c91b4bb05d45d63dc,True,21,0.007053375244140625,0.0,0.015010833740234375,0.9780158996582031,0.007053375244140625,False,,conservar,radiopedia_0148.npz,pendiente de identificar pacientes,0.0070037841796875,0.0,0.0150909423828125,0.9779052734375,False
radiopedia_0149,radiopedia,149,True,-1186.1165771484375,291.040771484375,-503.5202496107802,514.4584203912302,d95dedc6a23e2096d2588f1d6188282c8b34d02eda5c13fe63354907b0dcada0,28df81be42e726a59146aad32ccced5ec361f88b34e0d3c83f96df5785cc360a,True,7,0.004467010498046875,0.0,0.007495880126953125,0.9880638122558594,0.004467010498046875,False,,conservar,radiopedia_0149.npz,pendiente de identificar pacientes,0.0044403076171875,0.0,0.00750732421875,0.9880523681640625,False
radiopedia_0150,radiopedia,150,True,-1173.6724853515625,291.040771484375,-505.75914511445035,516.1819580939475,810abab2fc49398b0e8b6a873b918b11932ed5329d35aaff5ca03b4e27c1d5a2,e3947bcefaa835a729e3968b1310f7146b3ab70d1cb7109d94c6062e2a9135fa,True,0,0.0,0.0,0.002147674560546875,0.9978523254394531,0.0,False,,conservar,radiopedia_0150.npz,pendiente de identificar pacientes,0.0,0.0,0.002166748046875,0.997833251953125,False
radiopedia_0151,radiopedia,151,True,-1155.062255859375,291.040771484375,-514.0452517880863,513.7501496828686,5455d044bf49bdb11eee6e30c5ebcef9aa0a658dcdc4d63936b063190b8cd681,836e63b9c97a81c1e75c711a1593cd098ca867c5c888a0baa4f599758b788647,True,0,0.0,0.0,0.0,1.0,0.0,False,,conservar,radiopedia_0151.npz,pendiente de identificar pacientes,0.0,0.0,0.0,1.0,False
radiopedia_0152,radiopedia,152,True,-1179.8759765625,291.040771484375,-525.8976021839069,511.94345823856395,07e09cf071ea5e2c6a09771087dfc733a4b5c8fe12da4f804f9ef659b7d603f6,836e63b9c97a81c1e75c711a1593cd098ca867c5c888a0baa4f599758b788647,True,0,0.0,0.0,0.0,1.0,0.0,False,,conservar,radiopedia_0152.npz,pendiente de identificar pacientes,0.0,0.0,0.0,1.0,False
radiopedia_0153,radiopedia,153,True,-1167.4691162109375,291.040771484375,-538.1226874546935,507.341940741259,b6bdf03c79fb179aa26f77903b064a7f962212d25b9ce78e3c51d4c78a6b7e10,836e63b9c97a81c1e75c711a1593cd098ca867c5c888a0baa4f599758b788647,True,0,0.0,0.0,0.0,1.0,0.0,False,,conservar,radiopedia_0153.npz,pendiente de identificar pacientes,0.0,0.0,0.0,1.0,False
radiopedia_0154,radiopedia,154,True,-1173.6724853515625,291.040771484375,-546.1993651825512,501.55777905652036,7c36040d1a55880e293e0594bcb2411bad7366b45f2124a48f148733fef7a81c,836e63b9c97a81c1e75c711a1593cd098ca867c5c888a0baa4f599758b788647,True,0,0.0,0.0,0.0,1.0,0.0,False,,conservar,radiopedia_0154.npz,pendiente de identificar pacientes,0.0,0.0,0.0,1.0,False
radiopedia_0155,radiopedia,155,True,-1173.6724853515625,291.040771484375,-553.8135199392959,496.762681247541,08eefc1201d78e29ee666b89abebe297c18f3d559d25bf98b109a20b8f3e6bb7,a85e7ccaae6ae3fcac04a762cfd68cf05af8efab0defde8b9279af91c7b80fb7,True,0,0.0,0.0,7.62939453125e-06,0.9999923706054688,0.0,False,,conservar,radiopedia_0155.npz,pendiente de identificar pacientes,0.0,0.0,0.0,1.0,False
radiopedia_0156,radiopedia,156,True,-1192.3199462890625,291.040771484375,-562.5397103551009,493.5583978192029,522a0f517bd066ec0a9ca9fd8270d65eb16119089bfbf5ed5fea453170b7b96a,836e63b9c97a81c1e75c711a1593cd098ca867c5c888a0baa4f599758b788647,True,0,0.0,0.0,0.0,1.0,0.0,False,,conservar,radiopedia_0156.npz,pendiente de identificar pacientes,0.0,0.0,0.0,1.0,False
radiopedia_0157,radiopedia,157,True,-1192.3199462890625,291.040771484375,-572.0160888287928,489.4589200604834,6b027a2f3345ba364307f12dffa39e489931e0f6b4bdb7e2fe64555fc40ae525,836e63b9c97a81c1e75c711a1593cd098ca867c5c888a0baa4f599758b788647,True,0,0.0,0.0,0.0,1.0,0.0,False,,conservar,radiopedia_0157.npz,pendiente de identificar pacientes,0.0,0.0,0.0,1.0,False
radiopedia_0158,radiopedia,158,True,-1173.6724853515625,291.040771484375,-583.1611990228525,487.86976239732115,7288526794ff91aac1d8bc62a689e3c83449f4c52da0b6c523cc9e0c23be4eeb,836e63b9c97a81c1e75c711a1593cd098ca867c5c888a0baa4f599758b788647,True,0,0.0,0.0,0.0,1.0,0.0,False,,conservar,radiopedia_0158.npz,pendiente de identificar pacientes,0.0,0.0,0.0,1.0,False
radiopedia_0159,radiopedia,159,True,-1353.9586181640625,175.99066162109375,-326.6901379851861,489.7958369342618,be9cebc6b1a7e5bef2a0eff15689503b0b6bc22a8d203737e3282ca8f761967a,836e63b9c97a81c1e75c711a1593cd098ca867c5c888a0baa4f599758b788647,True,0,0.0,0.0,0.0,1.0,0.0,False,,conservar,radiopedia_0159.npz,pendiente de identificar pacientes,0.0,0.0,0.0,1.0,False
radiopedia_0160,radiopedia,160,True,-1353.9586181640625,175.99066162109375,-322.6437796596383,492.95721586175574,eb6ee1e9377593a38af4c2141a56b35405e5e471ecab55d886970fa723ea9b77,2cf7fd0025cfbd8d5d7dada3a39f97b9d165a02bfdf5e65bae3a645d1ebf9d1e,True,0,0.0,0.0,0.001499176025390625,0.9985008239746094,0.0,False,,conservar,radiopedia_0160.npz,pendiente de identificar pacientes,0.0,0.0,0.0014495849609375,0.9985504150390625,False
radiopedia_0161,radiopedia,161,True,-1353.9586181640625,175.99066162109375,-324.95581893704366,491.2464758804855,c80cddda205fe86656e8c8b19b1bfa99e117414efa52a568b5253e33bf71ae8d,8ab8001e2b7558ef0137bfd6f75fd5708bd073e7ebee4c7acacfa527ef124dcc,True,0,0.0,0.0,0.00894927978515625,0.9910507202148438,0.0,False,,conservar,radiopedia_0161.npz,pendiente de identificar pacientes,0.0,0.0,0.0089569091796875,0.9910430908203125,False
radiopedia_0162,radiopedia,162,True,-1353.9586181640625,175.99066162109375,-331.35845662554675,492.09862946117113,1e1081fae03b5b2af6b8a754b397cb094fa075e342dc04b774353afbb2241221,86f04d9f996f66239df2e4d2019ea26ef6cc20b437848f25ba9c30bb017a82fb,True,0,0.0,0.0,0.021831512451171875,0.9781684875488281,0.0,False,,conservar,radiopedia_0162.npz,pendiente de identificar pacientes,0.0,0.0,0.0219573974609375,0.9780426025390625,False
radiopedia_0163,radiopedia,163,True,-1353.9586181640625,175.99066162109375,-344.95247087874304,495.54374316156395,c2acd9b318caa9ec162b9d34e54a328058a4c3add0a46a3eaaaa3b18e4b60ec9,538c7eb5be906cf73c72da44986b672906680ee059d2d3d42cb96d0294a53c86,True,0,0.0,0.0,0.03951263427734375,0.9604873657226562,0.0,False,,conservar,radiopedia_0163.npz,pendiente de identificar pacientes,0.0,0.0,0.0392608642578125,0.9607391357421875,False
radiopedia_0164,radiopedia,164,True,-1353.9586181640625,175.99066162109375,-359.9412935680284,498.4983792256396,4dc4f89936cbe41103e3352b9f0a7040d46654c88c281b168cbdc5d4a714b942,96145d040dd1e091d4ac9d159f537c7f32348dfbe6b8d02b39a3d26d24ef8c9b,True,0,0.0,0.0,0.05655670166015625,0.9434432983398438,0.0,False,,conservar,radiopedia_0164.npz,pendiente de identificar pacientes,0.0,0.0,0.0564727783203125,0.9435272216796875,False
radiopedia_0165,radiopedia,165,True,-1353.9586181640625,175.99066162109375,-377.5707062226975,498.7487209251781,45663c0b99d7c0a2b050ac40f188d08f7d36b9c53be628cb407f8305d7bd4345,c1978deae5b9e209713ce014a3d6f83add3e575b1ebc02a792b243d41cf012c8,True,0,0.0,0.0,0.08313369750976562,0.9168663024902344,0.0,False,,conservar,radiopedia_0165.npz,pendiente de identificar pacientes,0.0,0.0,0.083343505859375,0.916656494140625,False
radiopedia_0166,radiopedia,166,True,-1353.9586181640625,175.99066162109375,-397.98381647250426,500.4389202862171,d2245301569871509a5ce45bd13c69e0148dde4dab07ef06fa3f103af86df8af,adad431c41978862971e8972c4593b5a77bd1b78005999ac6b358b3534e3d559,True,0,0.0,0.0,0.10950088500976562,0.8904991149902344,0.0,False,,conservar,radiopedia_0166.npz,pendiente de identificar pacientes,0.0,0.0,0.10980224609375,0.89019775390625,False
radiopedia_0167,radiopedia,167,True,-1353.9586181640625,175.99066162109375,-423.47234049029066,499.41890906104123,8c55df1d0be51b2c0a48ad9066ac7e31aaa05d84a0553bbd7bc022a4898e1328,7dd62a4b0ead8f46e1c7055644a541296f16e27f5589469bb381d1016d1af109,True,0,0.0,0.0,0.1421051025390625,0.8578948974609375,0.0,False,,conservar,radiopedia_0167.npz,pendiente de identificar pacientes,0.0,0.0,0.1423492431640625,0.8576507568359375,False
radiopedia_0168,radiopedia,168,True,-1353.9586181640625,175.99066162109375,-449.20579283127336,494.01968004684375,bc65063f725371ecf637818549b4c719661828534fa61d734cba7bd961f32d01,b669cacd32587dd0ff42067a67031a7b455d257bdd185ced056084fcce173437,True,0,0.0,0.0,0.16888809204101562,0.8311119079589844,0.0,False,,conservar,radiopedia_0168.npz,pendiente de identificar pacientes,0.0,0.0,0.1689605712890625,0.8310394287109375,False
radiopedia_0169,radiopedia,169,True,-1353.9586181640625,175.99066162109375,-479.58886522780085,490.009888597778,a23b8a67ec447057772d2db7284ff323b838893d7409c4049ba4497482107576,af2c8b9eadd12bf5703be098f52a64586a2ded76762483e58d90684f5bba4e88,True,0,0.0,0.0,0.20380783081054688,0.7961921691894531,0.0,False,,conservar,radiopedia_0169.npz,pendiente de identificar pacientes,0.0,0.0,0.2039642333984375,0.7960357666015625,False
radiopedia_0170,radiopedia,170,True,-1353.9586181640625,175.99066162109375,-516.7328770424956,483.3358351139666,e733f46a5d35c62126386d2a43ffcfbf27c123079dbd6aaf732d2f41e694d4f4,4fdf737ce4bc7d9bb3fcc2c8723511355e2a4d3573f3e32d9f850bedcc3a6623,True,0,0.0,0.0,0.24612808227539062,0.7538719177246094,0.0,False,,conservar,radiopedia_0170.npz,pendiente de identificar pacientes,0.0,0.0,0.24627685546875,0.75372314453125,False
radiopedia_0171,radiopedia,171,True,-1353.9586181640625,175.99066162109375,-564.5715297321894,467.86156043655603,f6b6adec449a4b3612f6ee22fb7ee26df6b3567fa681d1842bbf482b6b3cc48d,2f7ba5ce6df72a9e774616d4e9cc9f85a8ee192fc7b1f9793e2cdc0d411262ef,True,0,0.0,0.0,0.2908363342285156,0.7091636657714844,0.0,False,,conservar,radiopedia_0171.npz,pendiente de identificar pacientes,0.0,0.0,0.290863037109375,0.709136962890625,False
radiopedia_0172,radiopedia,172,True,-1353.9586181640625,175.99066162109375,-584.0589384648702,459.66859777714933,e7546a68640f1a3cf789e1583ab3fd98301d2ad0b5e3289b5a2d7b4696214991,195be9d3a77f6fe1dca645d89ca82ca1c2e3c7ba7f8b83608aefb682a5f42685,True,0,0.0,0.0,0.31824493408203125,0.6817550659179688,0.0,False,,conservar,radiopedia_0172.npz,pendiente de identificar pacientes,0.0,0.0,0.31817626953125,0.68182373046875,False
radiopedia_0173,radiopedia,173,True,-1353.9586181640625,175.99066162109375,-590.6041472779089,460.4031974217035,fe5ed2de94cb914d8690b60e5645b89d32b38173a072a57eb76e48e9dd1bba39,6fe48e248b6a932dde1627b8a0464711ad4c85b0636d3ae1de4f8386721155f0,True,0,0.0028076171875,0.0,0.3356590270996094,0.6615333557128906,0.0028076171875,False,,conservar,radiopedia_0173.npz,pendiente de identificar pacientes,0.0028076171875,0.0,0.33575439453125,0.66143798828125,False
radiopedia_0174,radiopedia,174,True,-1353.9586181640625,175.99066162109375,-575.1003156749939,467.96294091285523,5a5d72f8042c9110011efd0ef6f6a0df0b5a8b7462bad779301b82426b091f62,4f72fec24c85389ea2c120961636ac7b9d1ab5a38130db2566dd7c470214c8e7,True,0,0.0052947998046875,0.0,0.3184623718261719,0.6762428283691406,0.0052947998046875,False,,conservar,radiopedia_0174.npz,pendiente de identificar pacientes,0.00531005859375,0.0,0.318695068359375,0.675994873046875,False
radiopedia_0175,radiopedia,175,True,-1353.9586181640625,175.99066162109375,-562.2888811084067,467.8193562884348,b7b4415f205447e7ebf252c45292b979f3e975b80393148fb2ce61f05c15cb2f,b12078982d3b2678c83b254869a61e0e9dbb2801700f866a190310459b53d66b,True,0,0.006275177001953125,0.0,0.3105583190917969,0.68316650390625,0.006275177001953125,False,,conservar,radiopedia_0175.npz,pendiente de identificar pacientes,0.006256103515625,0.0,0.3105316162109375,0.6832122802734375,False
radiopedia_0176,radiopedia,176,True,-1353.9586181640625,175.99066162109375,-549.26816741533,469.7535174914654,52f63bcc417b6860f273288ff7866229d7ea62930c5173089ff81771c70f6297,a30fb6cbad939ad6bc3d4bc9e9eb45b05f134159ec1504e295e53fb9ad36fe29,True,0,0.00383758544921875,0.0,0.3083229064941406,0.6878395080566406,0.00383758544921875,False,,conservar,radiopedia_0176.npz,pendiente de identificar pacientes,0.003814697265625,0.0,0.30828857421875,0.687896728515625,False
radiopedia_0177,radiopedia,177,True,-1353.9586181640625,175.99066162109375,-540.723934417023,472.3230685060562,d6d1287d9d0b5774eec1563f14b5d863b4744ddecebf55494beb8b678d656dc6,279ae6f99e281fcaf326c7d5644f1debb46b1b15736977f1ad413e8781ae7c8e,True,0,0.0059661865234375,0.0,0.30078887939453125,0.6932449340820312,0.0059661865234375,False,,conservar,radiopedia_0177.npz,pendiente de identificar pacientes,0.0058441162109375,0.0,0.300628662109375,0.6935272216796875,False
radiopedia_0178,radiopedia,178,True,-1353.9586181640625,175.99066162109375,-538.2185192682718,470.9136700771779,2eec5da79240c66e26f0d63dc5c0ee127ac333e25bf79df4d20eaa2092f54eed,20447fea5e9f936614ebdeb7460d1c8254695fe489eac731fe3dea99f59a4e80,True,0,0.0079193115234375,0.0,0.2995491027832031,0.6925315856933594,0.0079193115234375,False,,conservar,radiopedia_0178.npz,pendiente de identificar pacientes,0.0078887939453125,0.0,0.2998809814453125,0.692230224609375,False
radiopedia_0179,radiopedia,179,True,-1353.9586181640625,175.99066162109375,-535.2670143520972,469.20892422122495,4fcaaf5d800ebee31da9c538afa58e89f3c9d11590533acd5edf96432c0ff5f0,8363965fa72e5f17c9ff9dcc3bba120b51a3f52ac674c38bd3b5ac415d201df2,True,0,0.00885772705078125,0.0,0.3014717102050781,0.6896705627441406,0.00885772705078125,False,,conservar,radiopedia_0179.npz,pendiente de identificar pacientes,0.0088958740234375,0.0,0.3016204833984375,0.689483642578125,False
radiopedia_0180,radiopedia,180,True,-1353.9586181640625,175.99066162109375,-537.4687345737166,468.92750729242863,5d57d05c931ef3504827012471aab1c00bc69e8918ed16ec0f87788ed76a0282,fe52e0acc63ff9d466a7e44ec3fa274dd1e986cc02bce6060e235464f5dc923a,True,0,0.0065155029296875,0.0,0.3044090270996094,0.6890754699707031,0.0065155029296875,False,,conservar,radiopedia_0180.npz,pendiente de identificar pacientes,0.0065155029296875,0.0,0.3046112060546875,0.688873291015625,False
radiopedia_0181,radiopedia,181,True,-1353.9586181640625,175.99066162109375,-544.6085775392585,469.2108781301484,d4a84fecf9910140b0f1ccdd6bc1284aafe73c2421227a1272d5b7538b4a17ce,7d060e045eead811946c071868d56302187c5df23c42927d5edd5c34953b5e83,True,0,0.002288818359375,0.0,0.3085746765136719,0.6891365051269531,0.002288818359375,False,,conservar,radiopedia_0181.npz,pendiente de identificar pacientes,0.0023040771484375,0.0,0.3087310791015625,0.68896484375,False
radiopedia_0182,radiopedia,182,True,-1353.9586181640625,175.99066162109375,-542.528386672102,471.6945228892822,a7c13e0d4f8d2670b020e92c81836cf0e59d58f16ea8aaf1748de84b8b25180d,e62a4712c522903b3d8c27b4004711b272856d2704362a349ed5d2534ab68427,True,0,0.0,0.0,0.3052558898925781,0.6947441101074219,0.0,False,,conservar,radiopedia_0182.npz,pendiente de identificar pacientes,0.0,0.0,0.30511474609375,0.69488525390625,False
radiopedia_0183,radiopedia,183,True,-1353.9586181640625,175.99066162109375,-538.0420839989147,475.0162167192976,d2dfd27010350500a535e1832aa5292fb50d8d773cd19cc023619869507c7c13,648a3c1772958c801c8d0f21b0f86e2e9cb3eecf04dd0d5bea7fa77343a6cd97,True,0,0.0,0.0,0.29816436767578125,0.7018356323242188,0.0,False,,conservar,radiopedia_0183.npz,pendiente de identificar pacientes,0.0,0.0,0.298309326171875,0.701690673828125,False
radiopedia_0184,radiopedia,184,True,-1353.9586181640625,175.99066162109375,-539.8444797793054,474.3642721631203,f7477e57b351487f422ce2ae7e61c190655eabc59f7528807ef7b233d3e96c9a,dcdac6c44517d08b106d9c15b21335ac2ffdaac6fbe8f53a72119dc1f20fd5ab,True,0,0.0,0.0,0.2930946350097656,0.7069053649902344,0.0,False,,conservar,radiopedia_0184.npz,pendiente de identificar pacientes,0.0,0.0,0.2935028076171875,0.7064971923828125,False
radiopedia_0185,radiopedia,185,True,-1353.9586181640625,175.99066162109375,-542.0263088834472,471.8443733742817,6b341af5dde2f577dea514d587cb1ed625b7127d62cb1dd9158ac111212cb9b2,7af934be061fa5cdc25a80a499231409d497f2985fc387a4dba6b8e64d738da4,True,0,0.0,0.0,0.2884864807128906,0.7115135192871094,0.0,False,,conservar,radiopedia_0185.npz,pendiente de identificar pacientes,0.0,0.0,0.2884979248046875,0.7115020751953125,False
radiopedia_0186,radiopedia,186,True,-1353.9586181640625,175.99066162109375,-540.3501200016308,474.1158191061575,bc47e3d256386176bb17b18cc8f2911bbc7b2e93de4646f2f3bba10ec3991092,428135959be64aa51e62278db426c7e736b85c43db4e8fcb71c16bdc93dcfb2b,True,0,0.0,0.0,0.28031158447265625,0.7196884155273438,0.0,False,,conservar,radiopedia_0186.npz,pendiente de identificar pacientes,0.0,0.0,0.2801666259765625,0.7198333740234375,False
radiopedia_0187,radiopedia,187,True,-1353.9586181640625,175.99066162109375,-538.6494506376876,475.0297983500696,8e05402955a3fb54f138a9c7494f384f3ab7d37a61ecc8029a918b3da47c039b,2725213571d1680e87e7fc755448a9684238946c3659b357a530173aaa5b5043,True,0,0.0,0.0,0.27498626708984375,0.7250137329101562,0.0,False,,conservar,radiopedia_0187.npz,pendiente de identificar pacientes,0.0,0.0,0.2751007080078125,0.7248992919921875,False
radiopedia_0188,radiopedia,188,True,-1353.9586181640625,175.99066162109375,-540.987724941695,475.07169417435375,81772b8a0b1cb77e90b5888b8fad4773ba5bb5b79bbaafa0ffc553f60296b4ea,a8afca27170aababdd3b67188a63c53e694fe2c2eaae4fa11902e7092dae209e,True,0,0.0,0.0,0.2626800537109375,0.7373199462890625,0.0,False,,conservar,radiopedia_0188.npz,pendiente de identificar pacientes,0.0,0.0,0.2626190185546875,0.7373809814453125,False
radiopedia_0189,radiopedia,189,True,-1353.9586181640625,175.99066162109375,-540.7508340135428,475.53310750044363,9f7eea5074edd904e7d0b3b575af6e166a3f7bcdf7685a82126828304f284b25,3380be9952def4d57dbf6aa3f9f115070192774852ef1c7330278b69c428aa40,True,0,0.0,0.0,0.25148773193359375,0.7485122680664062,0.0,False,,conservar,radiopedia_0189.npz,pendiente de identificar pacientes,0.0,0.0,0.2515869140625,0.7484130859375,False
radiopedia_0190,radiopedia,190,True,-1353.9586181640625,175.99066162109375,-541.2621776302094,474.1653103674843,7fb629d951583ccd51a52a5d4bfbf0c4c3facd49c1facdc3ceef017b26524c26,d64c9d82a66260d039b1ab29642869f3b95830a31de77f6a9dda7dd70eb0375e,True,0,0.0,0.0,0.23891448974609375,0.7610855102539062,0.0,False,,conservar,radiopedia_0190.npz,pendiente de identificar pacientes,0.0,0.0,0.2388916015625,0.7611083984375,False
radiopedia_0191,radiopedia,191,True,-1353.9586181640625,175.99066162109375,-534.7553834510727,477.9935438624817,af4845325f0dda429a5b984e2a8e2fb3ecaf49e65d8f7f9d8656fdb7bfbc07ea,fd6afb169c64de0d86df5fce8703e8587c665874c6db52a811cd699a4da409a0,True,0,0.0,0.0,0.21316146850585938,0.7868385314941406,0.0,False,,conservar,radiopedia_0191.npz,pendiente de identificar pacientes,0.0,0.0,0.2131500244140625,0.7868499755859375,False
radiopedia_0192,radiopedia,192,True,-1353.9586181640625,175.99066162109375,-517.2133994453761,485.1515124366273,5a3d1c63763318595cf3f513b072ef9303cdcb3fbdbb96a6055282b1ed69b8c1,8e05292a76263161925ece6e114e1c70605f4ee5b1efcb061130995c830709e8,True,0,0.0,0.0,0.18328857421875,0.81671142578125,0.0,False,,conservar,radiopedia_0192.npz,pendiente de identificar pacientes,0.0,0.0,0.18341064453125,0.81658935546875,False
radiopedia_0193,radiopedia,193,True,-1353.9586181640625,175.99066162109375,-497.3390286013873,487.96276790357575,c42293065b61f920dc8562ad9bf3cdbc5b19a252c1c38d6a83b73ca432b413fc,9ec82de7bd444e87b4c9d93de75f2d8e65831a6b0dfeac9e10706a6a067de810,True,0,0.0,0.0,0.14080810546875,0.85919189453125,0.0,False,,conservar,radiopedia_0193.npz,pendiente de identificar pacientes,0.0,0.0,0.140716552734375,0.859283447265625,False
radiopedia_0194,radiopedia,194,True,-1353.9586181640625,175.99066162109375,-481.55133793422465,495.17647419411134,b69e602c6c60e90fe001afa9c6f40bb70c8e7615c12387c73ff15347cda9f735,99a7b6c82b84979e30b912922e0bb1d38392e54d2a86ae8b213233d8058fbe82,True,0,0.0,0.0,0.1058349609375,0.8941650390625,0.0,False,,conservar,radiopedia_0194.npz,pendiente de identificar pacientes,0.0,0.0,0.1057586669921875,0.8942413330078125,False
radiopedia_0195,radiopedia,195,True,-1353.9586181640625,175.99066162109375,-472.2979405129772,499.8396276205098,a67b610eddec1c4141002041e096325cf70f23e61153117cb7c841c40b630750,d9dbe72efa63043b02afa6b23c725de834f857c6ab4221401b910242e0547aad,True,0,0.0,0.0,0.07479476928710938,0.9252052307128906,0.0,False,,conservar,radiopedia_0195.npz,pendiente de identificar pacientes,0.0,0.0,0.074798583984375,0.925201416015625,False
radiopedia_0196,radiopedia,196,True,-1353.9586181640625,175.99066162109375,-471.1119718151458,498.3976870282183,31e49d9066aa31c25d55caa109ce1d2cd0f94fbc7348654379dd104554dadb2f,519f1c43964cfb4987c301f6c18015889453b2b7471a01b034835ebf5d0ff090,True,0,0.0,0.0,0.04724884033203125,0.9527511596679688,0.0,False,,conservar,radiopedia_0196.npz,pendiente de identificar pacientes,0.0,0.0,0.0472564697265625,0.9527435302734375,False
radiopedia_0197,radiopedia,197,True,-1353.9586181640625,175.99066162109375,-471.67315192305796,499.9477290095191,b9f7779a43838605000ca53bf3529fa7fe67c21a77775ccefb7dac48ae3d5354,5961e0922039ea15b65102b03638285230b35f8980e93e3994e2b15e912fb2f4,True,0,0.0,0.0,0.02187347412109375,0.9781265258789062,0.0,False,,conservar,radiopedia_0197.npz,pendiente de identificar pacientes,0.0,0.0,0.02178955078125,0.97821044921875,False
radiopedia_0198,radiopedia,198,True,-1353.9586181640625,175.99066162109375,-486.19386654066693,502.48079113723463,23091b3e317554166bc4c26fb3ed63ec8ba9d2845420d2a2fe185e14999f9fff,81252371242dc5b4dbf1d9b481153134567d29797d171bc8155d392e9377b85d,True,0,0.0,0.0,0.0056915283203125,0.9943084716796875,0.0,False,,conservar,radiopedia_0198.npz,pendiente de identificar pacientes,0.0,0.0,0.005706787109375,0.994293212890625,False
radiopedia_0199,radiopedia,199,True,-1353.9586181640625,175.99066162109375,-505.35680064859844,505.2119395407138,4c8744709de9016bf24443d821ce8028a9b8ec996ad6717a575728d50aeca805,836e63b9c97a81c1e75c711a1593cd098ca867c5c888a0baa4f599758b788647,True,0,0.0,0.0,0.0,1.0,0.0,False,,conservar,radiopedia_0199.npz,pendiente de identificar pacientes,0.0,0.0,0.0,1.0,False
radiopedia_0200,radiopedia,200,True,-1353.9586181640625,175.99066162109375,-524.8831632186884,496.23838234583616,202dcc84ad7dc6aa34e1d241471cb615516c30a778109a44554aeb7938122ee3,836e63b9c97a81c1e75c711a1593cd098ca867c5c888a0baa4f599758b788647,True,0,0.0,0.0,0.0,1.0,0.0,False,,conservar,radiopedia_0200.npz,pendiente de identificar pacientes,0.0,0.0,0.0,1.0,False
radiopedia_0201,radiopedia,201,True,-1334.57275390625,136.52835083007812,-307.0655341098509,483.9495767374358,12b0e0ce0ebab2ec3d15f6102f5ea154648d9d38a28fc69f6da2a2618d201ef0,836e63b9c97a81c1e75c711a1593cd098ca867c5c888a0baa4f599758b788647,True,0,0.0,0.0,0.0,1.0,0.0,False,,conservar,radiopedia_0201.npz,pendiente de identificar pacientes,0.0,0.0,0.0,1.0,False
radiopedia_0202,radiopedia,202,True,-1334.57275390625,136.52835083007812,-306.9864577797439,483.8808111013148,324e92320f9d69bfd9676aa3000a03ed9bdfb4ca353abee3c805f73ccfd4eeb3,836e63b9c97a81c1e75c711a1593cd098ca867c5c888a0baa4f599758b788647,True,0,0.0,0.0,0.0,1.0,0.0,False,,conservar,radiopedia_0202.npz,pendiente de identificar pacientes,0.0,0.0,0.0,1.0,False
radiopedia_0203,radiopedia,203,True,-1334.57275390625,136.52835083007812,-306.97201901567496,483.68277920843354,bad95c81ca3623cd62fb03a86d8dcf78fe34f0b0698bee2fb5b276cb67a8c07a,836e63b9c97a81c1e75c711a1593cd098ca867c5c888a0baa4f599758b788647,True,0,0.0,0.0,0.0,1.0,0.0,False,,conservar,radiopedia_0203.npz,pendiente de identificar pacientes,0.0,0.0,0.0,1.0,False
radiopedia_0204,radiopedia,204,True,-1334.57275390625,136.52835083007812,-306.61688689872244,483.5930219569903,e3a06f641a019344197f0cb2d71a6f67eae5ec4a6c2de817edd0ff8df61012d8,836e63b9c97a81c1e75c711a1593cd098ca867c5c888a0baa4f599758b788647,True,0,0.0,0.0,0.0,1.0,0.0,False,,conservar,radiopedia_0204.npz,pendiente de identificar pacientes,0.0,0.0,0.0,1.0,False
radiopedia_0205,radiopedia,205,True,-1334.57275390625,136.52835083007812,-306.3017045390152,483.5627246372345,5bdfde3f943b44d680370d01fac4e1489ca3f08e403544171993a1bb158eeafd,836e63b9c97a81c1e75c711a1593cd098ca867c5c888a0baa4f599758b788647,True,0,0.0,0.0,0.0,1.0,0.0,False,,conservar,radiopedia_0205.npz,pendiente de identificar pacientes,0.0,0.0,0.0,1.0,False
radiopedia_0206,radiopedia,206,True,-1334.57275390625,136.52835083007812,-305.5899760989273,483.9684196546277,841a36ae5bb45e7d9eed36fd277071f58badb601977af1757f82b8b60487547c,836e63b9c97a81c1e75c711a1593cd098ca867c5c888a0baa4f599758b788647,True,0,0.0,0.0,0.0,1.0,0.0,False,,conservar,radiopedia_0206.npz,pendiente de identificar pacientes,0.0,0.0,0.0,1.0,False
radiopedia_0207,radiopedia,207,True,-1334.57275390625,136.52835083007812,-305.52640826580364,483.8485172851434,ce62a48d6b9f33de08fd8bc27a309fb570bb224fbca8e1f96d3f5d1fcd6f776a,836e63b9c97a81c1e75c711a1593cd098ca867c5c888a0baa4f599758b788647,True,0,0.0,0.0,0.0,1.0,0.0,False,,conservar,radiopedia_0207.npz,pendiente de identificar pacientes,0.0,0.0,0.0,1.0,False
radiopedia_0208,radiopedia,208,True,-1334.57275390625,136.52835083007812,-305.2963245951437,483.6836052512079,4e87847aea738ad8f7b2d12f5c375074125681156b789588821bc69f18c5d78c,836e63b9c97a81c1e75c711a1593cd098ca867c5c888a0baa4f599758b788647,True,0,0.0,0.0,0.0,1.0,0.0,False,,conservar,radiopedia_0208.npz,pendiente de identificar pacientes,0.0,0.0,0.0,1.0,False
radiopedia_0209,radiopedia,209,True,-1334.57275390625,136.52835083007812,-305.40668863545807,483.68562558118225,514062e14f236e571bef26d842cfc46990d74b3882ca3a680f96d743b28f698b,836e63b9c97a81c1e75c711a1593cd098ca867c5c888a0baa4f599758b788647,True,0,0.0,0.0,0.0,1.0,0.0,False,,conservar,radiopedia_0209.npz,pendiente de identificar pacientes,0.0,0.0,0.0,1.0,False
radiopedia_0210,radiopedia,210,True,-1334.57275390625,136.52835083007812,-305.67529724093083,483.6743094452014,e18ce766816047265dffa0300560d7cbecde525e17822fdf57f660e72d08024f,836e63b9c97a81c1e75c711a1593cd098ca867c5c888a0baa4f599758b788647,True,0,0.0,0.0,0.0,1.0,0.0,False,,conservar,radiopedia_0210.npz,pendiente de identificar pacientes,0.0,0.0,0.0,1.0,False
radiopedia_0211,radiopedia,211,True,-1334.57275390625,136.52835083007812,-305.39737079172437,484.0534506159384,f15b5747b43a139876dc07351c50d5893baae629d102f2cd1ccc650ecd9016c3,836e63b9c97a81c1e75c711a1593cd098ca867c5c888a0baa4f599758b788647,True,0,0.0,0.0,0.0,1.0,0.0,False,,conservar,radiopedia_0211.npz,pendiente de identificar pacientes,0.0,0.0,0.0,1.0,False
radiopedia_0212,radiopedia,212,True,-1334.57275390625,136.52835083007812,-305.4904947399141,484.48657487839597,8284ac9e809a8858395552762f7862959254d438a75a98ca86b4b208cf8ea723,836e63b9c97a81c1e75c711a1593cd098ca867c5c888a0baa4f599758b788647,True,0,0.0,0.0,0.0,1.0,0.0,False,,conservar,radiopedia_0212.npz,pendiente de identificar pacientes,0.0,0.0,0.0,1.0,False
radiopedia_0213,radiopedia,213,True,-1334.57275390625,136.52835083007812,-305.19038774452747,485.2991397580359,39c436361c1affce529cac68674c26f2c54b023bd2f72b762b5c409358e528d8,836e63b9c97a81c1e75c711a1593cd098ca867c5c888a0baa4f599758b788647,True,0,0.0,0.0,0.0,1.0,0.0,False,,conservar,radiopedia_0213.npz,pendiente de identificar pacientes,0.0,0.0,0.0,1.0,False
radiopedia_0214,radiopedia,214,True,-1334.57275390625,136.52835083007812,-304.3776700725257,485.79740762309024,2ef73ed62a7ea36871a987870571afc7c737819cf613aeec422dcd8e77259247,836e63b9c97a81c1e75c711a1593cd098ca867c5c888a0baa4f599758b788647,True,0,0.0,0.0,0.0,1.0,0.0,False,,conservar,radiopedia_0214.npz,pendiente de identificar pacientes,0.0,0.0,0.0,1.0,False
radiopedia_0215,radiopedia,215,True,-1334.57275390625,136.52835083007812,-304.0413009193012,486.3573628443261,c1dd809e6d71e31e33872053a0f2c037f448bdf466560e4acd393d3e7bcd2a2e,836e63b9c97a81c1e75c711a1593cd098ca867c5c888a0baa4f599758b788647,True,0,0.0,0.0,0.0,1.0,0.0,False,,conservar,radiopedia_0215.npz,pendiente de identificar pacientes,0.0,0.0,0.0,1.0,False
radiopedia_0216,radiopedia,216,True,-1334.57275390625,136.52835083007812,-303.72058252664374,486.52766706338986,cadb34538512fadb85209a557553e3a8d2f7f82b2cfdfb8bd00e390b64b08192,836e63b9c97a81c1e75c711a1593cd098ca867c5c888a0baa4f599758b788647,True,0,0.0,0.0,0.0,1.0,0.0,False,,conservar,radiopedia_0216.npz,pendiente de identificar pacientes,0.0,0.0,0.0,1.0,False
radiopedia_0217,radiopedia,217,True,-1334.57275390625,136.52835083007812,-304.336811364753,486.37353378793546,bf8a391a5a46f1d6dc37dd152e0aabf360ca481f085faf46502e131377a20782,836e63b9c97a81c1e75c711a1593cd098ca867c5c888a0baa4f599758b788647,True,0,0.0,0.0,0.0,1.0,0.0,False,,conservar,radiopedia_0217.npz,pendiente de identificar pacientes,0.0,0.0,0.0,1.0,False
radiopedia_0218,radiopedia,218,True,-1334.57275390625,136.52835083007812,-304.1226552372955,486.3082783875424,dba789d866d5b17eab0112833e3710ad2a6d992919e6f1bdb61b5c0806b8bf51,836e63b9c97a81c1e75c711a1593cd098ca867c5c888a0baa4f599758b788647,True,0,0.0,0.0,0.0,1.0,0.0,False,,conservar,radiopedia_0218.npz,pendiente de identificar pacientes,0.0,0.0,0.0,1.0,False
radiopedia_0219,radiopedia,219,True,-1334.57275390625,136.52835083007812,-304.16967367834286,486.16266165637666,71a79de66701a078ae6b3a0cf700a1fad2ec32b98085df66b4932698c13b5028,836e63b9c97a81c1e75c711a1593cd098ca867c5c888a0baa4f599758b788647,True,0,0.0,0.0,0.0,1.0,0.0,False,,conservar,radiopedia_0219.npz,pendiente de identificar pacientes,0.0,0.0,0.0,1.0,False
radiopedia_0220,radiopedia,220,True,-1334.57275390625,136.52835083007812,-304.40490200845034,485.8708631825668,128f6c1619990b7a98622450bfd1b72864a980ff9cc86c24dee9f35a4d88c6e2,836e63b9c97a81c1e75c711a1593cd098ca867c5c888a0baa4f599758b788647,True,0,0.0,0.0,0.0,1.0,0.0,False,,conservar,radiopedia_0220.npz,pendiente de identificar pacientes,0.0,0.0,0.0,1.0,False
radiopedia_0221,radiopedia,221,True,-1334.57275390625,136.52835083007812,-304.2435739963894,485.3928737139195,d617492c3547ca312258484fc70cbfdc6e4e69603601136eef55546b4fa09d90,836e63b9c97a81c1e75c711a1593cd098ca867c5c888a0baa4f599758b788647,True,0,0.0,0.0,0.0,1.0,0.0,False,,conservar,radiopedia_0221.npz,pendiente de identificar pacientes,0.0,0.0,0.0,1.0,False
radiopedia_0222,radiopedia,222,True,-1334.57275390625,136.52835083007812,-303.1456173702554,485.40926712800575,6ad65aa3f5bce72dc231289997f1890d3030c49d874b177dfbd65415fb504faa,836e63b9c97a81c1e75c711a1593cd098ca867c5c888a0baa4f599758b788647,True,0,0.0,0.0,0.0,1.0,0.0,False,,conservar,radiopedia_0222.npz,pendiente de identificar pacientes,0.0,0.0,0.0,1.0,False
radiopedia_0223,radiopedia,223,True,-1334.57275390625,136.52835083007812,-302.40665129286435,485.17499305300896,7156bdcb5a9987e31fdf4c0c487fbe7c10ff46caf68793afad8ce08958cc70d5,836e63b9c97a81c1e75c711a1593cd098ca867c5c888a0baa4f599758b788647,True,0,0.0,0.0,0.0,1.0,0.0,False,,conservar,radiopedia_0223.npz,pendiente de identificar pacientes,0.0,0.0,0.0,1.0,False
radiopedia_0224,radiopedia,224,True,-1334.57275390625,136.52835083007812,-302.4254256660265,485.00468805131374,d0bfbadd0394d763bffd4d928f2585f8da89a39c5021cd11d5574df867ae2a34,836e63b9c97a81c1e75c711a1593cd098ca867c5c888a0baa4f599758b788647,True,0,0.0,0.0,0.0,1.0,0.0,False,,conservar,radiopedia_0224.npz,pendiente de identificar pacientes,0.0,0.0,0.0,1.0,False
radiopedia_0225,radiopedia,225,True,-1334.57275390625,136.52835083007812,-301.77213707047395,485.18607234157946,9865e8e13b3ad2e8e124041034a69510eeab1b7434b4a1532bbac2639885a03a,836e63b9c97a81c1e75c711a1593cd098ca867c5c888a0baa4f599758b788647,True,0,0.0,0.0,0.0,1.0,0.0,False,,conservar,radiopedia_0225.npz,pendiente de identificar pacientes,0.0,0.0,0.0,1.0,False
radiopedia_0226,radiopedia,226,True,-1334.57275390625,136.52835083007812,-301.4090569455043,484.87624593072167,95e74be3d3107c0a17d6b99305ae1f020f5e25f9ddff6ea369d0d3791cb12e98,836e63b9c97a81c1e75c711a1593cd098ca867c5c888a0baa4f599758b788647,True,0,0.0,0.0,0.0,1.0,0.0,False,,conservar,radiopedia_0226.npz,pendiente de identificar pacientes,0.0,0.0,0.0,1.0,False
radiopedia_0227,radiopedia,227,True,-1334.57275390625,136.52835083007812,-301.35957958615245,484.5631460958707,ff682271d8f436c49d016d67b188dc4385f179c41dd2038c681ae1dd847e2683,836e63b9c97a81c1e75c711a1593cd098ca867c5c888a0baa4f599758b788647,True,0,0.0,0.0,0.0,1.0,0.0,False,,conservar,radiopedia_0227.npz,pendiente de identificar pacientes,0.0,0.0,0.0,1.0,False
radiopedia_0228,radiopedia,228,True,-1334.57275390625,136.52835083007812,-300.55736809539576,484.5353165845986,6991d849bafc17550e016004cfec2954afd2e8075686b0954ed2d4f83be23de9,836e63b9c97a81c1e75c711a1593cd098ca867c5c888a0baa4f599758b788647,True,0,0.0,0.0,0.0,1.0,0.0,False,,conservar,radiopedia_0228.npz,pendiente de identificar pacientes,0.0,0.0,0.0,1.0,False
radiopedia_0229,radiopedia,229,True,-1334.57275390625,136.52835083007812,-299.7398128115383,483.9298032383201,594925575de82d686c3244469ccf57503d453be581872e5ed0bc8fb352808dc4,836e63b9c97a81c1e75c711a1593cd098ca867c5c888a0baa4f599758b788647,True,0,0.0,0.0,0.0,1.0,0.0,False,,conservar,radiopedia_0229.npz,pendiente de identificar pacientes,0.0,0.0,0.0,1.0,False
radiopedia_0230,radiopedia,230,True,-1334.57275390625,136.52835083007812,-298.93071278255775,483.9068804396621,d8a47ad9657363a2e71ee5303d3f369f2778e387c6aef9bba7cfe9e230c097fe,836e63b9c97a81c1e75c711a1593cd098ca867c5c888a0baa4f599758b788647,True,0,0.0,0.0,0.0,1.0,0.0,False,,conservar,radiopedia_0230.npz,pendiente de identificar pacientes,0.0,0.0,0.0,1.0,False
radiopedia_0231,radiopedia,231,True,-1334.57275390625,136.52835083007812,-297.26412574702636,483.5845926431117,35917ec26e7208c9fd2fdadabeb552776c7162024e064b397d21f6069e7911ac,836e63b9c97a81c1e75c711a1593cd098ca867c5c888a0baa4f599758b788647,True,0,0.0,0.0,0.0,1.0,0.0,False,,conservar,radiopedia_0231.npz,pendiente de identificar pacientes,0.0,0.0,0.0,1.0,False
radiopedia_0232,radiopedia,232,True,-1334.57275390625,136.52835083007812,-296.1668597366702,483.7260110752615,e6a20761152b7a0413da397a268642a6efed5c36561db110eff6500323f89a18,836e63b9c97a81c1e75c711a1593cd098ca867c5c888a0baa4f599758b788647,True,0,0.0,0.0,0.0,1.0,0.0,False,,conservar,radiopedia_0232.npz,pendiente de identificar pacientes,0.0,0.0,0.0,1.0,False
radiopedia_0233,radiopedia,233,True,-1334.57275390625,136.52835083007812,-294.9258974121044,484.0482774064603,a6f456739403e861e240a68546d7d78a5181afff9bef95d0932951c86df80f3b,836e63b9c97a81c1e75c711a1593cd098ca867c5c888a0baa4f599758b788647,True,0,0.0,0.0,0.0,1.0,0.0,False,,conservar,radiopedia_0233.npz,pendiente de identificar pacientes,0.0,0.0,0.0,1.0,False
radiopedia_0234,radiopedia,234,True,-1334.57275390625,136.52835083007812,-294.11053785248487,484.0158347370111,ea5510d1559265b39e8f006fd2a4bd5edbd8c834545cc7f69f8f975936ccff78,836e63b9c97a81c1e75c711a1593cd098ca867c5c888a0baa4f599758b788647,True,0,0.0,0.0,0.0,1.0,0.0,False,,conservar,radiopedia_0234.npz,pendiente de identificar pacientes,0.0,0.0,0.0,1.0,False
radiopedia_0235,radiopedia,235,True,-1334.57275390625,136.52835083007812,-293.31317641030046,483.74420524744625,9be2757a97f842749f21770206717e97088c0b03181e5c8490f379a8f0d217aa,836e63b9c97a81c1e75c711a1593cd098ca867c5c888a0baa4f599758b788647,True,0,0.0,0.0,0.0,1.0,0.0,False,,conservar,radiopedia_0235.npz,pendiente de identificar pacientes,0.0,0.0,0.0,1.0,False
radiopedia_0236,radiopedia,236,True,-1334.57275390625,136.52835083007812,-293.04849676765343,482.85105404526297,57bd1da502d748c04abba38ebbd6f6fcd96cf955a3555d426dd44515c5f7c484,836e63b9c97a81c1e75c711a1593cd098ca867c5c888a0baa4f599758b788647,True,0,0.0,0.0,0.0,1.0,0.0,False,,conservar,radiopedia_0236.npz,pendiente de identificar pacientes,0.0,0.0,0.0,1.0,False
radiopedia_0237,radiopedia,237,True,-1334.57275390625,136.52835083007812,-292.6496361269142,482.48673331383304,87399d0b0b0a201ba6bc1f23571edbe4d68b89c82583136dd8a76783e88e3d16,836e63b9c97a81c1e75c711a1593cd098ca867c5c888a0baa4f599758b788647,True,0,0.0,0.0,0.0,1.0,0.0,False,,conservar,radiopedia_0237.npz,pendiente de identificar pacientes,0.0,0.0,0.0,1.0,False
radiopedia_0238,radiopedia,238,True,-1334.57275390625,136.52835083007812,-292.4034222069931,481.8219680344586,7b3bd822e06e79e5a957a0d70935673f2357bc27845a1501b2502a90e03b7373,836e63b9c97a81c1e75c711a1593cd098ca867c5c888a0baa4f599758b788647,True,0,0.0,0.0,0.0,1.0,0.0,False,,conservar,radiopedia_0238.npz,pendiente de identificar pacientes,0.0,0.0,0.0,1.0,False
radiopedia_0239,radiopedia,239,True,-1334.57275390625,136.52835083007812,-292.4527634890469,481.4283472349161,b3f311ea1d8221d6444ad883c93a1f7272bc159a5995e24a7e21728c23b266a7,836e63b9c97a81c1e75c711a1593cd098ca867c5c888a0baa4f599758b788647,True,0,0.0,0.0,0.0,1.0,0.0,False,,conservar,radiopedia_0239.npz,pendiente de identificar pacientes,0.0,0.0,0.0,1.0,False
radiopedia_0240,radiopedia,240,True,-1334.57275390625,136.52835083007812,-291.93370171598144,481.10489598683233,acefa895df2169bae7e99c9f7981eccf3be5a99c5729f64305afd871cd5def25,836e63b9c97a81c1e75c711a1593cd098ca867c5c888a0baa4f599758b788647,True,0,0.0,0.0,0.0,1.0,0.0,False,,conservar,radiopedia_0240.npz,pendiente de identificar pacientes,0.0,0.0,0.0,1.0,False
radiopedia_0241,radiopedia,241,True,-1334.57275390625,136.52835083007812,-291.4565705171558,481.05974506544516,69805a83c2aa3e40e9ae5b8ff9408dc9b2973bc892451786169ae1355b06e05c,b1a8a1dc94c6f0fa149d962eee11250dd91d2781877da3eb910f88709366262b,True,0,0.0,0.0,5.7220458984375e-05,0.9999427795410156,0.0,False,,conservar,radiopedia_0241.npz,pendiente de identificar pacientes,0.0,0.0,4.57763671875e-05,0.9999542236328125,False
radiopedia_0242,radiopedia,242,True,-1334.57275390625,136.52835083007812,-290.6528564947862,480.98000221494914,3ae398c940d1ac789b607302f60e699ab3e9c729543b88808e278d95489d6b92,c0c29ca38683d83643e6dfeb30fc891510c8e1e93bba00ebb610898d44b55987,True,0,0.0,0.0,0.00016021728515625,0.9998397827148438,0.0,False,,conservar,radiopedia_0242.npz,pendiente de identificar pacientes,0.0,0.0,0.00018310546875,0.99981689453125,False
radiopedia_0243,radiopedia,243,True,-1334.57275390625,136.52835083007812,-289.91343464041574,480.6966058240043,9a0222c0b6eb997cd4a59d4956daa79c6c32728be428f5634aeadc67b8e183aa,075d41324c24fe954df6f8bf1e17383bc17fee0f1f5740a82260a29acdc0b063,True,0,0.0,0.0,0.000331878662109375,0.9996681213378906,0.0,False,,conservar,radiopedia_0243.npz,pendiente de identificar pacientes,0.0,0.0,0.000396728515625,0.999603271484375,False
radiopedia_0244,radiopedia,244,True,-1334.57275390625,136.52835083007812,-289.2728767295571,480.26779213113906,4e876e4ec5863eb318b4ce2768fc112ac5654451792aeac60c37945b6892301d,a88709725366b5fb55407956e69a4b75989b8d1ebdad4a852b8110c71886ee67,True,0,0.0,0.0,0.000675201416015625,0.9993247985839844,0.0,False,,conservar,radiopedia_0244.npz,pendiente de identificar pacientes,0.0,0.0,0.000701904296875,0.999298095703125,False
radiopedia_0245,radiopedia,245,True,-1334.57275390625,136.52835083007812,-289.0652029425778,480.084609592509,706e895f7002cee71d1a85d7596dc47fad1c1b47284d243aa5d2f77dba52f6eb,82b00db7e63cd37ad98ae10fb8003adde07570bdb8a2ae121dfd959618ebe5d8,True,0,0.0,0.0,0.001041412353515625,0.9989585876464844,0.0,False,,conservar,radiopedia_0245.npz,pendiente de identificar pacientes,0.0,0.0,0.001007080078125,0.998992919921875,False
radiopedia_0246,radiopedia,246,True,-1334.57275390625,136.52835083007812,-289.5271815064202,480.06179304421465,baa411513ecb0c651b32cf83b0bb79cd2c339b58f70cbd39c20b9d7e22785645,fda144c62ea80f3a8c6e06d7275cef0776f299e40fe399b12701965e3e049cc5,True,0,0.0,0.0,0.001552581787109375,0.9984474182128906,0.0,False,,conservar,radiopedia_0246.npz,pendiente de identificar pacientes,0.0,0.0,0.0015411376953125,0.9984588623046875,False
radiopedia_0247,radiopedia,247,True,-1334.57275390625,136.52835083007812,-290.05128017467996,479.83107122560205,ef0f5f02119c7ba1e23062d9d757b8efb2659e9be51574428fe1f32c253633fa,523831eecf8597f56e5fa3183c1dc67fb5f6fc0aa67e913780a296eacf4967b6,True,0,0.0,0.0,0.00189208984375,0.99810791015625,0.0,False,,conservar,radiopedia_0247.npz,pendiente de identificar pacientes,0.0,0.0,0.00189208984375,0.99810791015625,False
radiopedia_0248,radiopedia,248,True,-1334.57275390625,136.52835083007812,-290.1799457298562,479.768877503704,34c140e71735c50780da974bfceef9da9e6fe1bb1be5f94320d5c79dcbef122d,bdbd7d53eaa2f13c83ecc142dde4ac77def50e9cefeae9854413c7d9f0ef0d9c,True,0,0.0,0.0,0.002376556396484375,0.9976234436035156,0.0,False,,conservar,radiopedia_0248.npz,pendiente de identificar pacientes,0.0,0.0,0.002349853515625,0.997650146484375,False
radiopedia_0249,radiopedia,249,True,-1334.57275390625,136.52835083007812,-289.79936645331554,480.0107385476844,d64509ee661642ab49f6872ae082e774028014e44ca6bd28d953882d18c58c86,aaf3f0a6658931e8f268039c09efce13533bee842b51eb56ca0db3a3b3885578,True,0,0.0,0.0,0.00295257568359375,0.9970474243164062,0.0,False,,conservar,radiopedia_0249.npz,pendiente de identificar pacientes,0.0,0.0,0.0029296875,0.9970703125,False
radiopedia_0250,radiopedia,250,True,-1334.57275390625,136.52835083007812,-289.5916086653715,480.5006566685807,13aeeab026369f3bcf1027a07555aa8cae84bff3246117dc17afdd8c507fc03d,c9d3da8f399367546c27b52f34bea170d0877a1499329338bba10f69261836dc,True,0,0.0,0.0,0.003505706787109375,0.9964942932128906,0.0,False,,conservar,radiopedia_0250.npz,pendiente de identificar pacientes,0.0,0.0,0.00347900390625,0.99652099609375,False
radiopedia_0251,radiopedia,251,True,-1334.57275390625,136.52835083007812,-289.0315382468748,480.2362129173499,cac33060e60959d319dd100c6088d3da4a5d1d5e3be2145b07e36319fa0bbcd8,41601af5bd82da09e7b426c17b8857eacf264a718552ca9820054df45c696cff,True,0,0.0,0.0,0.004119873046875,0.995880126953125,0.0,False,,conservar,radiopedia_0251.npz,pendiente de identificar pacientes,0.0,0.0,0.0041961669921875,0.9958038330078125,False
radiopedia_0252,radiopedia,252,True,-1334.57275390625,136.52835083007812,-288.3702399183103,480.50600515262585,e46554d2410a6bce8d9fead3b6a2c5ae8cad5228c251099572205fcb4737feca,6df22c4aea934b3baad5b2b41de5dcb906d94634c7045030b84062b8de16b0cd,True,0,0.0,0.0,0.004871368408203125,0.9951286315917969,0.0,False,,conservar,radiopedia_0252.npz,pendiente de identificar pacientes,0.0,0.0,0.0048675537109375,0.9951324462890625,False
radiopedia_0253,radiopedia,253,True,-1334.57275390625,136.52835083007812,-288.45568566509337,480.9213003833402,1d878f10d77a1d4e9264e68504df23807de99aa646007526bd2221abd918487b,9c595f7fc737a5e706882b37d1d8e241916ebc5c371fe2f41573e73ebe02905e,True,0,0.0,0.0,0.005527496337890625,0.9944725036621094,0.0,False,,conservar,radiopedia_0253.npz,pendiente de identificar pacientes,0.0,0.0,0.005584716796875,0.994415283203125,False
radiopedia_0254,radiopedia,254,True,-1334.57275390625,136.52835083007812,-288.76729225757754,480.7155201500552,d0fb622f977391db5fbc4362c8375b36576b8ca2f42927c0847d9c71e0e7720b,4039cfc1c6e3761bdff12d32221b3d6e3308baa2700a9cb25bbe3e6c484779f0,True,0,0.0,0.0,0.0062103271484375,0.9937896728515625,0.0,False,,conservar,radiopedia_0254.npz,pendiente de identificar pacientes,0.0,0.0,0.0062103271484375,0.9937896728515625,False
radiopedia_0255,radiopedia,255,True,-1334.57275390625,136.52835083007812,-289.57249577598986,480.97655454472573,e254fb631883727e1e7b902f02da3dac3a7852807ffd240e0f5a537e9ae73f5a,ad3ce9f6ffc7d784c63c8443d3aac527289f0fe8acec1a9eab15805b86ab888f,True,0,0.0,0.0,0.006923675537109375,0.9930763244628906,0.0,False,,conservar,radiopedia_0255.npz,pendiente de identificar pacientes,0.0,0.0,0.006927490234375,0.993072509765625,False
radiopedia_0256,radiopedia,256,True,-1334.57275390625,136.52835083007812,-290.5501629112073,480.7668979284658,43eb4079ec72adada6de55d3b8644a4992e30f3c69be5472a51f2b9277b3433a,693b5575f4864f08fde47a4cf03ac167ea9fef7aba8c4f447759a9f1f76a50e9,True,0,0.0,0.0,0.00799560546875,0.99200439453125,0.0,False,,conservar,radiopedia_0256.npz,pendiente de identificar pacientes,0.0,0.0,0.008026123046875,0.991973876953125,False
radiopedia_0257,radiopedia,257,True,-1334.57275390625,136.52835083007812,-291.31188852406103,480.31543906774834,c4e7e524705f48334f7fe97fec1fc8b14a79cef2a25aa1d1aa1d7fc3ea35c406,08b59ba9798ae686ef9dd29a8589ec3e31afec17f03f00269de4374b9cadf244,True,0,0.0,0.0,0.008838653564453125,0.9911613464355469,0.0,False,,conservar,radiopedia_0257.npz,pendiente de identificar pacientes,0.0,0.0,0.00885009765625,0.99114990234375,False
radiopedia_0258,radiopedia,258,True,-1334.57275390625,136.52835083007812,-292.2433486881432,480.17183438529884,73b07dad9b36c126a9b1584a90c88223a241893deba07180330e45cf0f8a5ee3,ec741412df288265622cbe40416eedc803eb0678d58d44b341d19338b65478c5,True,0,0.0,0.0,0.00970458984375,0.99029541015625,0.0,False,,conservar,radiopedia_0258.npz,pendiente de identificar pacientes,0.0,0.0,0.0098876953125,0.9901123046875,False
radiopedia_0259,radiopedia,259,True,-1334.57275390625,136.52835083007812,-292.7065843229834,480.0595976224353,e52e78ec567eda9eeda21713b1a123ce973ab551fbd87009e542e1b526349833,d2b75c828c29575d0c1bfe435f0d17481d6fe6cd421eeab3f0dec72f8114393a,True,0,0.0,0.0,0.010761260986328125,0.9892387390136719,0.0,False,,conservar,radiopedia_0259.npz,pendiente de identificar pacientes,0.0,0.0,0.01068115234375,0.98931884765625,False
radiopedia_0260,radiopedia,260,True,-1334.57275390625,136.52835083007812,-293.05705896039353,479.70840826514603,bbee1abc3bc7a21b94e89d2757a6cd5435706e23dd551499c37806b8e2ad2276,026a5cceff2e49c46f82b9d8ac3dbcb7aa7134177a4bfba6be96eb14b70674f1,True,0,0.0,0.0,0.01160430908203125,0.9883956909179688,0.0,False,,conservar,radiopedia_0260.npz,pendiente de identificar pacientes,0.0,0.0,0.0115203857421875,0.9884796142578125,False
radiopedia_0261,radiopedia,261,True,-1334.57275390625,136.52835083007812,-293.27108225022766,479.48071706629776,e77596edb69359d234e1bf590c8dd087872bc3add889c5afd77d1d750788b97f,3593199dfaf8d910b7fd1d784ff1acceb0c1ec0c5dffc0442914fb207a2607e0,True,0,0.0,0.0,0.012470245361328125,0.9875297546386719,0.0,False,,conservar,radiopedia_0261.npz,pendiente de identificar pacientes,0.0,0.0,0.0124664306640625,0.9875335693359375,False
radiopedia_0262,radiopedia,262,True,-1334.57275390625,136.52835083007812,-293.2497202866675,479.62679307402703,8f77b67a76204d8f15ea6c30d59d6af1df9d3d5f2f10c3cdbb7236003d1a4de0,2372063e4bc4a7d8b2ed33bace565ed5f5aa6ea0b0ebc40705bc57385351a4a9,True,0,0.0,0.0,0.01357269287109375,0.9864273071289062,0.0,False,,conservar,radiopedia_0262.npz,pendiente de identificar pacientes,0.0,0.0,0.01361083984375,0.98638916015625,False
radiopedia_0263,radiopedia,263,True,-1334.57275390625,136.52835083007812,-293.45018563345684,479.72679899645755,c0da5b31329b4eb72f4e9f3bb3fa7b2f0f4d0acfe6914f9db98fc87ccdcfdf61,06d864fe2085a595d05ca0a10f2478206f92d8d695c78e2b9f116cd370c3a7af,True,0,0.0,0.0,0.014705657958984375,0.9852943420410156,0.0,False,,conservar,radiopedia_0263.npz,pendiente de identificar pacientes,0.0,0.0,0.0147857666015625,0.9852142333984375,False
radiopedia_0264,radiopedia,264,True,-1334.57275390625,136.52835083007812,-293.9305918050054,479.8271563367926,bb77e0bfa5828fd889479ab4b42d3765df0afb40c1debe7b49bd8acdb6901a98,9c62905c38cfa9968aab40276c07d2710c64d8a0633863eccc0ac79bbcccbcab,True,0,0.0,0.0,0.015827178955078125,0.9841728210449219,0.0,False,,conservar,radiopedia_0264.npz,pendiente de identificar pacientes,0.0,0.0,0.015899658203125,0.984100341796875,False
radiopedia_0265,radiopedia,265,True,-1334.57275390625,136.52835083007812,-294.63870758925714,479.5314813933913,d33d3eb59b3e481de3444eb63ced430a05a5a29936796ce53695b784db67052d,e4ea3b687aabadc1933f6834d6fee4eaa65a8df129ab3bc603e5054593842ca2,True,0,0.0,0.0,0.0168914794921875,0.9831085205078125,0.0,False,,conservar,radiopedia_0265.npz,pendiente de identificar pacientes,0.0,0.0,0.016876220703125,0.983123779296875,False
radiopedia_0266,radiopedia,266,True,-1334.57275390625,136.52835083007812,-295.76905276972184,479.84457988455966,34cef0889eae1a47e5cfe08a9a4e8556e3e071a9bad994f1352c19e05b7c2a3c,8baa1ce551328755779a385734cc894fca1bedd145c845509ee46a2cdc42ee7c,True,0,0.0,0.0,0.018009185791015625,0.9819908142089844,0.0,False,,conservar,radiopedia_0266.npz,pendiente de identificar pacientes,0.0,0.0,0.0179595947265625,0.9820404052734375,False
radiopedia_0267,radiopedia,267,True,-1334.57275390625,136.52835083007812,-296.4865389587417,479.90692041397205,ff75edeed2f2e90ae11637ea9a3ca107f15e88ca3a274a99ef86a7588ea83e54,309c98ccf4f699efe4beb084238b1672a96ef996cc655aa22df32d3f627ef586,True,0,0.0,0.0,0.019939422607421875,0.9800605773925781,0.0,False,,conservar,radiopedia_0267.npz,pendiente de identificar pacientes,0.0,0.0,0.019927978515625,0.980072021484375,False
radiopedia_0268,radiopedia,268,True,-1334.57275390625,136.52835083007812,-297.72085582764294,479.7091692304323,6f6bfa3fad3cc8662214e214904e82a2d96d12825781ab458550e7101bda9490,47802c2dc9539911a11028eef1e31f8c64f9828614ddcd0f3088a480ada36f54,True,0,0.0,0.0,0.021514892578125,0.978485107421875,0.0,False,,conservar,radiopedia_0268.npz,pendiente de identificar pacientes,0.0,0.0,0.021453857421875,0.978546142578125,False
radiopedia_0269,radiopedia,269,True,-1334.57275390625,136.52835083007812,-298.9329814308617,479.77041543895535,fdcb5886aa698e4bee2ed4eac879d9bc6afb2c739bdf3c23489bf605997f3f45,1bedfbda1ecb453d4df22d8452b586c4f4b158c0a2162f284e33310cd217039d,True,0,0.0,0.0,0.023113250732421875,0.9768867492675781,0.0,False,,conservar,radiopedia_0269.npz,pendiente de identificar pacientes,0.0,0.0,0.0231475830078125,0.9768524169921875,False
radiopedia_0270,radiopedia,270,True,-1334.57275390625,136.52835083007812,-300.8935859531598,480.16995450541435,35f5acb62d09f390bcf8485bdac24f5593233fce91bc5d463593cc52b76985d8,b839c31bf94a847d04050e06c2c2e1a6b6bafffb5f2cc8bf21c31c215630c153,True,0,0.0,0.0,0.0257720947265625,0.9742279052734375,0.0,False,,conservar,radiopedia_0270.npz,pendiente de identificar pacientes,0.0,0.0,0.0256500244140625,0.9743499755859375,False
radiopedia_0271,radiopedia,271,True,-1334.57275390625,136.52835083007812,-302.2108176368438,480.67934526908584,8468a94cc8e15179986f5f0952e7656cefdfad794a737b38bf072a1b0d9ffdc5,57a800f325f5e4368fcdfea9cb18a34ca8a177690db9668f1df4a1b3b3d9b78c,True,0,0.0,0.0,0.0284881591796875,0.9715118408203125,0.0,False,,conservar,radiopedia_0271.npz,pendiente de identificar pacientes,0.0,0.0,0.0283966064453125,0.9716033935546875,False
radiopedia_0272,radiopedia,272,True,-1334.57275390625,136.52835083007812,-304.1705383894705,481.360541688018,32f1410734c404456792ed45e22dde6e648bd477bbe89f35296ed03382ac9191,9d2fe65db5f433168212770d223e0fb000879fd03da29dedfaa5faa03eb63bb7,True,0,0.0,0.0,0.03171539306640625,0.9682846069335938,0.0,False,,conservar,radiopedia_0272.npz,pendiente de identificar pacientes,0.0,0.0,0.0315399169921875,0.9684600830078125,False
radiopedia_0273,radiopedia,273,True,-1334.57275390625,136.52835083007812,-306.53445033517846,482.06448097817804,7c2135343ea9b8cea9e47c1f3f31b45c879cf4a64cf09bfd562447713125f2f0,483f2e24eb2854a7e07e2865bdad17773466d6727e3a5c1563cfebfb5b34f7df,True,0,0.0,0.0,0.03487396240234375,0.9651260375976562,0.0,False,,conservar,radiopedia_0273.npz,pendiente de identificar pacientes,0.0,0.0,0.0349578857421875,0.9650421142578125,False
radiopedia_0274,radiopedia,274,True,-1334.57275390625,136.52835083007812,-308.9061829058219,481.9516621435318,4b57c7edebc8b820b8cc699b300327a0454badba98b835b08b49b710cc6640f8,7cc6f52a410cd86dd8da87166f9a8ba8386c9986457145981a4ac4b9d4efdce8,True,0,0.0,0.0,0.037906646728515625,0.9620933532714844,0.0,False,,conservar,radiopedia_0274.npz,pendiente de identificar pacientes,0.0,0.0,0.0378875732421875,0.9621124267578125,False
radiopedia_0275,radiopedia,275,True,-1334.57275390625,136.52835083007812,-311.81918941122376,482.6617725838728,c5a9065a8b82ab6027412f826a9747e40364c4b7c3bbf52d59a0601a8c068065,dd838ce3fabb1233bc9f767b327a864552cca982588055b8ad8a7a820c28336b,True,0,0.0,0.0,0.040958404541015625,0.9590415954589844,0.0,False,,conservar,radiopedia_0275.npz,pendiente de identificar pacientes,0.0,0.0,0.0410919189453125,0.9589080810546875,False
radiopedia_0276,radiopedia,276,True,-1334.57275390625,136.52835083007812,-314.5206065671423,483.27533661887156,5456db2eb887ce9e678ead08630e8cc7f264df3b99935d81892325e92cbf44d6,ab87152d44298593d37ddb8828563dca3a6cda1059ba1711e9e5314b310aebfd,True,5,0.0,0.0005035400390625,0.043918609619140625,0.955596923828125,0.0005035400390625,False,,conservar,radiopedia_0276.npz,pendiente de identificar pacientes,0.0,0.00048828125,0.04400634765625,0.95550537109375,False
radiopedia_0277,radiopedia,277,True,-1334.57275390625,136.52835083007812,-317.58883824458144,483.5092265162,e5bdb3143b38a62878464473e7b54b336e4d85f2e11a80be7d799891a8413fea,22d8593a8fcb9b908bc7b1f06c3685d42199e5a97632e5c6c1da4248efc36b27,True,7,0.0,0.00102996826171875,0.0472564697265625,0.9517402648925781,0.00102996826171875,False,,conservar,radiopedia_0277.npz,pendiente de identificar pacientes,0.0,0.0010223388671875,0.0472869873046875,0.951690673828125,False
radiopedia_0278,radiopedia,278,True,-1334.57275390625,136.52835083007812,-320.43661904999044,483.75210511828465,1339c56b5f2fc1a809e2ce1628864fedb2eec96dfd3cc157d537741b05aafb76,0eab1056df63e8f132d648d14975bead53cda5563a28f2a59c8427eaed50eaae,True,6,0.0006256103515625,0.001201629638671875,0.050449371337890625,0.9477462768554688,0.001827239990234375,False,,conservar,radiopedia_0278.npz,pendiente de identificar pacientes,0.0006256103515625,0.0012054443359375,0.050537109375,0.9476318359375,False
radiopedia_0279,radiopedia,279,True,-1334.57275390625,136.52835083007812,-323.4938247372079,484.50854598033607,b4e3ef339e7738dde951c972989868fb5f98534a4672be2daf34b9d71cf979eb,1b9782c7b756630fa20f71d0998fe266e1561788c96cbf5559c4701af4a83d5e,True,13,0.000423431396484375,0.00125885009765625,0.054363250732421875,0.9440040588378906,0.001682281494140625,False,,conservar,radiopedia_0279.npz,pendiente de identificar pacientes,0.0004425048828125,0.001220703125,0.0543670654296875,0.9439697265625,False
radiopedia_0280,radiopedia,280,True,-1334.57275390625,136.52835083007812,-326.5536316110538,484.96476620763184,a61f685b35384e2c4daa25d92e8bb4ec9510773454274b7c64909f10e0bee305,7a090aac3173c1a74303d569b032c35d8fc61e1ca382b4b63f17772daace9945,True,0,0.000782012939453125,0.00096893310546875,0.05857086181640625,0.9396781921386719,0.001750946044921875,False,,conservar,radiopedia_0280.npz,pendiente de identificar pacientes,0.000762939453125,0.0009765625,0.0587005615234375,0.9395599365234375,False
radiopedia_0281,radiopedia,281,True,-1334.57275390625,136.52835083007812,-329.55786738805637,485.61189150608465,35a8e8711c5bf45d70afe9799f177d0b34a8c460eec3aeed918d7e0154803536,ab2a86f5652524a391698c8da4fb19776f630a34c49c81eff3481ec674c5b276,True,0,0.001544952392578125,0.001010894775390625,0.06182861328125,0.9356155395507812,0.00255584716796875,False,,conservar,radiopedia_0281.npz,pendiente de identificar pacientes,0.0015716552734375,0.001007080078125,0.061767578125,0.9356536865234375,False
radiopedia_0282,radiopedia,282,True,-1334.57275390625,136.52835083007812,-332.248825497732,486.1040988246502,64c920c00b69c51e8b0da98750fac000c989fcb97c954cd6cfa0c3113828c6ea,969fff42391c3ee19097b44eea713b42e103021eada0408b7c11c01544d19b93,True,0,0.002216339111328125,0.0021514892578125,0.06398773193359375,0.9316444396972656,0.004367828369140625,False,,conservar,radiopedia_0282.npz,pendiente de identificar pacientes,0.002197265625,0.00213623046875,0.0642242431640625,0.9314422607421875,False
radiopedia_0283,radiopedia,283,True,-1334.57275390625,136.52835083007812,-335.3927316945769,486.6646007546837,61c7c27141e47eae8d1c3568b67b6b616cdb40bc76934854c38d2aafbbfbc468,a1a793806a49ddead0d7a9845be8c8c3be4912e6283468ee63dc7d6addd55010,True,9,0.0017852783203125,0.002635955810546875,0.06807327270507812,0.9275398254394531,0.004421234130859375,False,,conservar,radiopedia_0283.npz,pendiente de identificar pacientes,0.0017547607421875,0.0026397705078125,0.0681915283203125,0.9274139404296875,False
radiopedia_0284,radiopedia,284,True,-1334.57275390625,136.52835083007812,-339.02539758421835,487.21586765238453,d7fe2859c200bf2c613ae07b3a2d44f58d0dbf3fb3a7081c4b644a043a6dc4e0,f96055c7af5c0ec0a02bf7fb94bc388c925c9dca1aa84406d1476f9f9e063050,True,75,0.002166748046875,0.00301361083984375,0.07151412963867188,0.9235916137695312,0.00518035888671875,False,,conservar,radiopedia_0284.npz,pendiente de identificar pacientes,0.002197265625,0.002960205078125,0.07159423828125,0.923248291015625,False
radiopedia_0285,radiopedia,285,True,-1334.57275390625,136.52835083007812,-341.69475402511216,487.4223186531528,cece8679932ceb40e1b30c3d235175f04ab3e2c092b2e7e4488f225ad516b631,04facc2650dee101e9a85238477db0ad7dd13e6b550af28c4fc796001e0f41f9,True,65,0.004108428955078125,0.002605438232421875,0.0738067626953125,0.9197273254394531,0.0067138671875,False,,conservar,radiopedia_0285.npz,pendiente de identificar pacientes,0.0039825439453125,0.00262451171875,0.0738525390625,0.9195404052734375,False
radiopedia_0286,radiopedia,286,True,-1334.57275390625,136.52835083007812,-345.3952478616593,488.11994140849566,3f30e64bba7aac12462fe98eeab37e2e0c6d4484561ff3728b3655be66e9c5b7,11ccacbd6c067a77a328bf653c6308da97cdedd4db6ffb48d0094dfb2848e273,True,86,0.0,0.005382537841796875,0.07889938354492188,0.916046142578125,0.005382537841796875,False,,conservar,radiopedia_0286.npz,pendiente de identificar pacientes,0.0,0.00537109375,0.0791473388671875,0.9154815673828125,False
radiopedia_0287,radiopedia,287,True,-1334.57275390625,136.52835083007812,-348.171131321903,488.52033880050516,2a6d86d6ebc686b5f532818c93cc6745291c361f7556f899b4fb674292301f26,c893dcc1be547a4eb3bbfe18710b8689cdb100ea691f65d20f12757a79e2d4f0,True,12,0.0,0.004993438720703125,0.08282470703125,0.9122276306152344,0.004993438720703125,False,,conservar,radiopedia_0287.npz,pendiente de identificar pacientes,0.0,0.004913330078125,0.0829620361328125,0.9121246337890625,False
radiopedia_0288,radiopedia,288,True,-1334.57275390625,136.52835083007812,-350.6477304346554,489.4074602574202,f41187f02402f9e02c6687ee13f970a550dab630e305b324e02ed0d63685bdaf,23fad2258ce9386fca01b5c503ca1532ea1c0589d927c8f304ee91c57d96f458,True,38,0.0,0.0052032470703125,0.0863037109375,0.9086380004882812,0.0052032470703125,False,,conservar,radiopedia_0288.npz,pendiente de identificar pacientes,0.0,0.0051727294921875,0.08648681640625,0.9083404541015625,False
radiopedia_0289,radiopedia,289,True,-1334.57275390625,136.52835083007812,-353.6270864087596,490.4756292731695,d7744ac69e975a711a72372444b2be4403b68a3a557b0920dee802e3083192c7,efe50c7ec108a746b5745cc7dfd0c91cf9eb6abb41b5e61b5361b6af1e8e3321,True,83,0.0,0.0056915283203125,0.08977127075195312,0.9048538208007812,0.0056915283203125,False,,conservar,radiopedia_0289.npz,pendiente de identificar pacientes,0.0,0.005767822265625,0.089752197265625,0.90447998046875,False
radiopedia_0290,radiopedia,290,True,-1334.57275390625,136.52835083007812,-356.7599557738936,491.08582669698905,244a982f0df58453b1870d035189ded1142c8115eb26261a009178a4ce7c656e,7742e0c64b8d6b08a9d5b2ee4b91b4daaf66615de18497aa8defb4bea19dec73,True,3,0.0,0.00447845458984375,0.09513092041015625,0.9004020690917969,0.00447845458984375,False,,conservar,radiopedia_0290.npz,pendiente de identificar pacientes,0.0,0.0044708251953125,0.0951385498046875,0.900390625,False
radiopedia_0291,radiopedia,291,True,-1334.57275390625,136.52835083007812,-359.53867939998463,491.5267990667816,656b26af014d31afce6e511cb5b1f8e1d8c455c926ca6b1404a3b3297f4cb75f,d063b097235a8595d7e59579bac804dc46ccc8de4c81ed3d351d97c2e44361ad,True,42,0.0,0.005764007568359375,0.09786605834960938,0.8965301513671875,0.005764007568359375,False,,conservar,radiopedia_0291.npz,pendiente de identificar pacientes,0.0,0.005767822265625,0.0977630615234375,0.8964691162109375,False
radiopedia_0292,radiopedia,292,True,-1334.57275390625,136.52835083007812,-362.8101404639169,492.05458937653106,69e439158eb3d705ed5d3cbc83de71175de7243dc585932ab9de5c808bc29e79,1eda55dc68a03821026ee2e6cfc8f59662497fb2855597373bac538e1b07f439,True,99,0.0,0.0061492919921875,0.10211563110351562,0.8921127319335938,0.0061492919921875,False,,conservar,radiopedia_0292.npz,pendiente de identificar pacientes,0.0,0.0061798095703125,0.102020263671875,0.8917999267578125,False
radiopedia_0293,radiopedia,293,True,-1334.57275390625,136.52835083007812,-366.4790665761684,492.2254510382546,f9567b2959d72b1630e67d8b5e6360a034c2b25a5468305e24f58f2ed83dd472,03dfdb9304254d3af74ca1b447407ea13f4676ccc4fb0cab0de4e189a29ef623,True,30,0.0,0.005039215087890625,0.10586929321289062,0.8892059326171875,0.005039215087890625,False,,conservar,radiopedia_0293.npz,pendiente de identificar pacientes,0.0,0.005096435546875,0.1056365966796875,0.8892669677734375,False
radiopedia_0294,radiopedia,294,True,-1334.57275390625,136.52835083007812,-369.7369759391113,491.6534092754154,3cc659b272856ad277580515f720da20c4f1a42e4310d8dadbbefd05d9eefde6,ad8212d593d30428c2125f43dc987e5661e8276854b95ca870d13c1e1addd967,True,61,0.0,0.00514984130859375,0.1101226806640625,0.8849601745605469,0.00514984130859375,False,,conservar,radiopedia_0294.npz,pendiente de identificar pacientes,0.0,0.0050811767578125,0.1099700927734375,0.88494873046875,False
radiopedia_0295,radiopedia,295,True,-1334.57275390625,136.52835083007812,-373.41419455231335,491.6025932551055,3227f8ba4ce19af66a347ee9302813752f6373a64329c6c21b8b11459c0fe85c,bdf62c97c6092c18438deef7f196e8244a465402c7c814f1db34c0f3ece88547,True,78,0.0,0.006130218505859375,0.11431121826171875,0.8798561096191406,0.006130218505859375,False,,conservar,radiopedia_0295.npz,pendiente de identificar pacientes,0.0,0.00616455078125,0.1143341064453125,0.8795013427734375,False
radiopedia_0296,radiopedia,296,True,-1334.57275390625,136.52835083007812,-377.47706237936245,491.7576298477828,76e3e46fc0862661865e87199a559a1362239d05353248ade7d1e25ba5854332,90ef3598a7475a43dcfb8a10c3e6d9fe77ca650a69043fa8fba5572ca3657884,True,151,0.0,0.00720977783203125,0.120574951171875,0.8727912902832031,0.00720977783203125,False,,conservar,radiopedia_0296.npz,pendiente de identificar pacientes,0.0,0.0071868896484375,0.120361328125,0.8724517822265625,False
radiopedia_0297,radiopedia,297,True,-1334.57275390625,136.52835083007812,-381.64601634081373,491.6839149588703,fe363c4bc936c9b12619f849595e080c2eed367559cded723b13fabacc2f1c5a,e0a94aed8ff5ce078f3199ac30c4d52cacb61a2764a0c8df2675dad4cdea2b1e,True,24,0.0,0.007450103759765625,0.12288284301757812,0.8697586059570312,0.007450103759765625,False,,conservar,radiopedia_0297.npz,pendiente de identificar pacientes,0.0,0.0074462890625,0.12298583984375,0.86956787109375,False
radiopedia_0298,radiopedia,298,True,-1334.57275390625,136.52835083007812,-385.46004806784686,491.1765060881552,927c2e5c193dd03693bd2d3080f45dbec852a5886b895e3c1daddd80d78a3eb3,b4481a09e062db0b8a85d3281c1ff37e5ca92def56ec1c587c78a061e7c159c2,True,0,0.0,0.007854461669921875,0.12804031372070312,0.864105224609375,0.007854461669921875,False,,conservar,radiopedia_0298.npz,pendiente de identificar pacientes,0.0,0.007904052734375,0.127960205078125,0.8641357421875,False
radiopedia_0299,radiopedia,299,True,-1334.57275390625,136.52835083007812,-389.10943023805885,491.401088917873,e3bd5807d65381b2faf026131dcec678f905089772c7c7b7831fb11cfc979adc,a0b4ea756d78e4f10c7c2ce2ac47d37b700a2cfe7a108cb7f2dffb089644c7f5,True,120,0.0,0.0084381103515625,0.13282012939453125,0.8591995239257812,0.0084381103515625,False,,conservar,radiopedia_0299.npz,pendiente de identificar pacientes,0.0,0.008514404296875,0.1327362060546875,0.8587493896484375,False
radiopedia_0300,radiopedia,300,True,-1334.57275390625,136.52835083007812,-393.17142836006406,491.7038598861437,3807b7bdd5d21092d38494e98be910a84bbe162714e3f6cbb4f4f143f1d164c9,9bfef760dd4955564ba3cd0c50bb3fe862555460c2939905f41245daeb371e8e,True,6,0.0,0.00772857666015625,0.13878250122070312,0.8535118103027344,0.00772857666015625,False,,conservar,radiopedia_0300.npz,pendiente de identificar pacientes,0.0,0.00775146484375,0.13897705078125,0.853271484375,False
radiopedia_0301,radiopedia,301,True,-1334.57275390625,136.52835083007812,-397.1802165395802,491.83231731861895,8ec8b8469476a656841b665122a3d248e9d3e5aa3c2b47475f01979197e405c5,9d6bb2bc8036b975707ba6d8cfe6cd003fd39159b4c54dd24846046f630c837e,True,34,0.0,0.007366180419921875,0.14543914794921875,0.8473243713378906,0.007366180419921875,False,,conservar,radiopedia_0301.npz,pendiente de identificar pacientes,0.0,0.0073394775390625,0.1451873779296875,0.84747314453125,False
radiopedia_0302,radiopedia,302,True,-1334.57275390625,136.52835083007812,-401.70285324323186,492.03119339087107,291c2e054229876f3ecd17f8496bf89a508aa774fe4e4e8696f95ef475da0499,19aea5b73193608fac970e643e942c6cd6b2774b3748fe9f321952f85e7b0ced,True,40,0.0,0.00777435302734375,0.1513671875,0.8410110473632812,0.00777435302734375,False,,conservar,radiopedia_0302.npz,pendiente de identificar pacientes,0.0,0.0077972412109375,0.151092529296875,0.8411102294921875,False
radiopedia_0303,radiopedia,303,True,-1334.57275390625,136.52835083007812,-407.0048082827857,491.8712814240803,f41b9873fafe22e42dd589f28c300611a1a2ae01428a59e593faf175f6946dd9,2c682138eaff7a74aa3f9790de3371a1fa6d3776bac528dc06c085575672614e,True,23,0.0,0.00852203369140625,0.15619659423828125,0.8353691101074219,0.00852203369140625,False,,conservar,radiopedia_0303.npz,pendiente de identificar pacientes,0.0,0.0084991455078125,0.1558380126953125,0.835662841796875,False
radiopedia_0304,radiopedia,304,True,-1334.57275390625,136.52835083007812,-412.2043259981351,491.61002281576305,d2f8a5e1d08a885c025a561d5c57db83f2281ce1cfbb0588f428373444dfdd93,b266ff7115cf17b54bd8ad5e1f0aa58941d45b0d77a44f7187d286a3e69bd0ab,True,131,0.0,0.00978851318359375,0.16142654418945312,0.82928466796875,0.00978851318359375,False,,conservar,radiopedia_0304.npz,pendiente de identificar pacientes,0.0,0.0098419189453125,0.1612091064453125,0.828948974609375,False
radiopedia_0305,radiopedia,305,True,-1334.57275390625,136.52835083007812,-417.8680374164164,491.7753016252396,0990965dce72ec6265ce8c6e9bcb6bf90e1639358fd3d81e284a8dda28405ebf,c6cc45124b7d420fed9112737c5d42a888a23e8d611d1541ea5b2f2c233ca638,True,26,0.0,0.00936126708984375,0.17064285278320312,0.8200950622558594,0.00936126708984375,False,,conservar,radiopedia_0305.npz,pendiente de identificar pacientes,0.0,0.009368896484375,0.1708221435546875,0.8198089599609375,False
radiopedia_0306,radiopedia,306,True,-1334.57275390625,136.52835083007812,-422.83436006129796,491.9444268368054,da88e5aaf43c1c07a72fb9befeb62c84f230a93fd7cc6b4215753c126a49c015,110141862d52c00c3324e2012217bd3672535f66089fb4a4d69d4fdb1a7daf7a,True,130,0.0,0.0095367431640625,0.17754364013671875,0.81341552734375,0.0095367431640625,False,,conservar,radiopedia_0306.npz,pendiente de identificar pacientes,0.0,0.009552001953125,0.1777191162109375,0.8127288818359375,False
radiopedia_0307,radiopedia,307,True,-1334.57275390625,136.52835083007812,-428.1826261210035,492.2882144818171,a8d1fedf4da0d2a821dc15ea8a2b090f8a1572fae57b23c0b5dc844033c4a4c0,c510106c1ce2fdd08efdcba301a1429a211ed1222622a7b6782b94dccadc58c8,True,28,0.0,0.0097808837890625,0.18436050415039062,0.8059654235839844,0.0097808837890625,False,,conservar,radiopedia_0307.npz,pendiente de identificar pacientes,0.0,0.009796142578125,0.1844482421875,0.805755615234375,False
radiopedia_0308,radiopedia,308,True,-1334.57275390625,136.52835083007812,-432.7942857022199,492.44557212097334,2f3276bdf294efa9b9555ce6716fdb97c6821e60a65d226d3339eeba4dae7dca,2d7197d22c5d260662d9aed76cb699ed13be938adcdbb8b3cf5a3a8889797ff3,True,212,0.0,0.00991058349609375,0.19090652465820312,0.7999916076660156,0.00991058349609375,False,,conservar,radiopedia_0308.npz,pendiente de identificar pacientes,0.0,0.009918212890625,0.191070556640625,0.79901123046875,False
radiopedia_0309,radiopedia,309,True,-1334.57275390625,136.52835083007812,-437.43649249730925,492.7618333085946,abfdb83f3c2f312214943c17036b77fcbdfcca9e6f810f2ddf01d739d013f05a,1c58e8ea7205bc7423fddda10df1d1f40673c004e91287e4c198a17f09d0768b,True,176,0.0,0.0108795166015625,0.196075439453125,0.7937164306640625,0.0108795166015625,False,,conservar,radiopedia_0309.npz,pendiente de identificar pacientes,0.0,0.01092529296875,0.1956024169921875,0.7934722900390625,False
radiopedia_0310,radiopedia,310,True,-1334.57275390625,136.52835083007812,-442.0038780523082,492.6044712747314,982cfce0908890f2c22ac5123f33a6e6f9110015a8a9804b19598ec76679f4da,f81e3ff630ab2f31114747e108e8ef81e24511f9219dcd91ec5fd153d38128d8,True,44,0.0,0.01265716552734375,0.20048141479492188,0.7870292663574219,0.01265716552734375,False,,conservar,radiopedia_0310.npz,pendiente de identificar pacientes,0.0,0.0127105712890625,0.20037841796875,0.7869110107421875,False
radiopedia_0311,radiopedia,311,True,-1334.57275390625,136.52835083007812,-446.60853509479057,492.303356661957,6b4dcbd7d7850c30d4ddacfe31079696acba4d8bfdc9ea47bc3593e1d9f701f4,5daf9ea4e6375d39ef7d322b30622b75f8887d8596e27d513f15dd4aa1304c81,True,59,0.0,0.013092041015625,0.20648956298828125,0.7806434631347656,0.013092041015625,False,,conservar,radiopedia_0311.npz,pendiente de identificar pacientes,0.0,0.0130615234375,0.2064056396484375,0.7805328369140625,False
radiopedia_0312,radiopedia,312,True,-1334.57275390625,136.52835083007812,-451.63462047436724,491.5393390047111,d48ca3ddf1ee8c28af8b24bc8eae6171a614f8d2463ecd351edc382ddc4b6958,3369f22b814e5e9e66813cac21d39bbaec2f2c92fd4b2535cabc57afeee24ce1,True,3,0.0,0.01311492919921875,0.21305084228515625,0.7738456726074219,0.01311492919921875,False,,conservar,radiopedia_0312.npz,pendiente de identificar pacientes,0.0,0.0130767822265625,0.2132415771484375,0.773681640625,False
radiopedia_0313,radiopedia,313,True,-1334.57275390625,136.52835083007812,-456.4981584805487,491.43679568031405,8e9de46b06ef4bdb98e2da1cc51cac2bfd7b14ac2ba8f9bd4a6afb221eeb8487,cd7d4c463671dda32c4f76c0c7c1add8f4dbd766461059c0cfbe0d78249e652e,True,28,0.0,0.013370513916015625,0.21866226196289062,0.7680740356445312,0.013370513916015625,False,,conservar,radiopedia_0313.npz,pendiente de identificar pacientes,0.0,0.01336669921875,0.2183837890625,0.76824951171875,False
radiopedia_0314,radiopedia,314,True,-1334.57275390625,136.52835083007812,-461.6134776594686,490.92207952682577,3b404fff01bcb9885025738c4f9c9da3903eb995549292715e8322a70cc913df,d1c0d3a39f8a6f8fa5bb68415e9db9cd2b2e7976c6c2544ccd60818c2a40ec86,True,5,0.0,0.011356353759765625,0.22745132446289062,0.7612113952636719,0.011356353759765625,False,,conservar,radiopedia_0314.npz,pendiente de identificar pacientes,0.0,0.0112762451171875,0.227264404296875,0.7614593505859375,False
radiopedia_0315,radiopedia,315,True,-1334.57275390625,136.52835083007812,-466.43184557701943,490.60756325885404,6db89f694e42e94586d1103de669cdd7aa447912d24fe2bbbc7e980f75faceb2,69d3547cb424a82c8e796a6f3359ba19349d28fbd8294a36436df00abef82d96,True,8,0.0,0.01300048828125,0.23203659057617188,0.7549934387207031,0.01300048828125,False,,conservar,radiopedia_0315.npz,pendiente de identificar pacientes,0.0,0.0128021240234375,0.232177734375,0.7550201416015625,False
radiopedia_0316,radiopedia,316,True,-1334.57275390625,136.52835083007812,-471.7757654842844,490.3674228259121,4bc5bf1f108c3f582c26a7484e9b907364831fd5a7803094e3929ad9966e7d01,8523c87da1f85552e6a3a97633ce8a921a226ff736b337bcf82fd5c9b658bb2e,True,0,0.0,0.012615203857421875,0.23921966552734375,0.7481651306152344,0.012615203857421875,False,,conservar,radiopedia_0316.npz,pendiente de identificar pacientes,0.0,0.012603759765625,0.2391510009765625,0.7482452392578125,False
radiopedia_0317,radiopedia,317,True,-1334.57275390625,136.52835083007812,-477.51415270395864,489.89555819338835,ae410284fc63ece3173f385090813aa08919d7eb638938b5c0921e82f38797f4,9beee76b8a922a87b14f51d927f744124101eb31f67951620b888497ef5b9030,True,18,0.0,0.01290130615234375,0.245819091796875,0.7413482666015625,0.01290130615234375,False,,conservar,radiopedia_0317.npz,pendiente de identificar pacientes,0.0,0.0129547119140625,0.245819091796875,0.7412261962890625,False
radiopedia_0318,radiopedia,318,True,-1334.57275390625,136.52835083007812,-482.4524750199744,489.6596758227511,20f26a902093996de069aebafb3c627128a44e80afcd3adb5369143be802d225,dc11fac6d83574e67949511c5610b18b720506c14f65ca39834e4381b21b2244,True,12,0.0,0.012645721435546875,0.2555503845214844,0.7318496704101562,0.012645721435546875,False,,conservar,radiopedia_0318.npz,pendiente de identificar pacientes,0.0,0.012664794921875,0.255584716796875,0.73175048828125,False
radiopedia_0319,radiopedia,319,True,-1334.57275390625,136.52835083007812,-486.33103939320563,490.0891887414415,ab2762a6123cacf53b9912629c93694931e6e25c66412c0848099c2faf075f28,6e99a6594ba5efba15f1401d30aa77c44d68cac5c37c3c4370cf7f0c83655906,True,49,0.0,0.012542724609375,0.258514404296875,0.7291297912597656,0.012542724609375,False,,conservar,radiopedia_0319.npz,pendiente de identificar pacientes,0.0,0.0125732421875,0.258575439453125,0.728851318359375,False
radiopedia_0320,radiopedia,320,True,-1334.57275390625,136.52835083007812,-488.9678275441747,490.29252356811514,3bb0b7dccad3b6ffc7403d8a2f379e0c87d07d15ee55bfeae82e2182077b810a,356fe128f9b05bf42b135ae0e01fac41974caa2b978fae8f8569b13d34cb3c68,True,96,0.0,0.014232635498046875,0.25968170166015625,0.7264518737792969,0.014232635498046875,False,,conservar,radiopedia_0320.npz,pendiente de identificar pacientes,0.0,0.0142059326171875,0.259613037109375,0.7261810302734375,False
radiopedia_0321,radiopedia,321,True,-1334.57275390625,136.52835083007812,-491.3465367381932,489.8117896214807,e2066da95a74a3b1d55834b0aee93e86e80fd33d1aac9c0e3e32b48afb37ef4e,0c8688fa65cb94f0db3076dda296dcb12abf0fa6ab3b2a8a49308688f6173339,True,91,0.0,0.01509857177734375,0.2625617980957031,0.722686767578125,0.01509857177734375,False,,conservar,radiopedia_0321.npz,pendiente de identificar pacientes,0.0,0.015045166015625,0.2627410888671875,0.7222137451171875,False
radiopedia_0322,radiopedia,322,True,-1334.57275390625,136.52835083007812,-493.56847873852075,489.287359271359,6fe2d2ab4c0dae93d02754188a86a7d30b9b7559d70215bdeef71016828bc34b,736e7504f216f33aeeac8427ed538fa1dd6614d23921b8b8ec43d9a4f41618bc,True,228,0.0,0.0165863037109375,0.2638206481933594,0.7204627990722656,0.0165863037109375,False,,conservar,radiopedia_0322.npz,pendiente de identificar pacientes,0.0,0.016632080078125,0.2638092041015625,0.7195587158203125,False
radiopedia_0323,radiopedia,323,True,-1334.57275390625,136.52835083007812,-495.4774012779876,488.72479429086786,fd6711829c315255ce39e2442ded4dd6407a87e368bd2d7f34c82c17fd6aa939,ac96045234ee5ac70fe0fdbe5564b86b5353abda6b5166ff934b815b0a94563c,True,69,0.0,0.015781402587890625,0.26697540283203125,0.7175064086914062,0.015781402587890625,False,,conservar,radiopedia_0323.npz,pendiente de identificar pacientes,0.0,0.015838623046875,0.266845703125,0.717315673828125,False
radiopedia_0324,radiopedia,324,True,-1334.57275390625,136.52835083007812,-497.67459576373403,488.37189937203743,597f655a3e27589fe914eb78246309e38f772c7978dbe9aca83d2376fb4429a6,995855d91461e9b9ffc6209dbe180f08abc103cf0555d27fafedafc1b3d4ddf9,True,229,0.0,0.015628814697265625,0.2714080810546875,0.713836669921875,0.015628814697265625,False,,conservar,radiopedia_0324.npz,pendiente de identificar pacientes,0.0,0.0156707763671875,0.271453857421875,0.7128753662109375,False
radiopedia_0325,radiopedia,325,True,-1334.57275390625,136.52835083007812,-499.2779655856875,487.8716477209534,a35105cbfa09619b13bc5cdeae29b5b11fb533f034d1ae7bff43f0ee695694e0,dd53b4fe1966161c18950e9b6ba40e8e8280501ccd9325b9b0e76cddf02c0000,True,189,0.0,0.0159149169921875,0.2731666564941406,0.711639404296875,0.0159149169921875,False,,conservar,radiopedia_0325.npz,pendiente de identificar pacientes,0.0,0.015960693359375,0.27337646484375,0.710662841796875,False
radiopedia_0326,radiopedia,326,True,-1334.57275390625,136.52835083007812,-500.65601031612005,487.3432892271925,eb37785bcf88e2398af559836af3247bea3e924df24a712d9ff2590bd344a120,dde74adc5648fb008f3dffb106083e631c5cd7358c2a02a5a25e5c2677567658,True,456,0.0,0.016880035400390625,0.2761268615722656,0.7087326049804688,0.016880035400390625,False,,conservar,radiopedia_0326.npz,pendiente de identificar pacientes,0.0,0.016876220703125,0.2760009765625,0.707122802734375,False
radiopedia_0327,radiopedia,327,True,-1334.57275390625,136.52835083007812,-502.42146823560415,487.0732112230445,1c6b430736e289496c7f44977fb08007e6bf2fb7ea5dff975408241a198daf17,fc927b989d2f4f571c00ac9f00a5eb04ba5d2fb748b5bb3cd69f1c2f1a816a7b,True,742,0.0,0.01818084716796875,0.27738189697265625,0.7072677612304688,0.01818084716796875,False,,conservar,radiopedia_0327.npz,pendiente de identificar pacientes,0.0,0.01824951171875,0.2774200439453125,0.7043304443359375,False
radiopedia_0328,radiopedia,328,True,-1334.57275390625,136.52835083007812,-503.93000729179676,487.1488080457221,3698d649bddf81071dbec1bff0b77d4f6d700f27c2310492e09200fa192589f0,bc9bb451d4d21cd29f58454991f13fbef208c681a8c969d28dd5ae20aef1751d,True,84,0.0,0.0152587890625,0.2808341979980469,0.7042274475097656,0.0152587890625,False,,conservar,radiopedia_0328.npz,pendiente de identificar pacientes,0.0,0.0152435302734375,0.2807769775390625,0.7039794921875,False
radiopedia_0329,radiopedia,329,True,-1334.57275390625,136.52835083007812,-505.0985053750301,487.26657460297986,dd6d4a835bb53538e5e8d435d742d8afe63b9f52d294b1f39f4413a55a64ab09,a453bf5c91a6f17c7ba03a71793b30ef023b1db2e7d9e22b187f48768547891b,True,173,0.0,0.0154571533203125,0.283294677734375,0.7019081115722656,0.0154571533203125,False,,conservar,radiopedia_0329.npz,pendiente de identificar pacientes,0.0,0.0155181884765625,0.2832489013671875,0.70123291015625,False
radiopedia_0330,radiopedia,330,True,-1334.57275390625,136.52835083007812,-506.8050960200908,486.84474466078467,95871fe50cf9c2197d35e253e76db6d26cbf50194591f8455b593a86b6f2f46b,d6525920a3e8fae4f33fa47aa260d344ad6e7cb42242476e9ff1e93944832631,True,89,0.0,0.015781402587890625,0.284149169921875,0.700408935546875,0.015781402587890625,False,,conservar,radiopedia_0330.npz,pendiente de identificar pacientes,0.0,0.015777587890625,0.2844390869140625,0.6997833251953125,False
radiopedia_0331,radiopedia,331,True,-1334.57275390625,136.52835083007812,-508.71014374242986,486.25902853357684,24f935122ee5c545c20dcc1904399bcd296717464d2e3d128466047fb5cf1962,7e2022f839357fc8e2452446a96852a691b444bdf40582028b782a78be329457,True,349,0.0,0.017303466796875,0.2864418029785156,0.6975860595703125,0.017303466796875,False,,conservar,radiopedia_0331.npz,pendiente de identificar pacientes,0.0,0.0173492431640625,0.286376953125,0.6962738037109375,False
radiopedia_0332,radiopedia,332,True,-1334.57275390625,136.52835083007812,-510.48592006152376,485.4887235081847,093a2f6a0770d71ee76a6b5944b4dfe17a839499cd52b4ebe08706ea0f48e1cb,21a8e5a2f40bc8bbc7dd3b7d3a55b213b9cbbce95d431a785150bc630935e7ae,True,489,0.0,0.01819610595703125,0.2887153625488281,0.6949539184570312,0.01819610595703125,False,,conservar,radiopedia_0332.npz,pendiente de identificar pacientes,0.0,0.018157958984375,0.2887725830078125,0.6930694580078125,False
radiopedia_0333,radiopedia,333,True,-1334.57275390625,136.52835083007812,-512.9656810904366,484.34920786827513,5cfb8f57da14017d101d1ad2af6928f68f1402be72bf4868f91c8a4984dc9903,f1648a8a1a94f125ed2b06946acdf58bf570f9786710793d3c010f3adf449a88,True,447,0.0,0.01839447021484375,0.29228973388671875,0.6910209655761719,0.01839447021484375,False,,conservar,radiopedia_0333.npz,pendiente de identificar pacientes,0.0,0.018402099609375,0.292510986328125,0.6890869140625,False
radiopedia_0334,radiopedia,334,True,-1334.57275390625,136.52835083007812,-515.6968152473901,483.83593809238477,38bc9d585c09c6f9aa0b3447f0516a88dab91399962caf3816e75faf85e34527,6396805b393c9a7b297741914a9147e988e24958b4ffca079ed75f58358e8e58,True,353,0.0,0.016998291015625,0.29541778564453125,0.6889305114746094,0.016998291015625,False,,conservar,radiopedia_0334.npz,pendiente de identificar pacientes,0.0,0.016998291015625,0.295562744140625,0.68743896484375,False
radiopedia_0335,radiopedia,335,True,-1334.57275390625,136.52835083007812,-518.0902008818202,482.9631192879344,0a40600d3d15b3e6da5684b1a63b529e2f292ef82dc10ccd97a3770f8c430f6d,941359f9aaa6e2b524d0b70f62dedfc0b52bf706ae2efad1fec6c007ad959714,True,463,0.0,0.01677703857421875,0.298980712890625,0.6860084533691406,0.01677703857421875,False,,conservar,radiopedia_0335.npz,pendiente de identificar pacientes,0.0,0.0167694091796875,0.2989501953125,0.6842803955078125,False
radiopedia_0336,radiopedia,336,True,-1334.57275390625,136.52835083007812,-520.0948688686649,482.34664656291335,f167485918e3b693eeb1f2f6458d0702a931b8b8a50eac0ae1351ce87f6c648f,7a465132c5ea4e36530048ddec29975f73527b9d0ac1f2db95500c5758c85d6b,True,495,0.0,0.018459320068359375,0.30049896240234375,0.6829299926757812,0.018459320068359375,False,,conservar,radiopedia_0336.npz,pendiente de identificar pacientes,0.0,0.0184478759765625,0.3005828857421875,0.68096923828125,False
radiopedia_0337,radiopedia,337,True,-1334.57275390625,136.52835083007812,-521.2442430311121,482.5696084996803,8efb63f044f8e2d1ea3a8943d5741c1a225712e154e39afe82ade5266ebca02b,9b3cce851bc48266b1a8d41e57c0fc9a365da46b32f6a53d35b875bfa31f2222,True,404,0.001644134521484375,0.017185211181640625,0.3016815185546875,0.6810302734375,0.018829345703125,False,,conservar,radiopedia_0337.npz,pendiente de identificar pacientes,0.00164794921875,0.017120361328125,0.3016510009765625,0.6795806884765625,False
radiopedia_0338,radiopedia,338,True,-1334.57275390625,136.52835083007812,-521.6906360751423,483.3373384036487,38c656e071cb6e7ffaee8471778495a2490a4abb2d35c32a857d988c336cef83,06af7477bb4a7395b6e8a81b68504d53d73b4eca872ae987c78595eed94612c5,True,300,0.002864837646484375,0.0166778564453125,0.30069732666015625,0.6809043884277344,0.019542694091796875,False,,conservar,radiopedia_0338.npz,pendiente de identificar pacientes,0.0028839111328125,0.016693115234375,0.3007965087890625,0.67962646484375,False
radiopedia_0339,radiopedia,339,True,-1334.57275390625,136.52835083007812,-521.6694625518057,483.35234447606297,f961675bdb36c3b94a2656cab4744d80a1c00d098fedba087478319d506874c0,b352adfa0a25b0ceee2b1b04b913a3e17413f9f59ef5737c4eacb5a6f7f8bd22,True,150,0.00299072265625,0.01555633544921875,0.3010139465332031,0.6810111999511719,0.01854705810546875,False,,conservar,radiopedia_0339.npz,pendiente de identificar pacientes,0.0029754638671875,0.0154876708984375,0.3011932373046875,0.6803436279296875,False
radiopedia_0340,radiopedia,340,True,-1334.57275390625,136.52835083007812,-521.4144661312048,483.7059462551705,3c7bd1e7d75d25b6b4d4ececdf96f293a3cd28cf0454fe28bc0c76a23534299c,564521a2b338ca45f5260559722f77eb3f9c7a5c2a7c88ceecc48f0490ac458e,True,76,0.00376129150390625,0.01425933837890625,0.30139923095703125,0.6808700561523438,0.0180206298828125,False,,conservar,radiopedia_0340.npz,pendiente de identificar pacientes,0.0037384033203125,0.014251708984375,0.3013153076171875,0.680694580078125,False
radiopedia_0341,radiopedia,341,True,-1334.57275390625,136.52835083007812,-521.6777278741183,483.0624001269329,0da9d4ea46125c7aa57cdf5f531ce7e3b0d94072b9dc7c56d5ad08771d031400,d366da6c29f58cf4e67f2fd0e17b2801ecad20247bec4a8659cff4f48c8c9cae,True,0,0.00428009033203125,0.011867523193359375,0.3032073974609375,0.6806449890136719,0.016147613525390625,False,,conservar,radiopedia_0341.npz,pendiente de identificar pacientes,0.0042877197265625,0.0118865966796875,0.303131103515625,0.680694580078125,False
radiopedia_0342,radiopedia,342,True,-1334.57275390625,136.52835083007812,-522.1215587970878,482.88082732981246,5b864ba1f5b0a2905455c442b97c63eef12747721ac8403d82117d795206d941,3e30f237673ec8bbaa8c0f1bbf6ecdcbdb6a9db4ea027c244ee5bcc4f21f8763,True,0,0.003238677978515625,0.01151275634765625,0.3046875,0.6805610656738281,0.014751434326171875,False,,conservar,radiopedia_0342.npz,pendiente de identificar pacientes,0.0032806396484375,0.011474609375,0.3046417236328125,0.68060302734375,False
radiopedia_0343,radiopedia,343,True,-1334.57275390625,136.52835083007812,-522.351308442926,482.55752733391864,dad2bcedf6b73950babb982627ac86d35bdbc862f232b58a9b9b7a7af2f8f923,b147f3e64de5203ecc14d1c92c6434801496fa0c1370dde2e10f867b38776c5b,True,2,0.00308990478515625,0.013576507568359375,0.30272674560546875,0.6806144714355469,0.016666412353515625,False,,conservar,radiopedia_0343.npz,pendiente de identificar pacientes,0.0030670166015625,0.013580322265625,0.3027496337890625,0.68060302734375,False
radiopedia_0344,radiopedia,344,True,-1334.57275390625,136.52835083007812,-522.46351782691,482.4493764863027,093b892e10ee7fda0bb4b688948d36c7177f657d590370f7566f84b6052c3328,dd596af622c42de490cae0ec9322951a0e97294daa3ff7912fecbe4d1458725b,True,0,0.003688812255859375,0.012386322021484375,0.30336761474609375,0.6805572509765625,0.01607513427734375,False,,conservar,radiopedia_0344.npz,pendiente de identificar pacientes,0.003662109375,0.012481689453125,0.30328369140625,0.680572509765625,False
radiopedia_0345,radiopedia,345,True,-1334.57275390625,136.52835083007812,-522.587922691072,482.91202381864326,722f5cae443fa49185d1c0b645d1b861d575c5d6c903f07a659aa651153a617e,ef286162061adbe7023b554ca646d0f7e87b3ddd68b5d3fd8c63c91bad4b482f,True,1,0.0023956298828125,0.01309967041015625,0.3040809631347656,0.6804275512695312,0.01549530029296875,False,,conservar,radiopedia_0345.npz,pendiente de identificar pacientes,0.0024261474609375,0.013092041015625,0.3040618896484375,0.680419921875,False
radiopedia_0346,radiopedia,346,True,-1334.57275390625,136.52835083007812,-522.6359062714469,483.0450070665003,0d43849d21fb04b03271af057a76e7e7c843c8c93ba92890b583276fce662eb9,95ac2341a5aa3f4b063067c89fa76db73f79b33d6da09b267eb9f450c6e66cb8,True,1,0.003326416015625,0.013210296630859375,0.3030128479003906,0.6804542541503906,0.016536712646484375,False,,conservar,radiopedia_0346.npz,pendiente de identificar pacientes,0.0032958984375,0.013275146484375,0.3028106689453125,0.6806182861328125,False
radiopedia_0347,radiopedia,347,True,-1334.57275390625,136.52835083007812,-522.3510034540609,483.29351456051427,3bc82c153b38892f4a32d6cf53e277041991ec36d23d548a9ad1f645a691db75,386c743c9408ffa96352047bfe5172c83470249c3d98a009c96208e689371090,True,4,0.002368927001953125,0.013668060302734375,0.3034477233886719,0.6805305480957031,0.0160369873046875,False,,conservar,radiopedia_0347.npz,pendiente de identificar pacientes,0.00238037109375,0.0136566162109375,0.3033447265625,0.6806182861328125,False
radiopedia_0348,radiopedia,348,True,-1334.57275390625,136.52835083007812,-521.9641249757651,483.83467403074104,ee10ce777eb1056a7b9abd5fc3b740acc412bc9fc25586d5f6f1cdfad6b31299,c927b7b36582694f14a01b6ecdeef2e1c1d71a87083b5b6030e8b31cde00b1f5,True,0,0.001922607421875,0.01235198974609375,0.3048858642578125,0.6808395385742188,0.01427459716796875,False,,conservar,radiopedia_0348.npz,pendiente de identificar pacientes,0.001861572265625,0.0123748779296875,0.3047027587890625,0.681060791015625,False
radiopedia_0349,radiopedia,349,True,-1334.57275390625,136.52835083007812,-521.5200955328346,483.64671106531455,b81c7ef819cd28b0e4c241f556dd32cfe3ae0cf8f308225e4ad195f7d550a7d3,f673c039e7a45d47f6e534cd7cfa81baa1f9448c3e53f2d25e24f199c835fa3d,True,1,0.000263214111328125,0.013439178466796875,0.305084228515625,0.6812171936035156,0.013702392578125,False,,conservar,radiopedia_0349.npz,pendiente de identificar pacientes,0.000274658203125,0.0132904052734375,0.305145263671875,0.6812896728515625,False
radiopedia_0350,radiopedia,350,True,-1334.57275390625,136.52835083007812,-521.0711130743134,483.4348642350933,13ffea8314b68201f35e21bad2f7cc229f3634ad2af97fe8047e18b463ec28fb,f52fff29e0f32f8d4909bc25dd89b59eb18e8a49b13b05542d92c61e3a90856a,True,31,0.00438690185546875,0.01197052001953125,0.3022918701171875,0.6814689636230469,0.016357421875,False,,conservar,radiopedia_0350.npz,pendiente de identificar pacientes,0.004425048828125,0.011993408203125,0.3022918701171875,0.6812896728515625,False
radiopedia_0351,radiopedia,351,True,-1334.57275390625,136.52835083007812,-520.9041820230013,483.46476325811983,10d1f21d60460b94aeb56a626ae1f49b335d8fb8c458eea9a86479c99c822559,6ea5d4eb74d98fdb6f236992c427e64d18d9e6a151fda1e33d9369d5b43ddd31,True,1,0.002895355224609375,0.00937652587890625,0.3061485290527344,0.6815834045410156,0.012271881103515625,False,,conservar,radiopedia_0351.npz,pendiente de identificar pacientes,0.0029144287109375,0.0093536376953125,0.3062591552734375,0.6814727783203125,False
radiopedia_0352,radiopedia,352,True,-1334.57275390625,136.52835083007812,-521.1390063842123,483.2916911731299,318d5e9c70d5f4b52b608f4ea74508a0e00537902ef721d75593f932de6b012c,2f982eaf1cd96771e6db3a877dd5cef052501b53fd1cb964a7c72f919a21b227,True,0,0.0,0.01045989990234375,0.3078765869140625,0.6816635131835938,0.01045989990234375,False,,conservar,radiopedia_0352.npz,pendiente de identificar pacientes,0.0,0.01043701171875,0.307769775390625,0.681793212890625,False
radiopedia_0353,radiopedia,353,True,-1334.57275390625,136.52835083007812,-520.7999621797849,483.7000471084169,119b507977cda324ee63322798db369811499a9b8ecf10c68daa2fb678481600,9fdf4bac57d06c5a5b48fd36b7c5ea4c794c33c620d11aecb477e219131595d5,True,3,0.0,0.01065826416015625,0.3072319030761719,0.6821212768554688,0.01065826416015625,False,,conservar,radiopedia_0353.npz,pendiente de identificar pacientes,0.0,0.01068115234375,0.30718994140625,0.68212890625,False
radiopedia_0354,radiopedia,354,True,-1334.57275390625,136.52835083007812,-520.5567940079168,484.1545694070437,ea84807eaba5d8847a2d121d01240f762640069fd4298462b85a090848db1acc,deb35db911f37cc87a17a5addc06fc4e0f2ba9cc0f8b16622e30acbc39e5aa5b,True,3,0.0,0.011089324951171875,0.3060951232910156,0.6828269958496094,0.011089324951171875,False,,conservar,radiopedia_0354.npz,pendiente de identificar pacientes,0.0,0.01104736328125,0.3060150146484375,0.6829376220703125,False
radiopedia_0355,radiopedia,355,True,-1334.57275390625,136.52835083007812,-520.1035946930515,484.3116874580275,02656debcfc94ac2489652832ef355e710a99d5248731696a8ff8775a6da0e06,145ab7ed19373f776c439428e9229e3927ddd77b2fdba4775d7b9dc9ef70bf28,True,13,0.0,0.011363983154296875,0.30516815185546875,0.6835174560546875,0.011363983154296875,False,,conservar,radiopedia_0355.npz,pendiente de identificar pacientes,0.0,0.0113677978515625,0.305389404296875,0.6832427978515625,False
radiopedia_0356,radiopedia,356,True,-1334.57275390625,136.52835083007812,-519.5126570318184,484.5480638224101,62aae2f03129c1d67a9efd7b3eea97252f7d47fc199145cbe2a4daabe890f0fe,a2c7ef89a1a891fd4ec5cb48f03ab4fb2f1f4ec6fddb18093eef41546a6818f0,True,2,0.0,0.0110626220703125,0.3048362731933594,0.6841087341308594,0.0110626220703125,False,,conservar,radiopedia_0356.npz,pendiente de identificar pacientes,0.0,0.0110321044921875,0.304901123046875,0.6840667724609375,False
radiopedia_0357,radiopedia,357,True,-1334.57275390625,136.52835083007812,-518.5136539807008,485.1475418904167,4c7aee64e2009a8bde99f0b3c18111d1364e2856e452773126d83ebdf7310df9,bc97b6db17484b2848a48e58e36bdab4a5a7d0e41ab6b4740c4ed777433a495b,True,7,0.000530242919921875,0.0117034912109375,0.30306243896484375,0.6847305297851562,0.012233734130859375,False,,conservar,radiopedia_0357.npz,pendiente de identificar pacientes,0.0005035400390625,0.011749267578125,0.303070068359375,0.6846771240234375,False
radiopedia_0358,radiopedia,358,True,-1334.57275390625,136.52835083007812,-517.5512651626541,485.29742643928665,a4b8f524a01b2b7886887492e19c7c46898ec100582ec5aae817015c72c00e76,df45ace82acab0dbcde62753fa17c97f235dcee89b4f3184eaf1f9e1a5d77fa5,True,0,0.0,0.011501312255859375,0.30290985107421875,0.6855888366699219,0.011501312255859375,False,,conservar,radiopedia_0358.npz,pendiente de identificar pacientes,0.0,0.0115509033203125,0.30279541015625,0.6856536865234375,False
radiopedia_0359,radiopedia,359,True,-1334.57275390625,136.52835083007812,-516.8575237618097,485.14612062139435,45b13c73a4ef68142da3ee56ac1e48d39a7df0dcb01e527285d18dc1a4a3644e,70da9edb2ce05e11ee9ee77ac9491573d58d69a05df7b9659459e94487edb2c1,True,3,0.0,0.01175689697265625,0.3019866943359375,0.6862678527832031,0.01175689697265625,False,,conservar,radiopedia_0359.npz,pendiente de identificar pacientes,0.0,0.011749267578125,0.3020172119140625,0.6862335205078125,False
radiopedia_0360,radiopedia,360,True,-1334.57275390625,136.52835083007812,-516.0513894145533,485.3467334125689,d38f0266e52af780afd99f4ac55c72c8538b71c44e03a54f1f84959095afc58b,5672f54f04f5be1e204796af7cb87efddee2ffd3104f69340b7f46d4f6d84d92,True,0,0.0,0.01227569580078125,0.3008880615234375,0.6868362426757812,0.01227569580078125,False,,conservar,radiopedia_0360.npz,pendiente de identificar pacientes,0.0,0.0122222900390625,0.301025390625,0.6867523193359375,False
radiopedia_0361,radiopedia,361,True,-1334.57275390625,136.52835083007812,-515.6186705708901,485.36928102299896,e4d5975c37d7ea5332cfe606a738b21899c3c0ceccb36a599898d15e989ef60f,39f680c0a84616152b9506919059554b1c3e2de5d7c43b3be93946be4757efe4,True,5,0.000759124755859375,0.0135498046875,0.29850006103515625,0.6872100830078125,0.014308929443359375,False,,conservar,radiopedia_0361.npz,pendiente de identificar pacientes,0.000732421875,0.0136260986328125,0.2983856201171875,0.687255859375,False
radiopedia_0362,radiopedia,362,True,-1334.57275390625,136.52835083007812,-515.2002421605926,485.11943638371775,15a8a52a5bbfb7d4ee338690518d4f35d15f2b8776c0da9bb8e7e53fe4dfe1b0,cfe85f805a91a1a2e414f534795b1d1a46d62414f8329890d968fe161480ee9c,True,0,0.0,0.01282501220703125,0.2996673583984375,0.6875076293945312,0.01282501220703125,False,,conservar,radiopedia_0362.npz,pendiente de identificar pacientes,0.0,0.0128173828125,0.2997589111328125,0.6874237060546875,False
radiopedia_0363,radiopedia,363,True,-1334.57275390625,136.52835083007812,-515.0857077241467,485.1210922565268,81d8dbdcccfb55c9ad64ee8f087ac550f4db373a40117bd5367a589726c1df62,b756e48494ea300657fc0114cafd01880d62145c16250e8d3b5ae9a1f86029c7,True,4,0.0,0.013580322265625,0.29845428466796875,0.6879806518554688,0.013580322265625,False,,conservar,radiopedia_0363.npz,pendiente de identificar pacientes,0.0,0.0136566162109375,0.298431396484375,0.6879119873046875,False
radiopedia_0364,radiopedia,364,True,-1334.57275390625,136.52835083007812,-514.9932554860125,485.4886119977014,1e5fb4f5603fe80c48805459505726e2bb6979a59794ff73cb8c95fc9a5d25d3,a26be21e3be8ec4a0d906a149725b89ec8462455b3ef02a099c7c983aaf2e446,True,86,0.0,0.014781951904296875,0.2971916198730469,0.6883544921875,0.014781951904296875,False,,conservar,radiopedia_0364.npz,pendiente de identificar pacientes,0.0,0.0147857666015625,0.29718017578125,0.6880340576171875,False
radiopedia_0365,radiopedia,365,True,-1334.57275390625,136.52835083007812,-514.4532838269652,485.5379710607964,89c39a59eef7a6b75fbaf9d7d1c248fe32c4e41f5af60b537839d4cf1264e92e,2f529e534a00ee17629df2805f6e61b6376d40e4f402e13711ab8768b179e143,True,81,0.00128173828125,0.013763427734375,0.2966651916503906,0.6885986328125,0.015045166015625,False,,conservar,radiopedia_0365.npz,pendiente de identificar pacientes,0.00128173828125,0.013763427734375,0.29669189453125,0.688262939453125,False
radiopedia_0366,radiopedia,366,True,-1334.57275390625,136.52835083007812,-514.2290878819449,486.0528925161682,07077417cecdeecb4a993b99eab3fe34799a8aa10863cc41f98251a6f0f8c871,718b451d1434e1c418c0656bf1fe4555d4763038d3f5003fe1fcf27f76d71163,True,81,0.001651763916015625,0.01439666748046875,0.2950439453125,0.6892166137695312,0.016048431396484375,False,,conservar,radiopedia_0366.npz,pendiente de identificar pacientes,0.001617431640625,0.0143585205078125,0.2952117919921875,0.688812255859375,False
radiopedia_0367,radiopedia,367,True,-1334.57275390625,136.52835083007812,-514.2793564715171,486.38971707817046,b6c0bbe189d65f4d67c9c5e509eb66c1a0e4c416add4fd1767e72a6b675c61d1,b11e1c46f57585918a78c1359b3e7dcc2a6d4b627eb19a0007045eb76ed38ee4,True,60,0.00191497802734375,0.01465606689453125,0.2945442199707031,0.6891136169433594,0.016571044921875,False,,conservar,radiopedia_0367.npz,pendiente de identificar pacientes,0.0019378662109375,0.014556884765625,0.29461669921875,0.6888885498046875,False
radiopedia_0368,radiopedia,368,True,-1334.57275390625,136.52835083007812,-514.5554076632793,486.71937925738774,51ce21f04fb9cdd0b484d47537e121b56cb13135696fe3de34703abc9d7f4523,8a057bb71e23a4daae0f35cba22e7ced8d33174a43d1c878e2bd997ff66fe25a,True,73,0.002758026123046875,0.0151824951171875,0.2930183410644531,0.6893196105957031,0.017940521240234375,False,,conservar,radiopedia_0368.npz,pendiente de identificar pacientes,0.0027618408203125,0.0151214599609375,0.2930450439453125,0.6890716552734375,False
radiopedia_0369,radiopedia,369,True,-1334.57275390625,136.52835083007812,-514.9212360027427,486.7258924440139,75601f57748b18207ff918a072ba6fc24057dad9b387400f7ef0c1e66803572b,a68cf80c4d906326bc4f460dc801c92f1334cb236e97431e3f0867729d439d50,True,54,0.00209808349609375,0.015380859375,0.29346466064453125,0.6892623901367188,0.01747894287109375,False,,conservar,radiopedia_0369.npz,pendiente de identificar pacientes,0.002105712890625,0.015350341796875,0.2933349609375,0.689208984375,False
radiopedia_0370,radiopedia,370,True,-1334.57275390625,136.52835083007812,-515.2158440081625,486.32444605061545,f7223cfebe5209ecf0576d4b56a2e0df08f5967fe6d3d4f60092bae52eda1468,a5c14aa1235b8bfd9d507a0edc5bae896d54aeaba32866e41cc10f519f927510,True,19,0.002544403076171875,0.01503753662109375,0.29315185546875,0.6893386840820312,0.017581939697265625,False,,conservar,radiopedia_0370.npz,pendiente de identificar pacientes,0.0025482177734375,0.015045166015625,0.293060302734375,0.6893463134765625,False
radiopedia_0371,radiopedia,371,True,-1334.57275390625,136.52835083007812,-514.9785552933167,486.6227071904934,a50fb38ee02c667455f39d27d2699510d0aa06107a4a9d5fe8940029353c84ac,d88e0a6a8881287cf6c39dcbf1c42500878c10dcfdceeb716af2b473a4daf05b,True,6,0.001171112060546875,0.015106201171875,0.2923851013183594,0.6913604736328125,0.016277313232421875,False,,conservar,radiopedia_0371.npz,pendiente de identificar pacientes,0.001190185546875,0.015106201171875,0.2923736572265625,0.6913299560546875,False
radiopedia_0372,radiopedia,372,True,-1334.57275390625,136.52835083007812,-515.3048948752717,486.17161761154506,ea1141a15193632c29d962085fb01996a484d30fc8f4fd76c0963d06a95e8eca,9ad4abfe9d49820ae726933730d266fb63748a625866e805d808309dca8833e6,True,0,0.0,0.013576507568359375,0.2949104309082031,0.6915130615234375,0.013576507568359375,False,,conservar,radiopedia_0372.npz,pendiente de identificar pacientes,0.0,0.0136260986328125,0.2948760986328125,0.691497802734375,False
radiopedia_0373,radiopedia,373,True,-1334.57275390625,136.52835083007812,-515.3717283348929,485.896729398947,182a5b673014641b0ba992651751ddc5c0c9b9cfaec3e9e836e030d36a745be6,060f5fe6e7f8f1d7f610846897df5327d82edad87cc4d1dea592c0639dda62ed,True,0,0.00189971923828125,0.013454437255859375,0.29058074951171875,0.6940650939941406,0.015354156494140625,False,,conservar,radiopedia_0373.npz,pendiente de identificar pacientes,0.0018463134765625,0.0135498046875,0.2903900146484375,0.6942138671875,False
radiopedia_0374,radiopedia,374,True,-1334.57275390625,136.52835083007812,-514.8230991605533,485.95702451459323,8839814d58d6534e0b3402d0c664035df2e9feaa21ac28432bc0c57ac5dbeec2,de734ec2f93a0f17c4f674b904cfc650f02693d663256d0220003cb1f1ffaa42,True,4,0.0,0.01317596435546875,0.2914161682128906,0.6954231262207031,0.01317596435546875,False,,conservar,radiopedia_0374.npz,pendiente de identificar pacientes,0.0,0.01324462890625,0.291259765625,0.69549560546875,False
radiopedia_0375,radiopedia,375,True,-1334.57275390625,136.52835083007812,-514.439016197724,486.08600446484115,eecde8fa9eb9429af836c42b871028ae29f2a0e54f54102becccd0d06f7d4777,ac6681e69d7a4404d37c8f1f4a58758303adce970c51414be5144f7082c6588b,True,0,0.0,0.012104034423828125,0.2929496765136719,0.6949462890625,0.012104034423828125,False,,conservar,radiopedia_0375.npz,pendiente de identificar pacientes,0.0,0.0121307373046875,0.2929229736328125,0.6949462890625,False
radiopedia_0376,radiopedia,376,True,-1334.57275390625,136.52835083007812,-514.4885299282282,486.3555449840319,1db9c8806ce1f0c83b49747f7cc30c8fa3a6289be0eeec7779d737707ad17209,1a7ffa8e69477e7ba3b5056a4ba86320def1723b5e5648ca540d4a2909f0b6f0,True,22,0.001583099365234375,0.011722564697265625,0.29184722900390625,0.6949310302734375,0.0133056640625,False,,conservar,radiopedia_0376.npz,pendiente de identificar pacientes,0.001495361328125,0.011810302734375,0.2920074462890625,0.6946868896484375,False
radiopedia_0377,radiopedia,377,True,-1334.57275390625,136.52835083007812,-514.4362112395415,486.64668658757364,62b41c6a0c7d4eaad714c522861e69bb68ecf79515250c6c9628eb1fdc811d67,483cfa3443ae8cfa0f8f9d63e1959785165167f0047c3fa616b093510457b366,True,5,0.0,0.01262664794921875,0.2906379699707031,0.6967544555664062,0.01262664794921875,False,,conservar,radiopedia_0377.npz,pendiente de identificar pacientes,0.0,0.012664794921875,0.290618896484375,0.69671630859375,False
radiopedia_0378,radiopedia,378,True,-1334.57275390625,136.52835083007812,-514.9136253173729,486.5476652350943,534f34cdff63fc3cd9cbc0b278aa41e09dd67e206077b8b644471873238de1a9,ad77037222ec15c59066933d72634298824ba8535d51b674204e4d352f3ccd0d,True,9,0.001430511474609375,0.01213836669921875,0.29042816162109375,0.6960372924804688,0.013568878173828125,False,,conservar,radiopedia_0378.npz,pendiente de identificar pacientes,0.0014495849609375,0.012115478515625,0.29034423828125,0.6960906982421875,False
radiopedia_0379,radiopedia,379,True,-1334.57275390625,136.52835083007812,-515.7711915022123,486.7148235349325,063696f485c8a3853a18165c84f4dff48c9f5181cc164a5b00a457b886b80ad9,8e283d5470092ea4fb0b434a5cfed3b5ed24e6cea92da4d40bf78a47a81540d9,True,9,0.0010986328125,0.01158905029296875,0.2914085388183594,0.6959381103515625,0.01268768310546875,False,,conservar,radiopedia_0379.npz,pendiente de identificar pacientes,0.0010833740234375,0.0116119384765625,0.291259765625,0.696044921875,False
radiopedia_0380,radiopedia,380,True,-1334.57275390625,136.52835083007812,-516.629929302841,486.17478290665144,46c6aaee9214e4ae5406ef014d14f8d29dc74d533697201fa07143efb14e75db,0fc42d0d88231bd166f869f31558654baf76e0092b38b6c4d6a3f7d0db71f76d,True,0,0.00173187255859375,0.010303497314453125,0.2921295166015625,0.6958351135253906,0.012035369873046875,False,,conservar,radiopedia_0380.npz,pendiente de identificar pacientes,0.0017852783203125,0.01025390625,0.292236328125,0.6957244873046875,False
radiopedia_0381,radiopedia,381,True,-1334.57275390625,136.52835083007812,-517.669717944294,486.377186207574,f00a0cf7a0580985f4c55e92e4035fcb46c18f0fe535ea0574f50216c9bdfaa6,a2950e7101154a3fe16e131fc8ff6a4f60892c892d945e47a69d7081368326a0,True,0,0.0,0.009349822998046875,0.29465484619140625,0.6959953308105469,0.009349822998046875,False,,conservar,radiopedia_0381.npz,pendiente de identificar pacientes,0.0,0.0094146728515625,0.2947235107421875,0.69586181640625,False
radiopedia_0382,radiopedia,382,True,-1334.57275390625,136.52835083007812,-518.5326931177133,485.6766243236237,16b63b304a39782358f78627f550cd177d508708c11a5a766c121e84cc13c18e,c3777e881ba7f2ab9393a1ae34bf8d70b07ec4ec89560315e5c50e41ecb5eaac,True,0,0.000732421875,0.009082794189453125,0.2943916320800781,0.6957931518554688,0.009815216064453125,False,,conservar,radiopedia_0382.npz,pendiente de identificar pacientes,0.000732421875,0.009124755859375,0.2942657470703125,0.6958770751953125,False
radiopedia_0383,radiopedia,383,True,-1334.57275390625,136.52835083007812,-519.2956207587054,485.6251577087297,d3f2a83295de019666a2519344c6bd3beaa61262583e51afd335500d80beb668,9b86cb9a015dda3949403408e310f3b7f57c75a517ca0e317f22ca9b28f64bc2,True,0,0.00049591064453125,0.0093536376953125,0.2929039001464844,0.6972465515136719,0.00984954833984375,False,,conservar,radiopedia_0383.npz,pendiente de identificar pacientes,0.0005035400390625,0.0093231201171875,0.292938232421875,0.697235107421875,False
radiopedia_0384,radiopedia,384,True,-1334.57275390625,136.52835083007812,-519.9172973253467,485.4014675608925,15cff5dd4a167e004177aed92742e4be8cdb8572f6520006eea1d4e9c8f2decc,576b08383a291df5c49922dc7419c7c9219e0d76e252e73547a4b775c6e2029b,True,14,0.000274658203125,0.00922393798828125,0.2911376953125,0.6994171142578125,0.00949859619140625,False,,conservar,radiopedia_0384.npz,pendiente de identificar pacientes,0.0002593994140625,0.00921630859375,0.2910919189453125,0.699432373046875,False
radiopedia_0385,radiopedia,385,True,-1334.57275390625,136.52835083007812,-520.0948426628574,485.28129477000687,e2705ec20023c6c971c58f8d8ed11727334fb99830157a72dfd901b8dd2e3ba5,6e9d302d4c1b96786a9fa410a8d4ab757bdc969cc29f3db6ec9f8a1b02605f02,True,14,0.000461578369140625,0.009113311767578125,0.29108428955078125,0.6993942260742188,0.00957489013671875,False,,conservar,radiopedia_0385.npz,pendiente de identificar pacientes,0.00048828125,0.0091552734375,0.29119873046875,0.69915771484375,False
radiopedia_0386,radiopedia,386,True,-1334.57275390625,136.52835083007812,-519.9307036087612,485.4267699513534,031a433786aa19e467b7d422d21c900241d427121b5bc9fe154a2d284c609c39,2e5b7aac203a0fbf3e8f22755006356cf49ac534c3f5f7c1f7742ee18eaba273,True,8,0.00119781494140625,0.00739288330078125,0.29026031494140625,0.7011795043945312,0.0085906982421875,False,,conservar,radiopedia_0386.npz,pendiente de identificar pacientes,0.001220703125,0.0074462890625,0.2901611328125,0.701171875,False
radiopedia_0387,radiopedia,387,True,-1334.57275390625,136.52835083007812,-519.9653185211259,485.4530602843975,c0686f648e2b7efac41ae6ee60540ade7fbec10e246da6015ab4a21651fb9927,bb9abbe9335082f213ff6d208e3cde153bca5962b299febd92fb8004c5c9f92b,True,2,0.00064849853515625,0.006893157958984375,0.29036712646484375,0.7020988464355469,0.007541656494140625,False,,conservar,radiopedia_0387.npz,pendiente de identificar pacientes,0.0006103515625,0.0068817138671875,0.2904510498046875,0.702056884765625,False
radiopedia_0388,radiopedia,388,True,-1334.57275390625,136.52835083007812,-520.0753664293802,485.74611953931606,32aee857bc32f0550da3805257208e77b027e81b9b3a06711802386a8c5bd45d,c20054ee46104133a49111381a1f333d6525162bbf58ba8684167c902e5c0e5b,True,0,0.00096893310546875,0.006786346435546875,0.2896766662597656,0.7025680541992188,0.007755279541015625,False,,conservar,radiopedia_0388.npz,pendiente de identificar pacientes,0.0009918212890625,0.0067901611328125,0.2896881103515625,0.7025299072265625,False
radiopedia_0389,radiopedia,389,True,-1334.57275390625,136.52835083007812,-521.0256740018949,485.5356605610675,05ad13c4228f3a3bcdbbe26af5d94b2b7c0ddd4f19852f21c40e8539a261cc81,04bcb7cfd973823db1709e91b30e0365e1aac55b6dade1b65bebeb4b33a382e4,True,0,0.000591278076171875,0.00616455078125,0.29050445556640625,0.7027397155761719,0.006755828857421875,False,,conservar,radiopedia_0389.npz,pendiente de identificar pacientes,0.0006103515625,0.0060882568359375,0.29052734375,0.7027740478515625,False
radiopedia_0390,radiopedia,390,True,-1334.57275390625,136.52835083007812,-521.6938486050199,484.9569760974004,e4e349f7230853f1e93d90778666c9f6918d05dcc041cd886c090e2ef51967d8,afd6a403d14a3223ef76c7f33906eca306f144ee5e6e696867a61fc0a3e89a18,True,14,0.0,0.0066680908203125,0.29006195068359375,0.7033233642578125,0.0066680908203125,False,,conservar,radiopedia_0390.npz,pendiente de identificar pacientes,0.0,0.00665283203125,0.289825439453125,0.703521728515625,False
radiopedia_0391,radiopedia,391,True,-1334.57275390625,136.52835083007812,-523.2011046243279,484.3231053275165,89dd53fff8c8fc286a276ffe41864188c53e90a4e027c78b92627be6089b815c,ca616581e0b9d872753a33b7fe4c7c7de8f3b40d7e1ab2cfee7d34283e16572e,True,0,0.0,0.0051422119140625,0.2914276123046875,0.70343017578125,0.0051422119140625,False,,conservar,radiopedia_0391.npz,pendiente de identificar pacientes,0.0,0.005126953125,0.291412353515625,0.703460693359375,False
radiopedia_0392,radiopedia,392,True,-1334.57275390625,136.52835083007812,-523.9844660099393,484.3703285496801,cc085e68ec3c26577ed6aadee5f4943c8eee06c48e8dfe5b38ef1d63addec27e,e42c3557c5292b225e3a14d83c374a8f25929a45ac86ff2ed09129243277dc4d,True,0,0.0,0.00537109375,0.2914695739746094,0.7031593322753906,0.00537109375,False,,conservar,radiopedia_0392.npz,pendiente de identificar pacientes,0.0,0.0053253173828125,0.2915496826171875,0.703125,False
radiopedia_0393,radiopedia,393,True,-1334.57275390625,136.52835083007812,-524.7168797840586,484.00308893536254,bda30fcd7bd619e6b83c6aeb5cd25a3ef6330244ee3bc9ad3580689e9c5223c5,c0f05922661ed4e0a9d50f6abb6a00239d2cce5df902ec24e9d6b2b7c9946edf,True,0,0.0,0.004638671875,0.29227447509765625,0.7030868530273438,0.004638671875,False,,conservar,radiopedia_0393.npz,pendiente de identificar pacientes,0.0,0.00469970703125,0.29229736328125,0.7030029296875,False
radiopedia_0394,radiopedia,394,True,-1334.57275390625,136.52835083007812,-525.4616250358008,484.17297564902924,fc3dc83baab4d34a702d50fa8e6871b04d8488b80002dbfee922f27fc59b8648,562a991c50287a8c1569d5e1b70fdf82e0d84e38fb21c64afdedfbea3929afcf,True,0,0.0,0.002521514892578125,0.2942619323730469,0.703216552734375,0.002521514892578125,False,,conservar,radiopedia_0394.npz,pendiente de identificar pacientes,0.0,0.002593994140625,0.294158935546875,0.7032470703125,False
radiopedia_0395,radiopedia,395,True,-1334.57275390625,136.52835083007812,-526.2063188059219,484.8859592166552,c1286547de7eb7105cd9023331433f33877a2f2b0f4dc5ed25194ab3a85e89f8,76f10cbfc6706049972337e5f789d748a9f6d8888061343cd008dd8a1b7aa035,True,0,0.0,0.00179290771484375,0.2943878173828125,0.7038192749023438,0.00179290771484375,False,,conservar,radiopedia_0395.npz,pendiente de identificar pacientes,0.0,0.001800537109375,0.29443359375,0.703765869140625,False
radiopedia_0396,radiopedia,396,True,-1334.57275390625,136.52835083007812,-527.2833971776913,485.07558289781986,027ce36192f733bd6a5967b8c8c666154c778c8a7b09ba42526dc07da4102f5c,52552497dd84c2c569f071cd74717671aec0c75b41015bf982ed327595795fe4,True,2,0.00344085693359375,0.0009765625,0.29009246826171875,0.7054977416992188,0.00441741943359375,False,,conservar,radiopedia_0396.npz,pendiente de identificar pacientes,0.003448486328125,0.0009307861328125,0.289947509765625,0.7056732177734375,False
radiopedia_0397,radiopedia,397,True,-1334.57275390625,136.52835083007812,-528.6311047987456,484.7043468840814,56720e1d805c8e0a6ac783a3f5e9e2c11652711a767d923e464a34b12fa6d8d3,d8fcae1ab1bc63a08b9a1ae880fd394a68f7e71bb9401a1df8621147700edf9b,True,4,0.003108978271484375,0.0,0.29242706298828125,0.7044792175292969,0.003108978271484375,False,,conservar,radiopedia_0397.npz,pendiente de identificar pacientes,0.003082275390625,0.0,0.292236328125,0.704681396484375,False
radiopedia_0398,radiopedia,398,True,-1334.57275390625,136.52835083007812,-529.4589593433016,484.5298637444903,d4b1f4fe677dffbc5ab00a95804615d4c695f4d53b8ab4f6178723b27db01d3d,6c0d58d2f0c9f80c1c6026d1e0ff2f8dec564e4b6395b8d2e7d49dc2536416cf,True,2,0.00269317626953125,0.0,0.2913856506347656,0.7059288024902344,0.00269317626953125,False,,conservar,radiopedia_0398.npz,pendiente de identificar pacientes,0.0026397705078125,0.0,0.291412353515625,0.7059478759765625,False
radiopedia_0399,radiopedia,399,True,-1334.57275390625,136.52835083007812,-529.8229528957595,484.71935618590527,0621de45b2491851638e3159617af7a08cbb8795983a51e3cf87398729a4ad2b,7df63ec8387d9b565b3126f1a1cfdb73f49ba7481338fa2a1f2e17eb4707ffd4,True,0,0.002445220947265625,0.0,0.291656494140625,0.7058982849121094,0.002445220947265625,False,,conservar,radiopedia_0399.npz,pendiente de identificar pacientes,0.00250244140625,0.0,0.291351318359375,0.706146240234375,False
radiopedia_0400,radiopedia,400,True,-1334.57275390625,136.52835083007812,-530.4165324060605,484.7092502761992,d2681bbf1101aee281c2f601f1768350eccfc42c193ea8ec5e14f59ada7197c3,8612ea0bfa25cba5198a6000d2a4562b01085b9ff864fe50dc53c32b1f8500d8,True,0,0.002346038818359375,0.0,0.29175567626953125,0.7058982849121094,0.002346038818359375,False,,conservar,radiopedia_0400.npz,pendiente de identificar pacientes,0.002288818359375,0.0,0.2917938232421875,0.7059173583984375,False
radiopedia_0401,radiopedia,401,True,-1334.57275390625,136.52835083007812,-530.5927342186023,484.56251581610985,bb98e122cc8243f9bebb26c5726c22fa6df03dfd878f08572450402889a686f1,8dcdf0451862d2bed99e6438e05643de9dd56489fad8960c56b5366b891c27d4,True,0,0.001583099365234375,0.0,0.2924232482910156,0.70599365234375,0.001583099365234375,False,,conservar,radiopedia_0401.npz,pendiente de identificar pacientes,0.0015869140625,0.0,0.292266845703125,0.706146240234375,False
radiopedia_0402,radiopedia,402,True,-1334.57275390625,136.52835083007812,-530.6325339698496,484.4555812930957,cdf352c18579bf7d2ec4a182dff8244701cd6287dd9ec587e75f537b37eed680,ebe1a725fafe20fbb45383513373d5a45d5b281a427c435dc16f48adc5c4c899,True,0,0.00136566162109375,0.0,0.2920379638671875,0.7065963745117188,0.00136566162109375,False,,conservar,radiopedia_0402.npz,pendiente de identificar pacientes,0.0013427734375,0.0,0.292144775390625,0.706512451171875,False
radiopedia_0403,radiopedia,403,True,-1334.57275390625,136.52835083007812,-530.5725719450002,484.63817338910087,5fe71e353ce603420191d4be538807a0e3ffe7f69a8d7f3331de1a291c101897,71a7823b5d39595bba2111f086c8cde3b56146e7bb1c40ca5c58ec880ef732cc,True,0,0.0,0.0,0.2924957275390625,0.7075042724609375,0.0,False,,conservar,radiopedia_0403.npz,pendiente de identificar pacientes,0.0,0.0,0.29266357421875,0.70733642578125,False
radiopedia_0404,radiopedia,404,True,-1334.57275390625,136.52835083007812,-530.6606807550002,485.49027855067857,b6e25a68c9fd082086f5837a0436771aef3ec46f5dd7f03c157141cfc2b801a9,75fc04aecfa5bafc28c60fc0b6b1788d69f33aeb2aab4e3649abc6e133d59644,True,0,0.0,0.0,0.291015625,0.708984375,0.0,False,,conservar,radiopedia_0404.npz,pendiente de identificar pacientes,0.0,0.0,0.291168212890625,0.708831787109375,False
radiopedia_0405,radiopedia,405,True,-1334.57275390625,136.52835083007812,-530.7588976555244,486.4153647817285,20acca04bc3277ccbce9458125605d927c2a1cc2cc1ec29cb421fbc66a081ae2,21ade428552b1a7579b31c7a407765ad89f268352d724c1c1d357d01a42b08cc,True,0,0.0,0.0,0.2909660339355469,0.7090339660644531,0.0,False,,conservar,radiopedia_0405.npz,pendiente de identificar pacientes,0.0,0.0,0.29107666015625,0.70892333984375,False
radiopedia_0406,radiopedia,406,True,-1334.57275390625,136.52835083007812,-531.5951212924329,486.61773642456694,84fba035387cfca6de6e06c76555563abc68b775969565771b29ffa243c2c001,ab03bda560b366db4bd72ccd0bee937cec656fe9ffe5be6ba2e19edef38422df,True,0,0.0,0.0,0.2915687561035156,0.7084312438964844,0.0,False,,conservar,radiopedia_0406.npz,pendiente de identificar pacientes,0.0,0.0,0.2914886474609375,0.7085113525390625,False
radiopedia_0407,radiopedia,407,True,-1334.57275390625,136.52835083007812,-532.298989291417,486.5943960631948,a81e1f58fd7741fd5233b596cfc5da12b074069cb0cc9a9bfc9ef1aa7d706e79,a5211b448982997e393dc428fd8d744647370406b0bae7be45b32a2856caa754,True,0,0.0,0.0,0.2911872863769531,0.7088127136230469,0.0,False,,conservar,radiopedia_0407.npz,pendiente de identificar pacientes,0.0,0.0,0.2912445068359375,0.7087554931640625,False
radiopedia_0408,radiopedia,408,True,-1334.57275390625,136.52835083007812,-532.442513320676,486.80863365369333,66e4dcad015a8d8e831db2174740c9ea4853a043d3cc8b7c96698fc2cb8d490e,74375a7b1bb6398cb303edb7a706b8aef1d600e89b0937c204c481bd6dc614b4,True,0,0.0,0.0,0.2913093566894531,0.7086906433105469,0.0,False,,conservar,radiopedia_0408.npz,pendiente de identificar pacientes,0.0,0.0,0.2911834716796875,0.7088165283203125,False
radiopedia_0409,radiopedia,409,True,-1334.57275390625,136.52835083007812,-532.6943441165986,486.5909487974177,ed66db5f1e7c0d6effd560de3d59a18693906f974b868a9d99cabbfa3f615237,14ca8bb87d4cec877e606c1996a1e1899de5d44113b3828d59b3cac3e7f8e42a,True,0,0.0,0.0,0.29137420654296875,0.7086257934570312,0.0,False,,conservar,radiopedia_0409.npz,pendiente de identificar pacientes,0.0,0.0,0.291351318359375,0.708648681640625,False
radiopedia_0410,radiopedia,410,True,-1334.57275390625,136.52835083007812,-532.9222540743526,486.3106634155674,d29a84582eca01531a5a75a50eb3d2a7293ee1ceb75334ce9c9ff32df478f69e,54da9872cc1c4f034c11d4aef3e3a18529199668bd7b75f887b1beb7cc998572,True,0,0.0,0.0,0.2909507751464844,0.7090492248535156,0.0,False,,conservar,radiopedia_0410.npz,pendiente de identificar pacientes,0.0,0.0,0.2908782958984375,0.7091217041015625,False
radiopedia_0411,radiopedia,411,True,-1334.57275390625,136.52835083007812,-532.7430860490449,486.3561594894848,bbd47ec175f47b9ab8b04e51011ed67c17734ddf64e00fcfe18ce86b837e775c,3660f1766135fafc99b339a1e0ff716d9bd2a44a51ccaafe66a4ef8dbb776f89,True,0,0.0,0.0,0.2904396057128906,0.7095603942871094,0.0,False,,conservar,radiopedia_0411.npz,pendiente de identificar pacientes,0.0,0.0,0.2902679443359375,0.7097320556640625,False
radiopedia_0412,radiopedia,412,True,-1334.57275390625,136.52835083007812,-532.6662715003922,486.31563400675867,a60045988f5509739016bd3f4b01ff224207e168b64e233a8e8e1e04a17e838c,887af2c488fa37935dfb80bae4fe173d043266d8d54228416bba778faeb6b137,True,0,0.0,0.0,0.29001617431640625,0.7099838256835938,0.0,False,,conservar,radiopedia_0412.npz,pendiente de identificar pacientes,0.0,0.0,0.29010009765625,0.70989990234375,False
radiopedia_0413,radiopedia,413,True,-1334.57275390625,136.52835083007812,-532.8579267634277,486.66432869168676,89d4b5f7d1bea7813608e7321bc61560456325d92495cb9e4523296b81ff6fec,a1315ca4a655eb3e032da81fcdef20cca55436a17a22f6956730a8ff54b9500d,True,0,0.0,0.0,0.28879547119140625,0.7112045288085938,0.0,False,,conservar,radiopedia_0413.npz,pendiente de identificar pacientes,0.0,0.0,0.2890472412109375,0.7109527587890625,False
radiopedia_0414,radiopedia,414,True,-1334.57275390625,136.52835083007812,-532.8811211619595,486.9987720450497,d50f1ddc619023c08a4d57f4ee83e64f9a5b038b617633f2c02600b3816d68a7,314b881299c4eeb6617af9095443e663c058584be19d9adf465d6dd837477cac,True,0,0.0,0.0,0.2887840270996094,0.7112159729003906,0.0,False,,conservar,radiopedia_0414.npz,pendiente de identificar pacientes,0.0,0.0,0.2888641357421875,0.7111358642578125,False
radiopedia_0415,radiopedia,415,True,-1334.57275390625,136.52835083007812,-533.5316799089146,487.2270316369261,fa17f07db06e3b387fcabace83f410b23779c38ac295aa4c6f366d1f5644dba4,b037d36fbcd6ee8e7a03847b0db641212b39debbfc818330aed6d964c02d8b22,True,0,0.0,0.0,0.2888984680175781,0.7111015319824219,0.0,False,,conservar,radiopedia_0415.npz,pendiente de identificar pacientes,0.0,0.0,0.288970947265625,0.711029052734375,False
radiopedia_0416,radiopedia,416,True,-1334.57275390625,136.52835083007812,-533.6042907172932,487.32512887238875,df07eb6dae887ebf82c5da2883251f3063efd4c8709aa73cb45f695e1d5b0e50,53a05f3151f098d327e842bb57e7ad303271c4fc4faee19bd6cd8bfb92187ab9,True,0,0.0,0.0,0.28876495361328125,0.7112350463867188,0.0,False,,conservar,radiopedia_0416.npz,pendiente de identificar pacientes,0.0,0.0,0.288787841796875,0.711212158203125,False
radiopedia_0417,radiopedia,417,True,-1334.57275390625,136.52835083007812,-534.1491623539141,486.940480382034,5263c56bdd48bd0d788373688d45d4b9d951a6db46b9a33a32e5705cd998701e,8439e366765c7f95cc3ca2adc74a8e73d84094e1ffee294b998d54bf9dac11dc,True,0,0.0,0.0,0.2888069152832031,0.7111930847167969,0.0,False,,conservar,radiopedia_0417.npz,pendiente de identificar pacientes,0.0,0.0,0.28875732421875,0.71124267578125,False
radiopedia_0418,radiopedia,418,True,-1334.57275390625,136.52835083007812,-534.3887393810978,486.39526532045386,f46bc1f2251e0555b9eabee6bd8c571ec001ba58cb894368ca2407d5505e991e,28384e047505c3229e01b9d3415f33b8197a4414ba5c0faa158d8bfb1a00809a,True,0,0.0,0.0,0.28912353515625,0.71087646484375,0.0,False,,conservar,radiopedia_0418.npz,pendiente de identificar pacientes,0.0,0.0,0.289031982421875,0.710968017578125,False
radiopedia_0419,radiopedia,419,True,-1334.57275390625,136.52835083007812,-535.1430892449048,485.9334301655653,58b16af6c39f847ee28ab30c5f834881c1280cca6c8dc61a202c944b6fef4750,743b3c2f22024366718312a04bbc5ddf98a7142a3cdefa3b0df5db9a6795d9f8,True,0,0.0,0.0,0.2891426086425781,0.7108573913574219,0.0,False,,conservar,radiopedia_0419.npz,pendiente de identificar pacientes,0.0,0.0,0.289306640625,0.710693359375,False
radiopedia_0420,radiopedia,420,True,-1334.57275390625,136.52835083007812,-535.6453796489691,485.770639502803,694268853d2fd4cb979506f906d5000d4ca2742ff6722332c04659af30317066,561ad0b9915c9799ccbd0af0b8fb9ab0984d8e3f1fafcdd75780b9f814a89342,True,0,0.0,0.0,0.28875732421875,0.71124267578125,0.0,False,,conservar,radiopedia_0420.npz,pendiente de identificar pacientes,0.0,0.0,0.28857421875,0.71142578125,False
radiopedia_0421,radiopedia,421,True,-1334.57275390625,136.52835083007812,-535.705371117569,485.7133948476743,97f6174f23d7053baf4d0d3f704dc1e74057a2491371f3a8d27829b8ff2b6764,5c8f1585c0d1dad27fe861d93073d6d435e930fd794f9bd62b470a6a04aaba26,True,0,0.0,0.0,0.2899932861328125,0.7100067138671875,0.0,False,,conservar,radiopedia_0421.npz,pendiente de identificar pacientes,0.0,0.0,0.2899169921875,0.7100830078125,False
radiopedia_0422,radiopedia,422,True,-1334.57275390625,136.52835083007812,-534.9758242509797,485.803781480782,80c8f09c5e97568a07b078415a3b9194ac1719a220bdec8e6262af286ca25e6f,ad48cc1a10b9d722808d2e43b82b337673d6651b532b022ab6e46b6a2d0b24d0,True,0,0.0,0.0,0.2889595031738281,0.7110404968261719,0.0,False,,conservar,radiopedia_0422.npz,pendiente de identificar pacientes,0.0,0.0,0.289154052734375,0.710845947265625,False
radiopedia_0423,radiopedia,423,True,-1334.57275390625,136.52835083007812,-533.9056886671547,485.8530874394041,841764a5a804d00b586a6056440ff5106f2ad48fb9e189d66f7d69a46a46c645,e32027297a2f9e61cd9c85401d93cceffa7bb676562056c52231814f34829bb9,True,0,0.0,0.0,0.2884521484375,0.7115478515625,0.0,False,,conservar,radiopedia_0423.npz,pendiente de identificar pacientes,0.0,0.0,0.28887939453125,0.71112060546875,False
radiopedia_0424,radiopedia,424,True,-1334.57275390625,136.52835083007812,-532.7653749893566,486.50026535015195,292e7612ec4b02871ad270b8013a1e3ed6c7bf695cea49c393d0debdcf5276ed,3bd84980f737ffdcf87171e1fce59a5e17505104b16449e8fdbe86cd0cef4806,True,0,0.0,0.0,0.2860984802246094,0.7139015197753906,0.0,False,,conservar,radiopedia_0424.npz,pendiente de identificar pacientes,0.0,0.0,0.2862091064453125,0.7137908935546875,False
radiopedia_0425,radiopedia,425,True,-1334.57275390625,136.52835083007812,-532.4814251885823,486.48070740855457,fdd560e506849bf44938bb42c4422ad02557663f5a62c8c73854470f373675f5,f06e9d7f8ad00c6b37372c012aaefe5f945339d15050a94fbec7bc1532b5968f,True,0,0.0,0.0,0.2829551696777344,0.7170448303222656,0.0,False,,conservar,radiopedia_0425.npz,pendiente de identificar pacientes,0.0,0.0,0.282958984375,0.717041015625,False
radiopedia_0426,radiopedia,426,True,-1334.57275390625,136.52835083007812,-532.0976854520745,486.2628304281042,41888fee9ba98f130d6a3cc3232bc8aba3579872ec2a618b6ffec853ad22ed1d,b83928123e0a5f911da41a03531d36697e9747a455c6ed127bf7f97f99d50b72,True,0,0.0,0.0,0.2827720642089844,0.7172279357910156,0.0,False,,conservar,radiopedia_0426.npz,pendiente de identificar pacientes,0.0,0.0,0.282745361328125,0.717254638671875,False
radiopedia_0427,radiopedia,427,True,-1334.57275390625,136.52835083007812,-532.3023777228536,485.97005061109644,ea798d39f953993fd80fbcb2bce41606688924abb84fb5e3cb61e15ee7686682,edecfaab562c122c9ab2876971ac768fca5c67a154cb86c997f92f288c4c0ae5,True,0,0.0,0.0,0.2824363708496094,0.7175636291503906,0.0,False,,conservar,radiopedia_0427.npz,pendiente de identificar pacientes,0.0,0.0,0.2824859619140625,0.7175140380859375,False
radiopedia_0428,radiopedia,428,True,-1334.57275390625,136.52835083007812,-532.6560131003703,485.770408105024,8e1c45e430dd7423fc7e51cf5fb359efa722033392872f494c5d731db0144c6e,497975571c073301c5543b13cd982ade391a811a73d229eaea12a4aee3361c3c,True,0,0.0,0.0,0.2819061279296875,0.7180938720703125,0.0,False,,conservar,radiopedia_0428.npz,pendiente de identificar pacientes,0.0,0.0,0.2818450927734375,0.7181549072265625,False
radiopedia_0429,radiopedia,429,True,-1334.57275390625,136.52835083007812,-532.9777548884827,485.9438329762167,fa1c9fec85fcbaa1b31f5bb3eb3d82ae182a0eb40d0dbb60fd798fb76a1b1783,b9b979acb4ffc5977f61575a1b61830d82125cac113e217ff0ed9a5e74e044d3,True,0,0.0,0.0,0.2796745300292969,0.7203254699707031,0.0,False,,conservar,radiopedia_0429.npz,pendiente de identificar pacientes,0.0,0.0,0.279541015625,0.720458984375,False
radiopedia_0430,radiopedia,430,True,-1334.57275390625,136.52835083007812,-533.4545878916365,485.97100867504383,e5b1de79942c973b41a568f79c379122840107dd08578f166c946509610b607c,542d42a5faebf3f8b18db66d3541e3fb7a3d9360bfd5c4d6219c46c3eb552005,True,0,0.0,0.0,0.2797431945800781,0.7202568054199219,0.0,False,,conservar,radiopedia_0430.npz,pendiente de identificar pacientes,0.0,0.0,0.279632568359375,0.720367431640625,False
radiopedia_0431,radiopedia,431,True,-1334.57275390625,136.52835083007812,-533.6941088280569,486.0268169382861,51b65788175e09224a1881e84a9367ec812cfa5427360e1e211a3bd53c9490d2,7439f9db83732f84cc448285a7ccc29fbe72bac218e7e03fc7c61caa81839f38,True,0,0.0,0.0,0.2776679992675781,0.7223320007324219,0.0,False,,conservar,radiopedia_0431.npz,pendiente de identificar pacientes,0.0,0.0,0.277587890625,0.722412109375,False
radiopedia_0432,radiopedia,432,True,-1334.57275390625,136.52835083007812,-534.2821455446369,485.8110138049902,eef4ba4cd9e3fd60f9da9987efcd2a169aa53f36d32c3b35319c7eefd3a2d17e,d5060c7f7d08f902bc90b09b85f0e5cb3e14879d67f105345c5e95a7dabe4753,True,0,0.0,0.0,0.2781829833984375,0.7218170166015625,0.0,False,,conservar,radiopedia_0432.npz,pendiente de identificar pacientes,0.0,0.0,0.278289794921875,0.721710205078125,False
radiopedia_0433,radiopedia,433,True,-1334.57275390625,136.52835083007812,-534.9252328014077,486.17201398116424,35afe0b370fcd22fe6cab65271e12b1260775671cb12004d473ea513330f9bfa,fa4571ec330764166833c80b048c2f258b2a3dd84d56269744741cbe4e3b6af2,True,0,0.0,0.0,0.27767181396484375,0.7223281860351562,0.0,False,,conservar,radiopedia_0433.npz,pendiente de identificar pacientes,0.0,0.0,0.2775726318359375,0.7224273681640625,False
radiopedia_0434,radiopedia,434,True,-1334.57275390625,136.52835083007812,-535.5525954904388,486.253045416932,d61004a16291bcc3b32cf1dee826ab21af38429534f4f1ccb78e3badc16e68b7,5948e86ab291dbf3e9981e097e4d9827c903204287157812cfcf59f562775bfa,True,0,0.0,0.0,0.27774810791015625,0.7222518920898438,0.0,False,,conservar,radiopedia_0434.npz,pendiente de identificar pacientes,0.0,0.0,0.2778472900390625,0.7221527099609375,False
radiopedia_0435,radiopedia,435,True,-1334.57275390625,136.52835083007812,-535.7953211009981,486.5435587901798,05c35d11876b5ee09ba6a522feb950c8c0fd4d4bd5eecd47d48e656ba6a95662,6f1c0c261f832cab545e478a63413a14b70c7c1e529c347651775edf910e2c2e,True,0,0.0,0.0,0.2767677307128906,0.7232322692871094,0.0,False,,conservar,radiopedia_0435.npz,pendiente de identificar pacientes,0.0,0.0,0.2768096923828125,0.7231903076171875,False
radiopedia_0436,radiopedia,436,True,-1334.57275390625,136.52835083007812,-535.882445411019,486.78032620671416,dcb2fe8a430c3a2fa73b031c5d7331b96627b12fa6c00e7d0fa5770741f4d764,6b58cc792e7cfd9c0fa4b1965a53fe302a090b84029ec94189dc7c23f50e4339,True,0,0.0,0.0,0.2754936218261719,0.7245063781738281,0.0,False,,conservar,radiopedia_0436.npz,pendiente de identificar pacientes,0.0,0.0,0.2755279541015625,0.7244720458984375,False
radiopedia_0437,radiopedia,437,True,-1334.57275390625,136.52835083007812,-536.5280919745514,486.91812845002653,fc0ee3fd4e7b05037e4c66c49ad676d5c0a7a8ba3a69ffa7b0eaa399d5bf29e4,b41e661f161203109a3500ae6a20a38acf188e0f9178b9a5b1ff894a907afde0,True,0,0.0,0.0,0.2755317687988281,0.7244682312011719,0.0,False,,conservar,radiopedia_0437.npz,pendiente de identificar pacientes,0.0,0.0,0.275665283203125,0.724334716796875,False
radiopedia_0438,radiopedia,438,True,-1334.57275390625,136.52835083007812,-537.0485550876247,487.3916705857064,b29a7a2c8cf639bb6c2b5187d4cbfd109c3cb5ef547e90f598f47c6d7358fe6b,beb8cb3c7bed6bc69950b6af6b05d65cf9efb5c0c7f778e391605375ad3b25ee,True,0,0.0,0.0,0.2756195068359375,0.7243804931640625,0.0,False,,conservar,radiopedia_0438.npz,pendiente de identificar pacientes,0.0,0.0,0.2756195068359375,0.7243804931640625,False
radiopedia_0439,radiopedia,439,True,-1334.57275390625,136.52835083007812,-537.1221042321185,487.8541753678436,bf86134ac8a803ca041e6d2e165edc19e0ed6d35390b696c4b566392277d0164,299bddb3a9ea0cc5699d789b4a5a3b5cf711d59f9325efa912be6e11fb249103,True,0,0.0,0.0,0.2751350402832031,0.7248649597167969,0.0,False,,conservar,radiopedia_0439.npz,pendiente de identificar pacientes,0.0,0.0,0.2752685546875,0.7247314453125,False
radiopedia_0440,radiopedia,440,True,-1334.57275390625,136.52835083007812,-536.4887262817278,487.78313295571905,ff06d383a1c11d5cb2465f4e9418f22066b1c066671be36f8b13a00f9ee5fa43,9ec56a78b840c6fa965095ee1bf3e0116dbf9d8acfc02ef3ab5922a522530b8e,True,0,0.0,0.0,0.2744483947753906,0.7255516052246094,0.0,False,,conservar,radiopedia_0440.npz,pendiente de identificar pacientes,0.0,0.0,0.27447509765625,0.72552490234375,False
radiopedia_0441,radiopedia,441,True,-1334.57275390625,136.52835083007812,-535.7493783863947,487.9432585511863,74a7875ae06b520d7579d5610ee7e721fcd85f2a519214932714c65a5c856756,93cef46d64a4f57a028b7199317ac02dad463dc58cf04b927e43b99b735a2a7f,True,0,0.0,0.0,0.27353668212890625,0.7264633178710938,0.0,False,,conservar,radiopedia_0441.npz,pendiente de identificar pacientes,0.0,0.0,0.273468017578125,0.726531982421875,False
radiopedia_0442,radiopedia,442,True,-1334.57275390625,136.52835083007812,-534.9295765377287,488.54284485673776,d6bf15c8ef7277a989bbcc1f98581c5d93182cd3e79ca5e653686c3f6ea3d2cf,fc3d75b8dc887c2bdcd793f73a3c31203d3849db43978f08a328c0566d024dbf,True,0,0.0,0.0,0.2723541259765625,0.7276458740234375,0.0,False,,conservar,radiopedia_0442.npz,pendiente de identificar pacientes,0.0,0.0,0.2721405029296875,0.7278594970703125,False
radiopedia_0443,radiopedia,443,True,-1334.57275390625,136.52835083007812,-534.1359604151435,489.13423482910497,4c577798f545e25a3cf14ade27afcaaff1409d9594ac9450dc07335bb27f5af3,539e80ab0f92a0da327abcf9869c2b5dddc705953bc1d7d0d5e5ba6f5ad6cfa4,True,0,0.0,0.0,0.2701148986816406,0.7298851013183594,0.0,False,,conservar,radiopedia_0443.npz,pendiente de identificar pacientes,0.0,0.0,0.2699127197265625,0.7300872802734375,False
radiopedia_0444,radiopedia,444,True,-1334.57275390625,136.52835083007812,-533.0962109751226,489.47173392115155,1ce31a6d182ea78bbee4b9873043d3229212bb13078eedfe4efbebd48f728444,4e05fb5e0864e1e91b0ba080c5331cfd49e1a2ce5a8e4d0fc7977bdc4033b3f8,True,0,0.0,0.0,0.2693023681640625,0.7306976318359375,0.0,False,,conservar,radiopedia_0444.npz,pendiente de identificar pacientes,0.0,0.0,0.269378662109375,0.730621337890625,False
radiopedia_0445,radiopedia,445,True,-1334.57275390625,136.52835083007812,-532.59809462986,489.84098497430483,0eac974531804387255cdcbf797d66a306437739662b27d0956b372800497fa0,dbceaace49263d9a47b32b94d44377c40fc1b560787e0cc35bd589183e8b513a,True,0,0.0,0.0,0.26839447021484375,0.7316055297851562,0.0,False,,conservar,radiopedia_0445.npz,pendiente de identificar pacientes,0.0,0.0,0.2684478759765625,0.7315521240234375,False
radiopedia_0446,radiopedia,446,True,-1334.57275390625,136.52835083007812,-531.8189362018284,489.6583719816367,94e54ebf26061afefd24c33e34cad6122424d41c416faf34968a45d1ee3fe9a5,f05f8e75241784890545a872e6d77973fc9e3a6afa2f3716f5d6a206434eef53,True,0,0.0,0.0,0.2674140930175781,0.7325859069824219,0.0,False,,conservar,radiopedia_0446.npz,pendiente de identificar pacientes,0.0,0.0,0.26727294921875,0.73272705078125,False
radiopedia_0447,radiopedia,447,True,-1334.57275390625,136.52835083007812,-531.5083651537025,489.6021286825157,c2efd9aaf0c069ef9f0a19cb0dbedb2f7560193888d32493a346eb01051ed21e,f9a2595760033bbf0b21de4a2088b5bb012195a1441141042dc1017855261467,True,0,0.0,0.0,0.2662849426269531,0.7337150573730469,0.0,False,,conservar,radiopedia_0447.npz,pendiente de identificar pacientes,0.0,0.0,0.2659759521484375,0.7340240478515625,False
radiopedia_0448,radiopedia,448,True,-1334.57275390625,136.52835083007812,-531.0881865545548,489.7829811222125,77a2711ae66e052762f32036ba9dbd106b44a50af2ea588e9349bf9bb5514fa0,1a8e4a7c23495636d43a100d99dd49d4bc3eb75b22f36743af6180084ce5d806,True,0,0.0,0.0,0.2652931213378906,0.7347068786621094,0.0,False,,conservar,radiopedia_0448.npz,pendiente de identificar pacientes,0.0,0.0,0.2651519775390625,0.7348480224609375,False
radiopedia_0449,radiopedia,449,True,-1334.57275390625,136.52835083007812,-530.7996485799681,490.163773233586,e59798971be6d8bb57942001d186cfdf14504aff3f969a155e3c251ae4286953,9d88b9d2a02278909d62db217a53d51747888be27ee70e41ec68815fdf54cc22,True,0,0.0,0.0,0.2645683288574219,0.7354316711425781,0.0,False,,conservar,radiopedia_0449.npz,pendiente de identificar pacientes,0.0,0.0,0.264556884765625,0.735443115234375,False
radiopedia_0450,radiopedia,450,True,-1334.57275390625,136.52835083007812,-530.569475333416,490.03531396543764,9d8cf7fa2544ecdb0f469cef284926e092d2a628dfb6f590e9861f1a16c55d01,2810e9de8939734543b47e90bae76b774f32556911ba9e02a11cf60fc7e5934d,True,0,0.0,0.0,0.2659187316894531,0.7340812683105469,0.0,False,,conservar,radiopedia_0450.npz,pendiente de identificar pacientes,0.0,0.0,0.265899658203125,0.734100341796875,False
radiopedia_0451,radiopedia,451,True,-1334.57275390625,136.52835083007812,-530.6081116326741,490.0169534167328,b63814ed369d46492d5e1988ac7dcf8c496d8ab8c2e0611dd11264adce9ce457,a531014f450d6ecc582df760702f36040eae99972f273788579496b0f8be249b,True,0,0.0,0.0,0.2650184631347656,0.7349815368652344,0.0,False,,conservar,radiopedia_0451.npz,pendiente de identificar pacientes,0.0,0.0,0.26513671875,0.73486328125,False
radiopedia_0452,radiopedia,452,True,-1334.57275390625,136.52835083007812,-530.380170417106,490.6383597232743,f003b54638ed0118c90cebd910bd0b5cc76c8c030c54d98062bbf345eb1aa74e,cfe77ceccbf8987d96dc1858045861ab4a4b93eb9b0abb66b3691b7f4310bebc,True,0,0.0,0.0,0.2624626159667969,0.7375373840332031,0.0,False,,conservar,radiopedia_0452.npz,pendiente de identificar pacientes,0.0,0.0,0.2622833251953125,0.7377166748046875,False
radiopedia_0453,radiopedia,453,True,-1334.57275390625,136.52835083007812,-530.3036633888128,490.8151165605734,25c4c8ad774447054a3b5f5ff83ff9b57e99d1ab3d4106db9765393fac10aaad,5dd8008da7216be70e68f8d3e368597eb0edadc8c07a1da15e284d509c4fd368,True,0,0.0,0.0,0.2611045837402344,0.7388954162597656,0.0,False,,conservar,radiopedia_0453.npz,pendiente de identificar pacientes,0.0,0.0,0.261260986328125,0.738739013671875,False
radiopedia_0454,radiopedia,454,True,-1334.57275390625,136.52835083007812,-529.9092674577723,491.2335762525451,8b6fbaf48e31c22f130870b882510d43f6ffaf685f1cd81b4685311303e6fdd3,6ccf4677fdab83bd3b596acc845849631bd6979d38bd6f72b1792a10d7b08f1f,True,0,0.0,0.0,0.259552001953125,0.740447998046875,0.0,False,,conservar,radiopedia_0454.npz,pendiente de identificar pacientes,0.0,0.0,0.2595367431640625,0.7404632568359375,False
radiopedia_0455,radiopedia,455,True,-1334.57275390625,136.52835083007812,-529.2253190060278,491.54435515794097,80639510cb92133f9cfb03a2733973d133facde274e8421b47b3905f5837bc82,f528a8bb18395c2143071298ac5fb10cd5fda880a87dbe9ce58a8e836459b546,True,0,0.0,0.0,0.25850677490234375,0.7414932250976562,0.0,False,,conservar,radiopedia_0455.npz,pendiente de identificar pacientes,0.0,0.0,0.258575439453125,0.741424560546875,False
radiopedia_0456,radiopedia,456,True,-1334.57275390625,136.52835083007812,-528.8228759568274,491.56940097398274,e655dfe1d7c1870ea72f241a619729f3ea011c9088095a15c00cb087158b5e6a,fae59d7af1564f997a6b56132fe6a6686196299feb70ade00649ec11104ddcf0,True,0,0.0,0.0,0.2572021484375,0.7427978515625,0.0,False,,conservar,radiopedia_0456.npz,pendiente de identificar pacientes,0.0,0.0,0.257293701171875,0.742706298828125,False
radiopedia_0457,radiopedia,457,True,-1334.57275390625,136.52835083007812,-528.4168552570491,491.457444871682,a5bf56e01c42c758d9ee0e924716cb9ad7616e6ecd60b933ff929e04bf28e7bf,d8bd330f5ab6e41ca633bd72a264f1ad2acbb599b39892c27b9761457ed6536c,True,0,0.0,0.0,0.25530242919921875,0.7446975708007812,0.0,False,,conservar,radiopedia_0457.npz,pendiente de identificar pacientes,0.0,0.0,0.255401611328125,0.744598388671875,False
radiopedia_0458,radiopedia,458,True,-1334.57275390625,136.52835083007812,-528.2125253150011,491.50119490635086,9fde2285a929fda2e4e4e47ba50fe619dd1553b8a0fd307eef6336242653f88e,c075f0b8f578aa13ed2cda8d545fe17265e030097d017a142b10dba71a43dd45,True,0,0.0,0.0,0.25440216064453125,0.7455978393554688,0.0,False,,conservar,radiopedia_0458.npz,pendiente de identificar pacientes,0.0,0.0,0.25439453125,0.74560546875,False
radiopedia_0459,radiopedia,459,True,-1334.57275390625,136.52835083007812,-527.4712674887237,491.7060487579907,fb35fd02ec6014c411b72d3bc4f264ab0c7debd8765ceec2d2eef1255f433929,e38e0948baa8e41ca205c47757f09e9f96cf9a1d297997f326eca6830b1bf722,True,0,0.0,0.0,0.2525482177734375,0.7474517822265625,0.0,False,,conservar,radiopedia_0459.npz,pendiente de identificar pacientes,0.0,0.0,0.2524566650390625,0.7475433349609375,False
radiopedia_0460,radiopedia,460,True,-1334.57275390625,136.52835083007812,-526.8316132860873,492.06990009292963,c6349144a41d788d5cd025d37a8a354c9ec2487cdfc12223c731f79bedc20085,6870e98bc87077abe5dc18d9423befb1d02dbd4b785ba0e00847d397f4311834,True,0,0.0,0.0,0.2503204345703125,0.7496795654296875,0.0,False,,conservar,radiopedia_0460.npz,pendiente de identificar pacientes,0.0,0.0,0.250244140625,0.749755859375,False
radiopedia_0461,radiopedia,461,True,-1334.57275390625,136.52835083007812,-526.0695541473738,492.55524741629324,336a4afba41e13018597451b6302146a38775fae92dde5f6d6bd5cc96c127962,bab49a93dbd551060afd57beb1d979ab37890c30a2ac7781d9c59142515cffa6,True,0,0.0,0.0,0.24826431274414062,0.7517356872558594,0.0,False,,conservar,radiopedia_0461.npz,pendiente de identificar pacientes,0.0,0.0,0.24847412109375,0.75152587890625,False
radiopedia_0462,radiopedia,462,True,-1334.57275390625,136.52835083007812,-525.7075368775554,493.10213756211004,8b60d763d297e17fa6416229692a6cceb4f3bcdaea16906c45392813c18e8b14,0e28555493d7c8a96b57125fe8e1c2c950936ecf941560e86ba62313ddbf7ef5,True,0,0.0,0.0,0.24626541137695312,0.7537345886230469,0.0,False,,conservar,radiopedia_0462.npz,pendiente de identificar pacientes,0.0,0.0,0.246246337890625,0.753753662109375,False
radiopedia_0463,radiopedia,463,True,-1334.57275390625,136.52835083007812,-525.588031172791,492.9720687742544,f52952a93862727b6647f3e7a0db7a353664bbe6baca03a4a0788d911b30ee50,3b6285bf3c19a18277ce15faaf1249c20211249b6a7900c4d1dac17fd115ce24,True,0,0.0,0.0,0.24656295776367188,0.7534370422363281,0.0,False,,conservar,radiopedia_0463.npz,pendiente de identificar pacientes,0.0,0.0,0.2465057373046875,0.7534942626953125,False
radiopedia_0464,radiopedia,464,True,-1334.57275390625,136.52835083007812,-525.4400917191797,492.90051142523504,cd461e22699a718e3614198986d644765b3f5fb51de04270528b73249af5d476,451a560880941f894130dce604c1ef380ef1c71421f265293430d1493cd0a040,True,0,0.0,0.0,0.24498748779296875,0.7550125122070312,0.0,False,,conservar,radiopedia_0464.npz,pendiente de identificar pacientes,0.0,0.0,0.2450408935546875,0.7549591064453125,False
radiopedia_0465,radiopedia,465,True,-1334.57275390625,136.52835083007812,-525.6234830479175,492.833301708744,095b95b7248c93a9283f563004b7af6cb86a7c26a6245aef54d521175a2b3a56,cf73eae789b853c905389b128a36b74eae7c4268ba3c75210d8a1b82a70f041a,True,0,0.0,0.0,0.24473190307617188,0.7552680969238281,0.0,False,,conservar,radiopedia_0465.npz,pendiente de identificar pacientes,0.0,0.0,0.244598388671875,0.755401611328125,False
radiopedia_0466,radiopedia,466,True,-1334.57275390625,136.52835083007812,-526.328057794798,492.24586477435145,9505b0e188fbb6a5424b87b84f915bad9376cf50094870d0ad2372be133d14d4,b7fa7cd379bbed2a02140ecf687793fcdebdfed9be1b31299bbb37add0d5e3d6,True,0,0.0,0.0,0.2449188232421875,0.7550811767578125,0.0,False,,conservar,radiopedia_0466.npz,pendiente de identificar pacientes,0.0,0.0,0.244873046875,0.755126953125,False
radiopedia_0467,radiopedia,467,True,-1334.57275390625,136.52835083007812,-527.3671451922314,492.07613316792055,d5c6ac441979433e40b732449dd62761a1365cb1d86866b1a657935b3da0111b,e72c9861dbb59ed935186164c9e4707aa066225cd105ae72ea197607c9e47564,True,0,0.0,0.0,0.24478912353515625,0.7552108764648438,0.0,False,,conservar,radiopedia_0467.npz,pendiente de identificar pacientes,0.0,0.0,0.244873046875,0.755126953125,False
radiopedia_0468,radiopedia,468,True,-1334.57275390625,136.52835083007812,-528.383829616751,491.93525671675013,5c67e8c1148c1dc26393e5444f1bca5eb98eed9c1d3a7cddea4292e51f397011,ef27a8b17ed90f798f8dcdff636e502e85d180381564158324c6240753a203a0,True,0,0.0,0.0,0.24431610107421875,0.7556838989257812,0.0,False,,conservar,radiopedia_0468.npz,pendiente de identificar pacientes,0.0,0.0,0.2443389892578125,0.7556610107421875,False
radiopedia_0469,radiopedia,469,True,-1334.57275390625,136.52835083007812,-529.0763010088708,491.8994445403848,7889ef9c3f418ab975938d79eaaf8e09ff57a18d3a6a30abe84c75b2142581cc,c4ac4b0351c7d4b4d23f4df314089c49b2127498138709debb7701083d6801b8,True,0,0.0,0.0,0.24325180053710938,0.7567481994628906,0.0,False,,conservar,radiopedia_0469.npz,pendiente de identificar pacientes,0.0,0.0,0.2432708740234375,0.7567291259765625,False
radiopedia_0470,radiopedia,470,True,-1334.57275390625,136.52835083007812,-529.3221467206577,491.8636392072038,9457c19382a0618f8ced11a2303f5c22076298915262b42ecb58a0847fcc21ec,41de9525714b1e270de6d681bcc47a70129a49c412be19c2016c0a7fca54bb06,True,0,0.0,0.0,0.24172592163085938,0.7582740783691406,0.0,False,,conservar,radiopedia_0470.npz,pendiente de identificar pacientes,0.0,0.0,0.24151611328125,0.75848388671875,False
radiopedia_0471,radiopedia,471,True,-1334.57275390625,136.52835083007812,-529.2802781520313,491.9768991836308,fc5b9f31f4658e101caab2050830709094352ce971820fa79bd291c43124c872,e0ac79b6b84cb77a7d55ffbfe81a6079d63d3d54b17ec7047ea851a2be2d291c,True,0,0.0,0.0,0.24029922485351562,0.7597007751464844,0.0,False,,conservar,radiopedia_0471.npz,pendiente de identificar pacientes,0.0,0.0,0.24029541015625,0.75970458984375,False
radiopedia_0472,radiopedia,472,True,-1334.57275390625,136.52835083007812,-529.2015158441386,492.43626358632093,cab4c26c8bb91eb55055e28421c856007ba2f0cd029c745e35963fa8a1996304,7bc255dc84f95e219b3c90d1a589798386f084e969094fdb29a0919f6baee4a5,True,0,0.0,0.0,0.239349365234375,0.760650634765625,0.0,False,,conservar,radiopedia_0472.npz,pendiente de identificar pacientes,0.0,0.0,0.239288330078125,0.760711669921875,False
radiopedia_0473,radiopedia,473,True,-1334.57275390625,136.52835083007812,-528.8366668394065,492.912002109056,b9119bed9fcc15d2cc57b9a6bd9d2ac751f5559fa936802f0822775c17fa758f,566a9431196573e99eec0d77166075c1100715645958b474d7bfb621ef760cdd,True,0,0.0,0.0,0.23824310302734375,0.7617568969726562,0.0,False,,conservar,radiopedia_0473.npz,pendiente de identificar pacientes,0.0,0.0,0.238128662109375,0.761871337890625,False
radiopedia_0474,radiopedia,474,True,-1334.57275390625,136.52835083007812,-529.2505000643278,492.7192174364087,3c678ec1f724ecae8791f732f246b8e8ae0f31ba6f6292c529a7b2548d076302,f539ab4086e7077d7bb9d4f84f4891ce1acefea0aa9bcc5da30d020008a9f6fa,True,0,0.0,0.0,0.23720932006835938,0.7627906799316406,0.0,False,,conservar,radiopedia_0474.npz,pendiente de identificar pacientes,0.0,0.0,0.2371826171875,0.7628173828125,False
radiopedia_0475,radiopedia,475,True,-1334.57275390625,136.52835083007812,-529.2312776617596,493.1896687794271,0bc107cd5c1a935fbf90e65579cfe3b48ef1d19d17a9716ef80094305a761ec9,2493826868e07d37c2f89866ad05dcb964b7e371781de963cae8853e2e77afc3,True,0,0.0,0.0,0.23646926879882812,0.7635307312011719,0.0,False,,conservar,radiopedia_0475.npz,pendiente de identificar pacientes,0.0,0.0,0.2366180419921875,0.7633819580078125,False
radiopedia_0476,radiopedia,476,True,-1334.57275390625,136.52835083007812,-528.9519104967758,493.5261683721357,ec734cd9a7450dcffbaa434f7cb3a4c2cf3b319d33151baedb308e6104a9397e,5e89502309092635278e411507d466c81650772a73f6e761b2f90704c835c999,True,0,0.0,0.0,0.23642349243164062,0.7635765075683594,0.0,False,,conservar,radiopedia_0476.npz,pendiente de identificar pacientes,0.0,0.0,0.236572265625,0.763427734375,False
radiopedia_0477,radiopedia,477,True,-1334.57275390625,136.52835083007812,-528.887598302505,493.420661826893,510d78afc35b9680abf20a3275464c31df14f61769955950275d8b2757ff2f31,c91cb178809be0a7f38ba46e966db59a457efa0fc32c959844bedd34b98838bd,True,0,0.0,0.0,0.2356109619140625,0.7643890380859375,0.0,False,,conservar,radiopedia_0477.npz,pendiente de identificar pacientes,0.0,0.0,0.2356719970703125,0.7643280029296875,False
radiopedia_0478,radiopedia,478,True,-1334.57275390625,136.52835083007812,-528.3114950265895,493.545384156068,e427ed4c56368934d2acf97496c023a5574d71c61f4aa6f5254dff275d1459fe,33492022125cc16b52823efced6f06f1e3c305e8d71ffae8cd944f29aaceb8ee,True,0,0.0,0.0,0.23505401611328125,0.7649459838867188,0.0,False,,conservar,radiopedia_0478.npz,pendiente de identificar pacientes,0.0,0.0,0.235076904296875,0.764923095703125,False
radiopedia_0479,radiopedia,479,True,-1334.57275390625,136.52835083007812,-527.903302654423,494.23227725340274,56792e106c9a61d54c0e78fb6c28ca7590234f1f6748faec917b09607a30663e,217960d069e3f7e831c68a43e1e8a81a4943d9a97d7dbffab5cd0837b1864b5e,True,0,0.0,0.0,0.23615264892578125,0.7638473510742188,0.0,False,,conservar,radiopedia_0479.npz,pendiente de identificar pacientes,0.0,0.0,0.236083984375,0.763916015625,False
radiopedia_0480,radiopedia,480,True,-1334.57275390625,136.52835083007812,-527.7308724878471,495.10607393138883,7bf128effe49c6f773315e3bf5b84e6a30658e3e9f56c78e37836293427dec53,7d275d2955e6f5c3d2effcc4b29cd27dc00352e201ee8d065e5c09c00154117e,True,0,0.0,0.0,0.23523712158203125,0.7647628784179688,0.0,False,,conservar,radiopedia_0480.npz,pendiente de identificar pacientes,0.0,0.0,0.235198974609375,0.764801025390625,False
radiopedia_0481,radiopedia,481,True,-1334.57275390625,136.52835083007812,-527.3071718443684,495.54982537708383,f8f9483964b490cc95b1d5ab43c834d10ee7a5703ea7bc8e86c24483f81619ea,7e9b3608d0e2e4c90b6348b403f80fd2066d81fd25c93cd38eab2dbabcec6918,True,0,0.0,0.0,0.23431015014648438,0.7656898498535156,0.0,False,,conservar,radiopedia_0481.npz,pendiente de identificar pacientes,0.0,0.0,0.23431396484375,0.76568603515625,False
radiopedia_0482,radiopedia,482,True,-1334.57275390625,136.52835083007812,-527.0308112433895,496.4307338227709,8e4979c7bb8fd3e061516b4fadb2384270dec4850b97a2aa313b7e4fd919dace,4cae7707f02608594b97591b875f2de5695249f4d23fb86a3685e7f57ac21c5d,True,0,0.0,0.0,0.23351669311523438,0.7664833068847656,0.0,False,,conservar,radiopedia_0482.npz,pendiente de identificar pacientes,0.0,0.0,0.2334136962890625,0.7665863037109375,False
radiopedia_0483,radiopedia,483,True,-1334.57275390625,136.52835083007812,-527.0368856914124,496.42735422707534,000a6863ba20676ae3830779eb895291441d50e471ba035b7cb7c62b1c4d945d,227946e38db20e8e2d5749eeeab73cf0094c814358decb2b3acd820cba7477c2,True,0,0.0,0.0,0.23233413696289062,0.7676658630371094,0.0,False,,conservar,radiopedia_0483.npz,pendiente de identificar pacientes,0.0,0.0,0.2322235107421875,0.7677764892578125,False
radiopedia_0484,radiopedia,484,True,-1334.57275390625,136.52835083007812,-527.4903974101107,496.2295271893385,a8313e7f5410e1c4e6483ac4b07645a1e702b05118db3431f79480be9ffb7b7e,5dbc03c6409be13849ff01d22e04b3bf753521ead493d791e140eaa68ae36ca3,True,0,0.0,0.0,0.23126602172851562,0.7687339782714844,0.0,False,,conservar,radiopedia_0484.npz,pendiente de identificar pacientes,0.0,0.0,0.2311859130859375,0.7688140869140625,False
radiopedia_0485,radiopedia,485,True,-1334.57275390625,136.52835083007812,-527.973014843783,496.5579638333509,8453ec85d5d644475dc5945cfff849ffcbe3f1d9be8595cddc84c4d99a53b5f8,c8183320ba04a7d546927c772b37252652b8c23939668b0b2a762de7f1e2730a,True,0,0.0,0.0,0.23003387451171875,0.7699661254882812,0.0,False,,conservar,radiopedia_0485.npz,pendiente de identificar pacientes,0.0,0.0,0.229888916015625,0.770111083984375,False
radiopedia_0486,radiopedia,486,True,-1334.57275390625,136.52835083007812,-529.0355751899287,495.61299824992255,a50e48bd705683c35036abf93e670272d47f3e25ce1271f873fcaa8395eb5f9a,04914ebffda0f3ccc221cefe9b9d886b8baaee8877a71cb3e70d4be5e358e31f,True,0,0.0,0.0,0.2290191650390625,0.7709808349609375,0.0,False,,conservar,radiopedia_0486.npz,pendiente de identificar pacientes,0.0,0.0,0.229034423828125,0.770965576171875,False
radiopedia_0487,radiopedia,487,True,-1334.57275390625,136.52835083007812,-529.7721741914688,495.18911062899423,6a295cf4b9b8358db73ef8fb824007bf20fcefdc90e3db39bb69a8f927ff2584,4b5a26b81853a885aa42f2b757a90926a07a382cf72a26e53f6f4e467f54a1af,True,0,0.0,0.0,0.22779083251953125,0.7722091674804688,0.0,False,,conservar,radiopedia_0487.npz,pendiente de identificar pacientes,0.0,0.0,0.2277984619140625,0.7722015380859375,False
radiopedia_0488,radiopedia,488,True,-1334.57275390625,136.52835083007812,-529.7122966343654,494.9286530661941,d91d08d63cc5f4079b0d6c1c1f05c35ff21199b60c437d10c01ec28c9eb1f263,20e9b126ec2014da4187066ccb14c8e89fa50a3bb4a0d585acbcef11cda1c169,True,0,0.0,0.0,0.22659683227539062,0.7734031677246094,0.0,False,,conservar,radiopedia_0488.npz,pendiente de identificar pacientes,0.0,0.0,0.2267608642578125,0.7732391357421875,False
radiopedia_0489,radiopedia,489,True,-1334.57275390625,136.52835083007812,-530.0335553217283,494.9551528844636,e9a2924e7a950a455f7e0569b6242319a6e1162b2e299d9396629a4c1f352b8c,26f9453542b041242f9b9a4a4849c83c2ab3e1efe45a98e0fb5ae9f12647f731,True,0,0.0,0.0,0.22524261474609375,0.7747573852539062,0.0,False,,conservar,radiopedia_0489.npz,pendiente de identificar pacientes,0.0,0.0,0.225128173828125,0.774871826171875,False
radiopedia_0490,radiopedia,490,True,-1334.57275390625,136.52835083007812,-529.6371509781634,494.9077445101919,ae09f41e6a5a137a438a8fe9e8890d46f0b29367e7e3a1df09d9e6dcee67cb04,c07446db14b55aac059bdf88e2ea5779918c422304bd497eb88c20cf874fbf54,True,0,0.0,0.0,0.22391891479492188,0.7760810852050781,0.0,False,,conservar,radiopedia_0490.npz,pendiente de identificar pacientes,0.0,0.0,0.22406005859375,0.77593994140625,False
radiopedia_0491,radiopedia,491,True,-1334.57275390625,136.52835083007812,-529.3685327563189,495.1838477513256,bda06b069924522f3d933a237f8d8ce20b2cfdd936d77cc5a6bb2a9a31a7f52d,2e2c1b14c6f8c8bc65ff8e10a3321a53d24b80013a69fbf20392556218b3d2b1,True,0,0.0,0.0,0.22277450561523438,0.7772254943847656,0.0,False,,conservar,radiopedia_0491.npz,pendiente de identificar pacientes,0.0,0.0,0.22259521484375,0.77740478515625,False
radiopedia_0492,radiopedia,492,True,-1334.57275390625,136.52835083007812,-528.999553116581,495.52546381361765,935798192ee91e068f91c12949badd0ad9eb536c6cde42e4709e228b5abc706b,23707f4e5f7cb453ef399f0f5b2ccf4bbb89371f9f657e3feb4b5ba4fab52f97,True,0,0.0,0.0,0.22140121459960938,0.7785987854003906,0.0,False,,conservar,radiopedia_0492.npz,pendiente de identificar pacientes,0.0,0.0,0.2213287353515625,0.7786712646484375,False
radiopedia_0493,radiopedia,493,True,-1334.57275390625,136.52835083007812,-528.9198964238003,495.5836145654757,397840ac8d5b0a3fc2bf6f34fb31b86b34424fc6dc381bf1abb589ef2cd7600e,d70ee13e550729a48e744c58c3d36a5c8470bbe176581cfb3a8405c52d4aec9f,True,0,0.0,0.0,0.21989059448242188,0.7801094055175781,0.0,False,,conservar,radiopedia_0493.npz,pendiente de identificar pacientes,0.0,0.0,0.2197418212890625,0.7802581787109375,False
radiopedia_0494,radiopedia,494,True,-1334.57275390625,136.52835083007812,-528.1618393360627,495.5051499959742,9b05333daa10d8164cacf10b77da4bcd9249e791421ea40700f2c86048fe46e8,7b5ac6c40c20464db04d8dc945dd528681d116114006f612c824062852eada82,True,0,0.0,0.0,0.21832275390625,0.78167724609375,0.0,False,,conservar,radiopedia_0494.npz,pendiente de identificar pacientes,0.0,0.0,0.21832275390625,0.78167724609375,False
radiopedia_0495,radiopedia,495,True,-1334.57275390625,136.52835083007812,-527.4523315125471,495.7850608983985,fa43be25cc440d961d58d8836c4dd078675658cfc28d83f66bc293f90aba06c0,8a9fd620cb3835c9ef5a69a149cb09ae52657a26f1999147e4d34e65a0551a4b,True,0,0.0,0.0,0.216644287109375,0.783355712890625,0.0,False,,conservar,radiopedia_0495.npz,pendiente de identificar pacientes,0.0,0.0,0.216522216796875,0.783477783203125,False
radiopedia_0496,radiopedia,496,True,-1334.57275390625,136.52835083007812,-526.8218053394316,495.41446590332356,afd255c4b0032b4bd3046d282028f3b4a4c9fbfb941e6a396e9ab06ee166672e,bbd7133af5cb9b0ea2e6ca4c734b64717d1ef3ac123409c6d2905bea2c2078d2,True,0,0.0,0.0,0.21508026123046875,0.7849197387695312,0.0,False,,conservar,radiopedia_0496.npz,pendiente de identificar pacientes,0.0,0.0,0.215087890625,0.784912109375,False
radiopedia_0497,radiopedia,497,True,-1334.57275390625,136.52835083007812,-525.998575162932,495.3273856269182,0a3b560c5686df8a2154b4b8684ad32f7247635f364f92926d52fe650619c43e,f9938481a3c845af50890da953f0a99ebd7162a33ba0223c88f09ab8c71bc514,True,0,0.0,0.0,0.21322250366210938,0.7867774963378906,0.0,False,,conservar,radiopedia_0497.npz,pendiente de identificar pacientes,0.0,0.0,0.2133331298828125,0.7866668701171875,False
radiopedia_0498,radiopedia,498,True,-1334.57275390625,136.52835083007812,-525.0465040433464,495.74350132480606,28d5bc7cd9524ab1dd5e596701525aaf0fd5a9407b6332d5c0d453d1fcfa3e7d,f1e2b6492e07d3e17189d20e5a91d97f907e07171112b2c7d5991ebb89d8ea98,True,0,0.0,0.0,0.21146774291992188,0.7885322570800781,0.0,False,,conservar,radiopedia_0498.npz,pendiente de identificar pacientes,0.0,0.0,0.211578369140625,0.788421630859375,False
radiopedia_0499,radiopedia,499,True,-1334.57275390625,136.52835083007812,-523.8025383474983,496.29343681474614,58e949b7b8df180cfe7b39876d7ce4ba36356898923f5d144cfb67375a42f75e,3a72389a8143fa326f8d15166e729621e5d7a402a5946bb2c1bb90b6f0817e12,True,0,0.0,0.0,0.20963287353515625,0.7903671264648438,0.0,False,,conservar,radiopedia_0499.npz,pendiente de identificar pacientes,0.0,0.0,0.209625244140625,0.790374755859375,False
radiopedia_0500,radiopedia,500,True,-1334.57275390625,136.52835083007812,-523.0920782221028,496.70560534300375,8431279e6bbda1d55d42f3f2f381d02043bd3c501bd120a3f0536f073abfe7f2,7dc1f414b7586bacc645281e7230156b3cf88340281e51c1cce012033ee238a5,True,0,0.0,0.0,0.20788192749023438,0.7921180725097656,0.0,False,,conservar,radiopedia_0500.npz,pendiente de identificar pacientes,0.0,0.0,0.2076873779296875,0.7923126220703125,False
radiopedia_0501,radiopedia,501,True,-1334.57275390625,136.52835083007812,-522.0456901593407,497.0550910020916,710de1efa990e241ceef6eab77dc0e1cd195881fdffa565654d819e2cf6eb221,a78239c33cf28fcb3366d08279d465d4c54555ada2be52d5173fa02271c2bcdd,True,0,0.0,0.0,0.20594024658203125,0.7940597534179688,0.0,False,,conservar,radiopedia_0501.npz,pendiente de identificar pacientes,0.0,0.0,0.205963134765625,0.794036865234375,False
radiopedia_0502,radiopedia,502,True,-1334.57275390625,136.52835083007812,-521.4794062008796,497.33459009228415,96822f94052d08a6e83cef0282fe7e543d89f90204e4031815fa3253c0665726,49996f2bdf7c1661bf59baff8a076379f8975283826f5e7b4d0f59e9ad8a2497,True,0,0.0,0.0,0.2041473388671875,0.7958526611328125,0.0,False,,conservar,radiopedia_0502.npz,pendiente de identificar pacientes,0.0,0.0,0.204071044921875,0.795928955078125,False
radiopedia_0503,radiopedia,503,True,-1334.57275390625,136.52835083007812,-520.5752939244626,497.5696707237403,b3e84b6403673d5ecd06a4bfeef3cfafcb26cd6e87170270905872c9359bf28c,8f985278976094f9bfd332478740a4e9ccaf679e260dfd746f7e561479abcfa4,True,0,0.0,0.0,0.202423095703125,0.797576904296875,0.0,False,,conservar,radiopedia_0503.npz,pendiente de identificar pacientes,0.0,0.0,0.2024688720703125,0.7975311279296875,False
radiopedia_0504,radiopedia,504,True,-1334.57275390625,136.52835083007812,-519.815275099571,497.3274904947112,3c3ae055e572a2190bea099ed722879776bd405e3560905cfcb92711e198f284,a18b1e29f52bbb9072b7d1c4fb3debdada74cc21ccaaeab43a18090aa9a19908,True,0,0.0,0.0,0.20034408569335938,0.7996559143066406,0.0,False,,conservar,radiopedia_0504.npz,pendiente de identificar pacientes,0.0,0.0,0.2003631591796875,0.7996368408203125,False
radiopedia_0505,radiopedia,505,True,-1334.57275390625,136.52835083007812,-519.3556301117574,497.2194530378922,f4fb2ebd8e3fbd5d3846e314009b1f0348e4dd493d9bb61c139f250288b8b84f,3ebf16b4a27030244749d625c0f160980e959ec09aec21c2cfa13230fcbeae46,True,0,0.0,0.0,0.19855117797851562,0.8014488220214844,0.0,False,,conservar,radiopedia_0505.npz,pendiente de identificar pacientes,0.0,0.0,0.1984405517578125,0.8015594482421875,False
radiopedia_0506,radiopedia,506,True,-1334.57275390625,136.52835083007812,-518.7805103659398,497.3524781449486,318d015adc22ea408bfce7e68f04d0c62c7bd203afa18ea8d9581374bc2d6aa8,99e35fa22adc1827742fc6f3ab32c06dc21fa68dedf1aaf748568cc79a444848,True,0,0.0,0.0,0.19647216796875,0.80352783203125,0.0,False,,conservar,radiopedia_0506.npz,pendiente de identificar pacientes,0.0,0.0,0.196319580078125,0.803680419921875,False
radiopedia_0507,radiopedia,507,True,-1334.57275390625,136.52835083007812,-518.1088710570111,497.54123926577864,a59cb53e478b1b2ea147d88c6850b3e2e4c07e02f80a22d1cdda521b8bf8bfb1,bcf8979f030605f8fa98f754bf6276604192cc81d6524815d2d34cc70a710a38,True,0,0.0,0.0,0.19457244873046875,0.8054275512695312,0.0,False,,conservar,radiopedia_0507.npz,pendiente de identificar pacientes,0.0,0.0,0.1944732666015625,0.8055267333984375,False
radiopedia_0508,radiopedia,508,True,-1334.57275390625,136.52835083007812,-517.6463081852803,497.58633269966987,3a0d5668dad5a4a59e86794fb6b2e4d6644a7668a87f1278aead683a7e5a3cce,c629a5aeeb0b12b4f3fdbe52cabc1029e72d00959457b7a64b77777c1db51c59,True,0,0.0,0.0,0.192626953125,0.807373046875,0.0,False,,conservar,radiopedia_0508.npz,pendiente de identificar pacientes,0.0,0.0,0.192596435546875,0.807403564453125,False
radiopedia_0509,radiopedia,509,True,-1334.57275390625,136.52835083007812,-517.2238342309674,497.9652060011268,abc4cee7e9858eaa37f42f2e055302283e055aecbc33a9cfc0c1184043e6bced,2e395ef558d317013640dbb0366b316e2a005b71f8c1b6764a80dac1f34ec876,True,0,0.0,0.0,0.19054794311523438,0.8094520568847656,0.0,False,,conservar,radiopedia_0509.npz,pendiente de identificar pacientes,0.0,0.0,0.1905517578125,0.8094482421875,False
radiopedia_0510,radiopedia,510,True,-1334.57275390625,136.52835083007812,-516.2146386234353,498.4455034684067,037e95b6d6b2b8e97f4fbdb07cd9e9d7e5228490d9ac3620969cc5f871070cc2,1c0427a02035c9682c2e2713570db6740f9865f69253e7c4af43944bff56bd02,True,0,0.0,0.0,0.18838119506835938,0.8116188049316406,0.0,False,,conservar,radiopedia_0510.npz,pendiente de identificar pacientes,0.0,0.0,0.1882476806640625,0.8117523193359375,False
radiopedia_0511,radiopedia,511,True,-1334.57275390625,136.52835083007812,-515.0398873484746,498.9055157038077,75b16d9ca2a3bba725b31374c7647bd03d1781f976051e828052899706f7a04c,97b365b615efb91692c77917796ba554e49b28223bdd8641810641670da8f2f7,True,0,0.0,0.0,0.18619918823242188,0.8138008117675781,0.0,False,,conservar,radiopedia_0511.npz,pendiente de identificar pacientes,0.0,0.0,0.1861572265625,0.8138427734375,False
radiopedia_0512,radiopedia,512,True,-1334.57275390625,136.52835083007812,-514.1317648409795,499.4063594170589,f1c16dd54587d15cc44662b9d8d8b88a32232ada4cec0fa7f7c31c4e0706714e,ab917534194e9c4820259b1d9832a4718c95a209f9d7944b8ecddd6ac42c9af4,True,0,0.0,0.0,0.18412399291992188,0.8158760070800781,0.0,False,,conservar,radiopedia_0512.npz,pendiente de identificar pacientes,0.0,0.0,0.1839599609375,0.8160400390625,False
radiopedia_0513,radiopedia,513,True,-1334.57275390625,136.52835083007812,-513.3692281217404,499.69565071585475,45a1cec4569cbf97b9c546f611d7bc14e31325ffabbbaaaf3440f1937901379e,cb873c611f46938051797979a60cc4a0316d203c55bea63c2173b58b8fb9c43a,True,0,0.0,0.0,0.18183135986328125,0.8181686401367188,0.0,False,,conservar,radiopedia_0513.npz,pendiente de identificar pacientes,0.0,0.0,0.1817626953125,0.8182373046875,False
radiopedia_0514,radiopedia,514,True,-1334.57275390625,136.52835083007812,-512.993134994148,500.1532972096143,5aea01def07c4ea457a2c667b4841c4e4689969df884b8a3f09aa76871ee80bf,d615808b2da3618e75efe3add6dff47d08ce53b261c8becf628bfafaeb0465d9,True,0,0.0,0.0,0.17960739135742188,0.8203926086425781,0.0,False,,conservar,radiopedia_0514.npz,pendiente de identificar pacientes,0.0,0.0,0.1796112060546875,0.8203887939453125,False
radiopedia_0515,radiopedia,515,True,-1334.57275390625,136.52835083007812,-512.0204651296353,500.7339125751408,043bfd78233202282f03b3e1115d81e1689963cd67b549f71b57053d469fea04,def2cb98b620689ec61585440789cece050a02dd68a0875880a268349557c363,True,0,0.0,0.0,0.17737960815429688,0.8226203918457031,0.0,False,,conservar,radiopedia_0515.npz,pendiente de identificar pacientes,0.0,0.0,0.1773529052734375,0.8226470947265625,False
radiopedia_0516,radiopedia,516,True,-1334.57275390625,136.52835083007812,-510.7882243677009,501.35662293601354,1920503fd5973ff457f86afcd57ac2acefae438fd5b620849728b3af58c1a26a,b523e1e54f3cabb6f3e20202b41cd0e42fd180b28bccb6c9b8e6d852ebfc7e55,True,0,0.0,0.0,0.17510604858398438,0.8248939514160156,0.0,False,,conservar,radiopedia_0516.npz,pendiente de identificar pacientes,0.0,0.0,0.175201416015625,0.824798583984375,False
radiopedia_0517,radiopedia,517,True,-1334.57275390625,136.52835083007812,-509.90169203173355,502.1357703966972,1604b89dc6c8013ef84e1be60889a27b808ea1b669543211d4b8332e6245c21b,043a7160cd3291f8e98147ab3349b0baa46633cbacfb977e767c32f773f90afb,True,0,0.0,0.0,0.173004150390625,0.826995849609375,0.0,False,,conservar,radiopedia_0517.npz,pendiente de identificar pacientes,0.0,0.0,0.173095703125,0.826904296875,False
radiopedia_0518,radiopedia,518,True,-1334.57275390625,136.52835083007812,-508.9718784711454,503.14305475469405,5262cf891fdf246ef4e43c5c04bb0ff3c87e7274cfc796b29f18f0dc54cfa758,cd62d25db3042f1df30ed63692343e377e534c85e646b9464da5bf17f6c69dae,True,0,0.0,0.0,0.17090225219726562,0.8290977478027344,0.0,False,,conservar,radiopedia_0518.npz,pendiente de identificar pacientes,0.0,0.0,0.1710052490234375,0.8289947509765625,False
radiopedia_0519,radiopedia,519,True,-1334.57275390625,136.52835083007812,-508.23391293353234,503.9043714671808,cdfbf386cfcb2f021891f5ab00085d705938970cb9704c572abb3c4510ff8b9f,660a56810acce9dd978a344867408ca95ed35afe099b6486ea546268166ea5cc,True,0,0.0,0.0,0.16864776611328125,0.8313522338867188,0.0,False,,conservar,radiopedia_0519.npz,pendiente de identificar pacientes,0.0,0.0,0.1685791015625,0.8314208984375,False
radiopedia_0520,radiopedia,520,True,-1334.57275390625,136.52835083007812,-506.9669856836922,504.3690727807039,bcdc85598d8830c06a13e928ac475b001503faba85a2b7338afeeb76f33a1d8e,513232bbea378e05a4a0a73dc51a71da733db32e819a5c7ccb2531aa355e38c3,True,0,0.0,0.0,0.166534423828125,0.833465576171875,0.0,False,,conservar,radiopedia_0520.npz,pendiente de identificar pacientes,0.0,0.0,0.1665802001953125,0.8334197998046875,False
radiopedia_0521,radiopedia,521,True,-1334.57275390625,136.52835083007812,-506.29038133224367,504.79586168329627,d7a813f405d45417a2a3ea9a8c295010e2f9d57dafcb4e21529a813f4794bed6,00a08fc9d9edaef080116ebcf617177ce8d74ce7675b9eadbc5ae9db2c3937b2,True,0,0.0,0.0,0.16457748413085938,0.8354225158691406,0.0,False,,conservar,radiopedia_0521.npz,pendiente de identificar pacientes,0.0,0.0,0.164581298828125,0.835418701171875,False
radiopedia_0522,radiopedia,522,True,-1334.57275390625,136.52835083007812,-505.56610785748353,504.55342434109247,14332d4e785156de43cb78700b5e6b39107c6737a4d8ed467eaabae07176528f,afb27da66128b1cc950cb09aa94d971fd90be05d1f64cf9d6da7ebcb05741b24,True,0,0.0,0.0,0.16241836547851562,0.8375816345214844,0.0,False,,conservar,radiopedia_0522.npz,pendiente de identificar pacientes,0.0,0.0,0.162384033203125,0.837615966796875,False
radiopedia_0523,radiopedia,523,True,-1334.57275390625,136.52835083007812,-505.2932489209593,504.38890031532134,543baac144bd134af8836e423fac3f87cb6a49b01622fb4beb02f3a49a21d84b,7c583d59eaa68d60089df19f7f7bdf8a6dc395e126bcbae34c077cba064965ea,True,0,0.0,0.0,0.16018295288085938,0.8398170471191406,0.0,False,,conservar,radiopedia_0523.npz,pendiente de identificar pacientes,0.0,0.0,0.1602935791015625,0.8397064208984375,False
radiopedia_0524,radiopedia,524,True,-1334.57275390625,136.52835083007812,-505.27938605477675,504.2855030276081,5859893129a5d2f443411ba1f2ab5b57dde738adb34edd002e817152c4291aac,92091b9a0da8073c9c42afc5d69f457a872efb8c843b4acfad828b9e60811f52,True,0,0.0,0.0,0.15812301635742188,0.8418769836425781,0.0,False,,conservar,radiopedia_0524.npz,pendiente de identificar pacientes,0.0,0.0,0.1582183837890625,0.8417816162109375,False
radiopedia_0525,radiopedia,525,True,-1334.57275390625,136.52835083007812,-504.7065840022442,504.7619662255461,876d39eab2e4abbd51b8bb03c8248e621fc14041e8f1b201f1da618c92abba75,6a5b52722a07b094c2579b8fa88cfdf4b4b9063631ed9f2037338a85f528d4c9,True,0,0.0,0.0,0.15584945678710938,0.8441505432128906,0.0,False,,conservar,radiopedia_0525.npz,pendiente de identificar pacientes,0.0,0.0,0.15594482421875,0.84405517578125,False
radiopedia_0526,radiopedia,526,True,-1334.57275390625,136.52835083007812,-503.78441495361176,504.8322079260736,1c9458d542e6b3302b5a68eddfc50406541e616909f5ccb17a5ad5aae96204a7,8cbc40c34baa160d8533dc5790d0a639d338b08bb67acc976756b6d7884dacc5,True,0,0.0,0.0,0.15375137329101562,0.8462486267089844,0.0,False,,conservar,radiopedia_0526.npz,pendiente de identificar pacientes,0.0,0.0,0.1539154052734375,0.8460845947265625,False
radiopedia_0527,radiopedia,527,True,-1334.57275390625,136.52835083007812,-502.53153312306813,504.90607067304444,b722df909b91451200deb241f76dcc8d15a85792bcd607d247295c2316316ef8,73ef19443b9a44de7ed0a4753440fc76aba8ae3479532f7c96af70fce3288612,True,0,0.0,0.0,0.15134811401367188,0.8486518859863281,0.0,False,,conservar,radiopedia_0527.npz,pendiente de identificar pacientes,0.0,0.0,0.1513671875,0.8486328125,False
radiopedia_0528,radiopedia,528,True,-1334.57275390625,136.52835083007812,-501.49853142618485,504.9064015527553,96a99e717894529596332addbffe14544037fe869de90294eb2b85dbb752e7ea,bdf8472d87638e62d19265e00e8a4bc61a4bebe97c2678ac4442e13fb8bba1ff,True,0,0.0,0.0,0.14908599853515625,0.8509140014648438,0.0,False,,conservar,radiopedia_0528.npz,pendiente de identificar pacientes,0.0,0.0,0.1489410400390625,0.8510589599609375,False
radiopedia_0529,radiopedia,529,True,-1334.57275390625,136.52835083007812,-500.4390439634067,505.58983648325574,1ed6baa7e3cf7bed86eef25f22bf499e51c2bc06a22ae60ef17a5375556937ce,298ebd83928c5bd826db51796cf03d22ddc029593e7c86df4c3c9fe7e9850b7a,True,0,0.0,0.0,0.14667892456054688,0.8533210754394531,0.0,False,,conservar,radiopedia_0529.npz,pendiente de identificar pacientes,0.0,0.0,0.146697998046875,0.853302001953125,False
radiopedia_0530,radiopedia,530,True,-1334.57275390625,136.52835083007812,-499.4849939479259,506.05829780094103,b92e9fca3bea6f6b6ed7648282d1c8df27f5e9e05ec3245e10c92c0ecc4f894c,eb302baa335a44c5c834450d68635c9c81618d9c7c8ed020be7085024b237267,True,0,0.0,0.0,0.14429855346679688,0.8557014465332031,0.0,False,,conservar,radiopedia_0530.npz,pendiente de identificar pacientes,0.0,0.0,0.144287109375,0.855712890625,False
radiopedia_0531,radiopedia,531,True,-1334.57275390625,136.52835083007812,-498.0631495137345,506.62982502160327,cffe8829d8eb8b2093219ec4b61d46657dd9180fbbc0623bb261847bc67b1de4,5b41d0116404071d2317f1be4057aade6ff669c79638d920128d954a67e86a05,True,0,0.0,0.0,0.14178085327148438,0.8582191467285156,0.0,False,,conservar,radiopedia_0531.npz,pendiente de identificar pacientes,0.0,0.0,0.141754150390625,0.858245849609375,False
radiopedia_0532,radiopedia,532,True,-1334.57275390625,136.52835083007812,-497.3951863303091,506.97288731889745,28ce0967c105f40f13bbc7f201290ba4d6744432d3da870ad52ab15f50c9d90f,fa185a69417c6af267782459eb1dacbc7161cbc2da08e22afe07940fc616251b,True,0,0.0,0.0,0.13901901245117188,0.8609809875488281,0.0,False,,conservar,radiopedia_0532.npz,pendiente de identificar pacientes,0.0,0.0,0.1389007568359375,0.8610992431640625,False
radiopedia_0533,radiopedia,533,True,-1334.57275390625,136.52835083007812,-497.0226124788869,506.99953372999926,d1689ab4ad23b60aada8515767d03999e93d4823b43ab403c9ea34d4e324225c,9b34233476fbd1c3062eba822605611f276acd967b8eba7b0232e0028c59ca42,True,0,0.0,0.0,0.13640213012695312,0.8635978698730469,0.0,False,,conservar,radiopedia_0533.npz,pendiente de identificar pacientes,0.0,0.0,0.1364593505859375,0.8635406494140625,False
radiopedia_0534,radiopedia,534,True,-1334.57275390625,136.52835083007812,-495.9826767020686,506.8631498066721,5d7f4e64df955f5b5edc4ad7e481e494a6121fe7fcf466eb8ba448e8ef34781c,1ae571c4d8830d0b11218c4051c9ff6873a8d87401374241dc11f28786128a35,True,0,0.0,0.0,0.13367080688476562,0.8663291931152344,0.0,False,,conservar,radiopedia_0534.npz,pendiente de identificar pacientes,0.0,0.0,0.13372802734375,0.86627197265625,False
radiopedia_0535,radiopedia,535,True,-1334.57275390625,136.52835083007812,-495.0065717017583,507.2558460567068,e86692eadc41e9407c3db2b3e1c8800181c34b44eb68ea1b1faa0b4d3fcc74a4,ae9f88fd9a9c8308839614991be6a96e57706d7f52acc2e9526abf77477d1bb7,True,0,0.0,0.0,0.13088607788085938,0.8691139221191406,0.0,False,,conservar,radiopedia_0535.npz,pendiente de identificar pacientes,0.0,0.0,0.130828857421875,0.869171142578125,False
radiopedia_0536,radiopedia,536,True,-1334.57275390625,136.52835083007812,-493.6462121315376,507.84906929757545,0fb79b9196caba275986bd170d74fdc3689e021b4a99b71099adff0df9cdab6d,ee19c17bd24b4a461c65b8b54652b4e470b29f0aec57270207ddefdfd6936015,True,0,0.0,0.0,0.12817764282226562,0.8718223571777344,0.0,False,,conservar,radiopedia_0536.npz,pendiente de identificar pacientes,0.0,0.0,0.1282958984375,0.8717041015625,False
radiopedia_0537,radiopedia,537,True,-1334.57275390625,136.52835083007812,-492.034869202535,508.48877558241105,f0e6e12760d9ea7155b7ed3d711b3e9a25eef4dd9dbe9aa967036764c591f3cc,62593e7388ce2c8d37754483ee656543f57e1ef59d7ce18a52e11b4bb04918df,True,0,0.0,0.0,0.12529373168945312,0.8747062683105469,0.0,False,,conservar,radiopedia_0537.npz,pendiente de identificar pacientes,0.0,0.0,0.1252899169921875,0.8747100830078125,False
radiopedia_0538,radiopedia,538,True,-1334.57275390625,136.52835083007812,-490.41548782134123,509.26479059793127,bf03b76f3a38c0a861929dc3af30422a31de59821f77ab0efddefaf9d3629b8b,22744677a33f64d193dc241d5ab458f3caba0610f5ad1c7323c7f480a53a53b6,True,0,0.0,0.0,0.122467041015625,0.877532958984375,0.0,False,,conservar,radiopedia_0538.npz,pendiente de identificar pacientes,0.0,0.0,0.1225738525390625,0.8774261474609375,False
radiopedia_0539,radiopedia,539,True,-1334.57275390625,136.52835083007812,-488.55482773792346,510.2633762367176,9727c5061e5404c6f663ecfa7c3edfd3a125496d6f30b801c646a411086591ec,54f80e5f542663f17f67489506dd7c6ca6e1ea63c91afef1d9680a9e1fd4a56e,True,0,0.0,0.0,0.11952972412109375,0.8804702758789062,0.0,False,,conservar,radiopedia_0539.npz,pendiente de identificar pacientes,0.0,0.0,0.119476318359375,0.880523681640625,False
radiopedia_0540,radiopedia,540,True,-1334.57275390625,136.52835083007812,-487.3062752664405,510.75106966909203,b020ee0f73960e25021ea8f30985d6d1d78d71fd8ea61e80c90fd64613f249c5,7907a99af49ba88d841cbc0a43d7c718c6323dadfb345e38666a0babce24ddc3,True,0,0.0,0.0,0.11674880981445312,0.8832511901855469,0.0,False,,conservar,radiopedia_0540.npz,pendiente de identificar pacientes,0.0,0.0,0.1168670654296875,0.8831329345703125,False
radiopedia_0541,radiopedia,541,True,-1334.57275390625,136.52835083007812,-486.1337436057315,510.8100992148463,9dcc0e9c89855d3fea078345944b7f21bfa0644cd856fcb22e2762facd85f12c,eccdec68cdf27e6eb93fb995369595ebb3019f82a53875b392035d9ad5cc0bfe,True,0,0.0,0.0,0.11374664306640625,0.8862533569335938,0.0,False,,conservar,radiopedia_0541.npz,pendiente de identificar pacientes,0.0,0.0,0.11376953125,0.88623046875,False
radiopedia_0542,radiopedia,542,True,-1334.57275390625,136.52835083007812,-484.905850599931,511.44917748639836,726360b751c4f3cfc7a35732181d796a18357fc801e330572ee54dc6ab1aee10,bfa8512a7d564b67a64840ef66cba00cc29e65c897cf8462de3b04b35b7dfc33,True,0,0.0,0.0,0.11082077026367188,0.8891792297363281,0.0,False,,conservar,radiopedia_0542.npz,pendiente de identificar pacientes,0.0,0.0,0.1107940673828125,0.8892059326171875,False
radiopedia_0543,radiopedia,543,True,-1334.57275390625,136.52835083007812,-483.65439369484693,511.9564511550047,e1aba144a7a6fd84390a9759ce16dc096fa5e0158f42f9945156391da2bf5f6b,bbb744431e2f21f88b277b49a86145ba54e9384ba5a2daf50662e29af9539189,True,0,0.0,0.0,0.10760879516601562,0.8923912048339844,0.0,False,,conservar,radiopedia_0543.npz,pendiente de identificar pacientes,0.0,0.0,0.10760498046875,0.89239501953125,False
radiopedia_0544,radiopedia,544,True,-1334.57275390625,136.52835083007812,-482.54760755082634,512.6368807358162,b5ab1240a877c4dd8770081e610265254ac6d3ecd005c396c7f720de11272636,02c4761a3c5c8717bc4898b4b65ac1c7dcf03b26b057cdee9f43da26a823285a,True,0,0.0,0.0,0.10448837280273438,0.8955116271972656,0.0,False,,conservar,radiopedia_0544.npz,pendiente de identificar pacientes,0.0,0.0,0.104461669921875,0.895538330078125,False
radiopedia_0545,radiopedia,545,True,-1334.57275390625,136.52835083007812,-481.41926123243684,512.7576640340583,014f592081965daca36afe857582ef0ddba0a08acb2e52cc4d2f8211bb2b7982,9235e42adf7fb11247dcf7c394cc6f9128d4f90e19e25a18d9ee55c5b639c2ad,True,0,0.0,0.0,0.10135650634765625,0.8986434936523438,0.0,False,,conservar,radiopedia_0545.npz,pendiente de identificar pacientes,0.0,0.0,0.1013946533203125,0.8986053466796875,False
radiopedia_0546,radiopedia,546,True,-1334.57275390625,136.52835083007812,-480.35561947528686,512.8093681904162,e036cb5dfda4d13d9d9eb288da70f140a9779c34a21649c5f6e8142ff0e017e7,774e06fb346f166ce30527cbf244ec841667bb164c3dcf03637c710043795203,True,0,0.0,0.0,0.0984649658203125,0.9015350341796875,0.0,False,,conservar,radiopedia_0546.npz,pendiente de identificar pacientes,0.0,0.0,0.0985260009765625,0.9014739990234375,False
radiopedia_0547,radiopedia,547,True,-1334.57275390625,136.52835083007812,-479.6589618224407,513.4587167626696,462f7ea0d952b6799477f8b57d50c8f92fe432e13011d6c9c6c3cb2bcd965ba9,24c018c0b77b5ab96e106fc82b2c84adebaa8dfafc0ea5fcbac41f9b67d6cae2,True,0,0.0,0.0,0.09555435180664062,0.9044456481933594,0.0,False,,conservar,radiopedia_0547.npz,pendiente de identificar pacientes,0.0,0.0,0.095611572265625,0.904388427734375,False
radiopedia_0548,radiopedia,548,True,-1334.57275390625,136.52835083007812,-478.6582786447293,513.86048231338,3325a74d657d7a608d3b2eb2b8943a19e92cfc749417f55f48f8b0498963d499,dd917e54ef6726ef381ab50f6c90b5477372ec2456d1a9a4032be7f1021e1575,True,0,0.0,0.0,0.09271240234375,0.90728759765625,0.0,False,,conservar,radiopedia_0548.npz,pendiente de identificar pacientes,0.0,0.0,0.0927886962890625,0.9072113037109375,False
radiopedia_0549,radiopedia,549,True,-1334.57275390625,136.52835083007812,-477.4676453061202,514.5142176583902,5f5daff256887a34cdeed544984c5369df87aa5793d982b161cdde7dd7b0747f,1f4aacc5790b486f16f87fa8f945c06167fffc534b99f446e86caea48cc3c008,True,0,0.0,0.0,0.0900115966796875,0.9099884033203125,0.0,False,,conservar,radiopedia_0549.npz,pendiente de identificar pacientes,0.0,0.0,0.0898895263671875,0.9101104736328125,False
radiopedia_0550,radiopedia,550,True,-1334.57275390625,136.52835083007812,-475.86399965879446,515.3053312461667,345c76b36748bf46427504dce8617c21c1dbe36a063f3355f091259f2fc230e3,46640a558531994c985a121634c086e33b4fd3e2c131ac2ace87dbcb41968381,True,0,0.0,0.0,0.08725357055664062,0.9127464294433594,0.0,False,,conservar,radiopedia_0550.npz,pendiente de identificar pacientes,0.0,0.0,0.0872344970703125,0.9127655029296875,False
radiopedia_0551,radiopedia,551,True,-1334.57275390625,136.52835083007812,-474.9098490471033,515.9093710465096,4b52498c7409e0fe4ae2cec24be16d08a62a95d83027c852d1d58cddb2ca955e,db90902ff148f7aba4d2d1581ca4f049f7a78f8f3df4be0e2411825a47710a43,True,0,0.0,0.0,0.08477020263671875,0.9152297973632812,0.0,False,,conservar,radiopedia_0551.npz,pendiente de identificar pacientes,0.0,0.0,0.0846710205078125,0.9153289794921875,False
radiopedia_0552,radiopedia,552,True,-1334.57275390625,136.52835083007812,-473.9115917952213,516.1591080630385,301f3cce7b1b459d24f6d577a2db6d09ff3a3f2ff2db35edd8defabc1cd1b022,13251c76950d66f804c279a23699b3c8c8b0160225ab89349f19843470c79ecc,True,0,0.0,0.0,0.08224868774414062,0.9177513122558594,0.0,False,,conservar,radiopedia_0552.npz,pendiente de identificar pacientes,0.0,0.0,0.0822906494140625,0.9177093505859375,False
radiopedia_0553,radiopedia,553,True,-1334.57275390625,136.52835083007812,-473.5029632322012,516.1904690019759,dd4c8853335c34a65be3075199fec56613a3f9ce734136c6861d237ff0c50baa,118cafd56cc421744f4a9427daf616fa4b0ddcb4582a2c9af841fb06b145d778,True,0,0.0,0.0,0.07989120483398438,0.9201087951660156,0.0,False,,conservar,radiopedia_0553.npz,pendiente de identificar pacientes,0.0,0.0,0.08001708984375,0.91998291015625,False
radiopedia_0554,radiopedia,554,True,-1334.57275390625,136.52835083007812,-472.4268090148753,516.8260097701763,708e5aaf4ba2a9be6acf203b1525f43cdd5b20a7433f7f6e6870e5696443cbc2,c9faff525ecb45b2238e786467e073c038a8ee68f3db83186e8329e21f776116,True,0,0.0,0.0,0.07758331298828125,0.9224166870117188,0.0,False,,conservar,radiopedia_0554.npz,pendiente de identificar pacientes,0.0,0.0,0.0774688720703125,0.9225311279296875,False
radiopedia_0555,radiopedia,555,True,-1334.57275390625,136.52835083007812,-471.7276107936077,517.7685792148849,9b157b8bcc3ea40f050a211a5f04558d2b95ab36332c190b8e02e3fac5884fb2,799519612cd429d5d1d90237e3141f977e6937f208bd91bc7337d3db73ae58b4,True,0,0.0,0.0,0.07526016235351562,0.9247398376464844,0.0,False,,conservar,radiopedia_0555.npz,pendiente de identificar pacientes,0.0,0.0,0.0752716064453125,0.9247283935546875,False
radiopedia_0556,radiopedia,556,True,-1334.57275390625,136.52835083007812,-471.2755932016762,518.5961780388063,d81fc7b58d83da843f4392a04520917c470cd6010180d48d856420256e0793cf,f7caf78e705e6cc57e21fece55ed5f1946a66edb3ddce0de106f57fe5fbfb7b8,True,0,0.0,0.0,0.07315444946289062,0.9268455505371094,0.0,False,,conservar,radiopedia_0556.npz,pendiente de identificar pacientes,0.0,0.0,0.0731048583984375,0.9268951416015625,False
radiopedia_0557,radiopedia,557,True,-1334.57275390625,136.52835083007812,-470.76549053550116,519.603272553622,af3fd0615ce51a2a93871475a415c131b83b688dfce831958da3b98665d329cf,e208562b8205e9a91954652611cbafaa5cbf247901adabc04b651bb4e1d77d78,True,0,0.0,0.0,0.07116317749023438,0.9288368225097656,0.0,False,,conservar,radiopedia_0557.npz,pendiente de identificar pacientes,0.0,0.0,0.0712127685546875,0.9287872314453125,False
radiopedia_0558,radiopedia,558,True,-1334.57275390625,136.52835083007812,-470.03170134631455,520.2177832165863,d39d386be7161ed4def1117b769f45ea3c45e611791f287b97f9f46ac66d4608,c39b8eca3ac6103d860b188e00cc6914d6b0c577e559b7ed76214be47d77bf02,True,0,0.0,0.0,0.06894302368164062,0.9310569763183594,0.0,False,,conservar,radiopedia_0558.npz,pendiente de identificar pacientes,0.0,0.0,0.0688934326171875,0.9311065673828125,False
radiopedia_0559,radiopedia,559,True,-1334.57275390625,136.52835083007812,-469.38845708123154,520.4857073430752,8ad31a4e7f32b0bf54d4aa76653bbd89406e5cd2ac0e85162b07368e567ca5fc,f58096bdc4b2705fd5cbd31cd0c33bf3989651a2ed285d0265fec95d1129006c,True,0,0.0,0.0,0.066864013671875,0.933135986328125,0.0,False,,conservar,radiopedia_0559.npz,pendiente de identificar pacientes,0.0,0.0,0.06689453125,0.93310546875,False
radiopedia_0560,radiopedia,560,True,-1334.57275390625,136.52835083007812,-468.94791620384194,520.7404915188156,9cd7d4df2cc1013c82a0b5b00b727445f2788a0e33ded60aa1a527b7d5fd509f,552a5a7e9e947330ff0d4870ac826aae926fe2d5895292704159295312fcb04a,True,0,0.0,0.0,0.06482315063476562,0.9351768493652344,0.0,False,,conservar,radiopedia_0560.npz,pendiente de identificar pacientes,0.0,0.0,0.0648193359375,0.9351806640625,False
radiopedia_0561,radiopedia,561,True,-1334.57275390625,136.52835083007812,-468.64156864402685,520.3371571245988,e866c60f71adb14042b01d90209c69661b71f24e8381f99f5a12a73ab6633545,5cac1735fbe28c8466cc13e2ce1884eb44d3b9e77a37a2580ca098b4d719cdc0,True,0,0.0,0.0,0.06290817260742188,0.9370918273925781,0.0,False,,conservar,radiopedia_0561.npz,pendiente de identificar pacientes,0.0,0.0,0.063079833984375,0.936920166015625,False
radiopedia_0562,radiopedia,562,True,-1334.57275390625,136.52835083007812,-468.50303609786715,519.9043486179096,1552ae175d8dd1138779a00582b049da16db3741f71f610e99d0c962e4d8c81c,9bdf1a42c2559a8a20d06d70197af31adcdd804f10bc781bc07a2ad912cfd271,True,0,0.0,0.0,0.06090545654296875,0.9390945434570312,0.0,False,,conservar,radiopedia_0562.npz,pendiente de identificar pacientes,0.0,0.0,0.06103515625,0.93896484375,False
radiopedia_0563,radiopedia,563,True,-1334.57275390625,136.52835083007812,-468.2059676795857,519.4833723068947,b1ee21269bd24cbf277b4d87c3b0eb16327fc4c6410e124268fdc93123dc4ec1,fb2eeb91285a89a5d4f6806a8c10aa0c31fbecd1edce8d1e301c62357cc8d9eb,True,0,0.0,0.0,0.058872222900390625,0.9411277770996094,0.0,False,,conservar,radiopedia_0563.npz,pendiente de identificar pacientes,0.0,0.0,0.0589141845703125,0.9410858154296875,False
radiopedia_0564,radiopedia,564,True,-1334.57275390625,136.52835083007812,-468.19219405140575,518.8551166167618,c9f679b95bc81d042ae401ec925e0975805f72ddcaa3bc80b59e014a584bd6ec,f8705fa3409ccd7cdf9701968a7992893c6198573a0a116b4b1dc428ba377cce,True,0,0.0,0.0,0.056865692138671875,0.9431343078613281,0.0,False,,conservar,radiopedia_0564.npz,pendiente de identificar pacientes,0.0,0.0,0.0567779541015625,0.9432220458984375,False
radiopedia_0565,radiopedia,565,True,-1334.57275390625,136.52835083007812,-467.88321710748596,518.8340531117748,b955e68ee105c9ffc3aef85654fe3423aa35dd4a119a5253e8f1aea6f8be753f,6fc48a99fe33786cb7dbe36c7d0116fe09bc0fb2d28d58c378ac38da40a2d94e,True,0,0.0,0.0,0.054962158203125,0.945037841796875,0.0,False,,conservar,radiopedia_0565.npz,pendiente de identificar pacientes,0.0,0.0,0.055023193359375,0.944976806640625,False
radiopedia_0566,radiopedia,566,True,-1334.57275390625,136.52835083007812,-467.34058677353914,518.9455153002652,e0ff8ec11df348c2eac6ae45ced1dab1e7c085d12eb6035f84c14bc1e041eb60,80bc1643e5525737f8e40726da37ae5cf268589f69d8c146016f4f61c8f25391,True,0,0.0,0.0,0.0530242919921875,0.9469757080078125,0.0,False,,conservar,radiopedia_0566.npz,pendiente de identificar pacientes,0.0,0.0,0.0530548095703125,0.9469451904296875,False
radiopedia_0567,radiopedia,567,True,-1334.57275390625,136.52835083007812,-467.51261741125245,519.1440465989509,8f8620878d58799f43494df57ee31bb21e521c3d26ccbe401f364a7f66dada72,e2251b7011aa104d9c69c73f99705aad2d96227e3aac2689f036f070222b8a8a,True,0,0.0,0.0,0.051013946533203125,0.9489860534667969,0.0,False,,conservar,radiopedia_0567.npz,pendiente de identificar pacientes,0.0,0.0,0.0508270263671875,0.9491729736328125,False
radiopedia_0568,radiopedia,568,True,-1334.57275390625,136.52835083007812,-467.41781364800045,519.4608872780872,40ee164fae2d9b64a07bd4da08ef0b9053b9428aae5af5ab873d099a34b4ee20,242e5fff4e974f67fc9e46e3b7dbb1f45bb2a8a616811340df65f4c7618f7cc7,True,0,0.0,0.0,0.0489959716796875,0.9510040283203125,0.0,False,,conservar,radiopedia_0568.npz,pendiente de identificar pacientes,0.0,0.0,0.0491180419921875,0.9508819580078125,False
radiopedia_0569,radiopedia,569,True,-1334.57275390625,136.52835083007812,-466.7912054830231,519.6859222423427,ec4385b5b6edb56dab2fce87fcff1bcfc0964b59745be2ca736a9604f97ddbdb,b7942f26a75f49c0f39b0b0e27246c74cb1cce9525441d12e9ef481bafdf7b68,True,0,0.0,0.0,0.046855926513671875,0.9531440734863281,0.0,False,,conservar,radiopedia_0569.npz,pendiente de identificar pacientes,0.0,0.0,0.0468292236328125,0.9531707763671875,False
radiopedia_0570,radiopedia,570,True,-1334.57275390625,136.52835083007812,-466.4648847290541,519.8613942038694,5bf4653dff76e82522f50356359ad865957bc95ea3ccd3ecc2cdfd0f0698404e,9ccb38d4cc673d73897181f54f1d4f263a4d2667ef30e847e6ea5b4e8fa21963,True,0,0.0,0.0,0.04494476318359375,0.9550552368164062,0.0,False,,conservar,radiopedia_0570.npz,pendiente de identificar pacientes,0.0,0.0,0.0449066162109375,0.9550933837890625,False
radiopedia_0571,radiopedia,571,True,-1334.57275390625,136.52835083007812,-465.5807691326395,519.7724556842758,6d029027088864968055665b98e3822c4d4fb2835ef2e65925325d0fbedd3a5e,e7250bd7f5e0eaf0d4e215f882017531f0d25834a92e6b5b0733067c82834125,True,0,0.0,0.0,0.04312896728515625,0.9568710327148438,0.0,False,,conservar,radiopedia_0571.npz,pendiente de identificar pacientes,0.0,0.0,0.04296875,0.95703125,False
radiopedia_0572,radiopedia,572,True,-1334.57275390625,136.52835083007812,-464.78368764916104,519.7715049283798,cb332dea6844ead869ea902e7e794483796879610ac96fb8b5a65876cf2480e7,255e501bb0672907e1c689fd8855b96aec14c6e061d1dfff924b9cbe7ef18d82,True,0,0.0,0.0,0.041240692138671875,0.9587593078613281,0.0,False,,conservar,radiopedia_0572.npz,pendiente de identificar pacientes,0.0,0.0,0.0410919189453125,0.9589080810546875,False
radiopedia_0573,radiopedia,573,True,-1334.57275390625,136.52835083007812,-464.02356871897973,520.1855176774314,e8d39d6a7bc296640d07c1ec85ed63bd25eaa8a9344705bfac93aefdf02c6a63,2df762900720f9e28fc03aefd211a870201a7e102dea5d8c3b351ec6e0aae458,True,0,0.0,0.0,0.039211273193359375,0.9607887268066406,0.0,False,,conservar,radiopedia_0573.npz,pendiente de identificar pacientes,0.0,0.0,0.039154052734375,0.960845947265625,False
radiopedia_0574,radiopedia,574,True,-1334.57275390625,136.52835083007812,-462.9136878358131,520.362612047724,21ce12df0f88de0fb1b227dc2a9d6cb18eeaa120f761ef67c1f758b882fbfc96,3627c184569038208ab0fc667d77144d5c53bc2c5e21c55002255feaef707c39,True,0,0.0,0.0,0.037319183349609375,0.9626808166503906,0.0,False,,conservar,radiopedia_0574.npz,pendiente de identificar pacientes,0.0,0.0,0.037353515625,0.962646484375,False
radiopedia_0575,radiopedia,575,True,-1334.57275390625,136.52835083007812,-461.9724721725879,520.7461461184129,a455737815c2e3e892b552f6139bcc955a1932b3ee5098200c16c675d6a80778,d1082708041eacf2c916d1c6e61989b003754439511923e82a1755b8e5b348d8,True,0,0.0,0.0,0.03524017333984375,0.9647598266601562,0.0,False,,conservar,radiopedia_0575.npz,pendiente de identificar pacientes,0.0,0.0,0.0352783203125,0.9647216796875,False
radiopedia_0576,radiopedia,576,True,-1334.57275390625,136.52835083007812,-460.73238053377645,521.3878581064193,c5787080e93348bc94af79cf39a2ef1c9a26517e09055a6c8bb4de7a35ce3f32,9e94a3f5124a0bdd304a4d32ce07a44895aa898246d67466c08a8c4f7c558ed5,True,0,0.0,0.0,0.033355712890625,0.966644287109375,0.0,False,,conservar,radiopedia_0576.npz,pendiente de identificar pacientes,0.0,0.0,0.0334014892578125,0.9665985107421875,False
radiopedia_0577,radiopedia,577,True,-1334.57275390625,136.52835083007812,-459.74458460393953,521.9898448953425,6a69e29d6235085a4fe62fab985ec9ba0db1546da1cd5afc4f2208dea7cce891,aa26dcb39c029c7dd5c9f3fc9bfd10e10bc4660c45ead667985d1a6042063d8c,True,0,0.0,0.0,0.03134918212890625,0.9686508178710938,0.0,False,,conservar,radiopedia_0577.npz,pendiente de identificar pacientes,0.0,0.0,0.0314483642578125,0.9685516357421875,False
radiopedia_0578,radiopedia,578,True,-1334.57275390625,136.52835083007812,-458.70694159225286,522.6782413638438,c57cb4bb50b151ee3973f94f659752715495aff970c30614c3db73175d6ee1cb,3874a33287f7dbee8f04b3e928fdf17ebdf3a24ab2c6cd53fbc06738cdefd10a,True,0,0.0,0.0,0.029392242431640625,0.9706077575683594,0.0,False,,conservar,radiopedia_0578.npz,pendiente de identificar pacientes,0.0,0.0,0.0294647216796875,0.9705352783203125,False
radiopedia_0579,radiopedia,579,True,-1334.57275390625,136.52835083007812,-457.58117418872234,522.8190666008574,025b016661a8d938454d8ba6fd3d2a3061dd9230dd5f633f96bb52fc47270a77,583bdd41321acc465ef3d2a8b278b621e057083475ab2b8fae0af74c97e3db9c,True,0,0.0,0.0,0.0271759033203125,0.9728240966796875,0.0,False,,conservar,radiopedia_0579.npz,pendiente de identificar pacientes,0.0,0.0,0.0272216796875,0.9727783203125,False
radiopedia_0580,radiopedia,580,True,-1334.57275390625,136.52835083007812,-456.38873986427825,522.6137398524828,16f47658ee07b1c6465b7ad8b9edde6ab9b1bc0ff0803741fc957d3dc027a341,6d2cb9f02fd7bf57268fc72e9b353e9969231ffd1e14a41a801a886dfd9c9da6,True,0,0.0,0.0,0.025012969970703125,0.9749870300292969,0.0,False,,conservar,radiopedia_0580.npz,pendiente de identificar pacientes,0.0,0.0,0.0250396728515625,0.9749603271484375,False
radiopedia_0581,radiopedia,581,True,-1334.57275390625,136.52835083007812,-455.8575001135755,522.7548886305054,e3e23e2ee67684e197fd21c20a2158688ecfca944ac3b150d8ab016a4563cd6d,bb1343d87a614fa436d6575c9d05f57a48fbd08b5fce6f36957ca6b882f2c65d,True,0,0.0,0.0,0.022918701171875,0.977081298828125,0.0,False,,conservar,radiopedia_0581.npz,pendiente de identificar pacientes,0.0,0.0,0.0229034423828125,0.9770965576171875,False
radiopedia_0582,radiopedia,582,True,-1334.57275390625,136.52835083007812,-455.49155753262175,522.4634000356183,52d2deb8941115c9cdd16e7a673c14f683fbf8646a65450903887bc5011e8062,8ab8c65fde50ab7d02c030b2a41ce8bcebdb6c324deb3ec6dc61bf8238c5da78,True,0,0.0,0.0,0.020938873291015625,0.9790611267089844,0.0,False,,conservar,radiopedia_0582.npz,pendiente de identificar pacientes,0.0,0.0,0.020965576171875,0.979034423828125,False
radiopedia_0583,radiopedia,583,True,-1334.57275390625,136.52835083007812,-455.41084768029714,522.023000621381,38fa3cbb4cf4c125f6896deb8d56206178bda2ffce1fb6af10c0e73ddce262eb,e12889460c2f1dab47efb9fd1bc8dd08dc544b1a820ac85f3c7cdf935a36af2f,True,0,0.0,0.0,0.018741607666015625,0.9812583923339844,0.0,False,,conservar,radiopedia_0583.npz,pendiente de identificar pacientes,0.0,0.0,0.0187530517578125,0.9812469482421875,False
radiopedia_0584,radiopedia,584,True,-1334.57275390625,136.52835083007812,-454.9961335824378,522.9013602315035,5da0240760ab85b02f609e93183958ee53cbb7f209d4204ce3023aa1b83bbee9,7dbb9a4f1c3605bcb24b4644a5332f821c655565a77e4c0cf788388b961daef7,True,0,0.0,0.0,0.017009735107421875,0.9829902648925781,0.0,False,,conservar,radiopedia_0584.npz,pendiente de identificar pacientes,0.0,0.0,0.016998291015625,0.983001708984375,False
radiopedia_0585,radiopedia,585,True,-1334.57275390625,136.52835083007812,-454.6011994645678,523.1875528576298,ae17655b28d3ee02b912c8290cc2f5ab26935dcb386e67b457beba5232497cfd,d4aa5e63e0c7642e39efa75fe9680555da2808119959c5157acae53c03385683,True,0,0.0,0.0,0.015026092529296875,0.9849739074707031,0.0,False,,conservar,radiopedia_0585.npz,pendiente de identificar pacientes,0.0,0.0,0.014984130859375,0.985015869140625,False
radiopedia_0586,radiopedia,586,True,-1334.57275390625,136.52835083007812,-454.31299940831013,523.5012849868459,b7b6b8771d4e6539eff7eb0f94a55174aa65a74b5ca176cfb88bb0bc1f3efbd9,ee07600c35347281578dadd2e3f2daa66a00d2b0aaf217c4c76750071b34f37d,True,0,0.0,0.0,0.013217926025390625,0.9867820739746094,0.0,False,,conservar,radiopedia_0586.npz,pendiente de identificar pacientes,0.0,0.0,0.0132598876953125,0.9867401123046875,False
radiopedia_0587,radiopedia,587,True,-1334.57275390625,136.52835083007812,-453.7879686062888,523.8140013833024,b56b48455b77f5809adc4b50b539d5a84265a8e0c0986582261fff4da0ff2a6b,aca8835362ad71a37fc03653aa400dd843085bdda1746f3ec77b8d42c321574b,True,0,0.0,0.0,0.011188507080078125,0.9888114929199219,0.0,False,,conservar,radiopedia_0587.npz,pendiente de identificar pacientes,0.0,0.0,0.01116943359375,0.98883056640625,False
radiopedia_0588,radiopedia,588,True,-1334.57275390625,136.52835083007812,-453.358430225117,523.7813028489757,1300ae10ad7ebd20b1a1b2dd409020a3c7a680a08525294c42a107e33c64e788,a72e30afda2d2022ec934041af213347a7163c8b94418a854ffbf4a4e58b9547,True,0,0.0,0.0,0.00920867919921875,0.9907913208007812,0.0,False,,conservar,radiopedia_0588.npz,pendiente de identificar pacientes,0.0,0.0,0.0091552734375,0.9908447265625,False
radiopedia_0589,radiopedia,589,True,-1334.57275390625,136.52835083007812,-453.1745059194923,523.6417734597484,aa87708f5f836914872136dc00b8d74cf95174f7eac22bb9b3b57470d60b8196,4db6518a46b029e18dc79f75875e704c3bf834581944b879c5f7830e1286ffec,True,0,0.0,0.0,0.007312774658203125,0.9926872253417969,0.0,False,,conservar,radiopedia_0589.npz,pendiente de identificar pacientes,0.0,0.0,0.007232666015625,0.992767333984375,False
radiopedia_0590,radiopedia,590,True,-1334.57275390625,136.52835083007812,-452.9343748955225,523.5335188431213,68e911c602040cc9c1e06c6335a5d43b8640095fb7b099f2c6334bb26939b45d,9ddd253c8c1b47a5727e36ab35e14bf2a3fc933c2df39d22ad841e8d9b5b8f5c,True,0,0.0,0.0,0.005451202392578125,0.9945487976074219,0.0,False,,conservar,radiopedia_0590.npz,pendiente de identificar pacientes,0.0,0.0,0.005523681640625,0.994476318359375,False
radiopedia_0591,radiopedia,591,True,-1334.57275390625,136.52835083007812,-453.0211978546208,523.4617725433994,bfcc931718ab08c2d346c34c69259c269d46810f6ea2afaaea37c384821c9a45,7d3e620d683d7dcb717f25cd8ed33a3b0df12853c416bec4477af3215b13c3e9,True,0,0.0,0.0,0.00399017333984375,0.9960098266601562,0.0,False,,conservar,radiopedia_0591.npz,pendiente de identificar pacientes,0.0,0.0,0.0039825439453125,0.9960174560546875,False
radiopedia_0592,radiopedia,592,True,-1334.57275390625,136.52835083007812,-453.32982304740153,523.5991593757642,0e4396a1b24fe2ce12133003e5899a942b90431feb523a4045698b0b737e7faa,9560eb3d06394499d2d7d10ddf18a6f4b42b118fb89c8cf24a28304314711259,True,0,0.0,0.0,0.002574920654296875,0.9974250793457031,0.0,False,,conservar,radiopedia_0592.npz,pendiente de identificar pacientes,0.0,0.0,0.0025634765625,0.9974365234375,False
radiopedia_0593,radiopedia,593,True,-1334.57275390625,136.52835083007812,-453.56421179073004,523.8350246337,9cf07c506f1d97bef14fade8c46028b5fff018b05fe1c1c566652f1e45e30ac7,5b04d023a00cee2525318b8bffeb9bab47421d48efd81e99a54c247f766a53a6,True,0,0.0,0.0,0.001224517822265625,0.9987754821777344,0.0,False,,conservar,radiopedia_0593.npz,pendiente de identificar pacientes,0.0,0.0,0.0012664794921875,0.9987335205078125,False
radiopedia_0594,radiopedia,594,True,-1334.57275390625,136.52835083007812,-454.1045468662069,524.5280489501635,96a3abb2920b9e32874c2cd4bd262269ef5029388c768dc8ec0cf646e4404776,956bfad6acc750623ca424a01c59d307d5f4a73c82c8bec0240a6d581d1b20bd,True,0,0.0,0.0,0.000392913818359375,0.9996070861816406,0.0,False,,conservar,radiopedia_0594.npz,pendiente de identificar pacientes,0.0,0.0,0.00042724609375,0.99957275390625,False
radiopedia_0595,radiopedia,595,True,-1334.57275390625,136.52835083007812,-454.9942571397946,524.9261358581874,8edece9ad319a11d764311139f30d35f84fa4692270fcebb3e44ce96161b117c,af3ba14b42745a453cb52873b4dc87ae237ead2e9def29784cf00c30b6c49e24,True,0,0.0,0.0,4.9591064453125e-05,0.9999504089355469,0.0,False,,conservar,radiopedia_0595.npz,pendiente de identificar pacientes,0.0,0.0,4.57763671875e-05,0.9999542236328125,False
radiopedia_0596,radiopedia,596,True,-1334.57275390625,136.52835083007812,-455.6742313768623,525.4090997675925,962bb28034556341e2af9c62868362ff794da287b2b244821c269d99c68c8845,836e63b9c97a81c1e75c711a1593cd098ca867c5c888a0baa4f599758b788647,True,0,0.0,0.0,0.0,1.0,0.0,False,,conservar,radiopedia_0596.npz,pendiente de identificar pacientes,0.0,0.0,0.0,1.0,False
radiopedia_0597,radiopedia,597,True,-1334.57275390625,136.52835083007812,-457.0134527170594,525.766524174229,aaa76676030b60086d3462ae09b0043688088defd2159164485cbb7857d59190,836e63b9c97a81c1e75c711a1593cd098ca867c5c888a0baa4f599758b788647,True,0,0.0,0.0,0.0,1.0,0.0,False,,conservar,radiopedia_0597.npz,pendiente de identificar pacientes,0.0,0.0,0.0,1.0,False
radiopedia_0598,radiopedia,598,True,-1334.57275390625,136.52835083007812,-458.20430542998247,525.6309949809728,4f9f8ad2222afdd13605b6ea7e177608d286e84de6795a9887f3aa8f988d8c99,836e63b9c97a81c1e75c711a1593cd098ca867c5c888a0baa4f599758b788647,True,0,0.0,0.0,0.0,1.0,0.0,False,,conservar,radiopedia_0598.npz,pendiente de identificar pacientes,0.0,0.0,0.0,1.0,False
radiopedia_0599,radiopedia,599,True,-1334.57275390625,136.52835083007812,-458.7866618714411,525.3614586205587,60ab30a24b2112bba1a8f52826f0daf5072f62dc350303e21a91decacff1bee6,836e63b9c97a81c1e75c711a1593cd098ca867c5c888a0baa4f599758b788647,True,0,0.0,0.0,0.0,1.0,0.0,False,,conservar,radiopedia_0599.npz,pendiente de identificar pacientes,0.0,0.0,0.0,1.0,False
radiopedia_0600,radiopedia,600,True,-1334.57275390625,136.52835083007812,-460.06166843979236,524.5665839122521,7a9ed2372df772eca2d566c283a7f39ea6a840c484d30745273c2fa4e375a704,836e63b9c97a81c1e75c711a1593cd098ca867c5c888a0baa4f599758b788647,True,0,0.0,0.0,0.0,1.0,0.0,False,,conservar,radiopedia_0600.npz,pendiente de identificar pacientes,0.0,0.0,0.0,1.0,False
radiopedia_0601,radiopedia,601,True,-1334.57275390625,136.52835083007812,-461.7343933013476,523.9343591628344,60c2e7290ba3306d4a98b951df4e8f2030eb7028f6cb0ee2216dc9a989d9db5b,836e63b9c97a81c1e75c711a1593cd098ca867c5c888a0baa4f599758b788647,True,0,0.0,0.0,0.0,1.0,0.0,False,,conservar,radiopedia_0601.npz,pendiente de identificar pacientes,0.0,0.0,0.0,1.0,False
radiopedia_0602,radiopedia,602,True,-1334.57275390625,136.52835083007812,-463.09564594277435,523.7229701755283,bb4b898403f75d4a5d96de3e7774e44619f9d75b252a519f9fc9a164ce56b706,836e63b9c97a81c1e75c711a1593cd098ca867c5c888a0baa4f599758b788647,True,0,0.0,0.0,0.0,1.0,0.0,False,,conservar,radiopedia_0602.npz,pendiente de identificar pacientes,0.0,0.0,0.0,1.0,False
radiopedia_0603,radiopedia,603,True,-1334.57275390625,136.52835083007812,-463.8252214448621,523.7466865964626,851c9d9d5038e8cf7b7b1c5268586ea2637828fa4355ceb85d8c79cdc7ad2c72,836e63b9c97a81c1e75c711a1593cd098ca867c5c888a0baa4f599758b788647,True,0,0.0,0.0,0.0,1.0,0.0,False,,conservar,radiopedia_0603.npz,pendiente de identificar pacientes,0.0,0.0,0.0,1.0,False
radiopedia_0604,radiopedia,604,True,-1334.57275390625,136.52835083007812,-464.5083245205233,523.8290963097743,62a3d0c6f4eb9c4c909b36e23e2fb324eb2a85084ea7aadcf6b3bbea61c82f1f,836e63b9c97a81c1e75c711a1593cd098ca867c5c888a0baa4f599758b788647,True,0,0.0,0.0,0.0,1.0,0.0,False,,conservar,radiopedia_0604.npz,pendiente de identificar pacientes,0.0,0.0,0.0,1.0,False
radiopedia_0605,radiopedia,605,True,-1334.57275390625,136.52835083007812,-465.4668718684484,524.3995319096942,fc2d6803a54aa242afcab83def1e9a75df7a18f991732b6696258b32523f5777,836e63b9c97a81c1e75c711a1593cd098ca867c5c888a0baa4f599758b788647,True,0,0.0,0.0,0.0,1.0,0.0,False,,conservar,radiopedia_0605.npz,pendiente de identificar pacientes,0.0,0.0,0.0,1.0,False
radiopedia_0606,radiopedia,606,True,-1334.57275390625,136.52835083007812,-466.8761908742481,524.7077068272257,4a4914ddc48b20ccb0133d1765d2e2701255aaf835341484d4bae5d8256bc80c,836e63b9c97a81c1e75c711a1593cd098ca867c5c888a0baa4f599758b788647,True,0,0.0,0.0,0.0,1.0,0.0,False,,conservar,radiopedia_0606.npz,pendiente de identificar pacientes,0.0,0.0,0.0,1.0,False
radiopedia_0607,radiopedia,607,True,-1334.57275390625,136.52835083007812,-468.3275928008288,524.5468069506449,6bb90c962e0b8564f7f7403b1b95162865fbbeafde59e55448df7ecd0ec786f2,836e63b9c97a81c1e75c711a1593cd098ca867c5c888a0baa4f599758b788647,True,0,0.0,0.0,0.0,1.0,0.0,False,,conservar,radiopedia_0607.npz,pendiente de identificar pacientes,0.0,0.0,0.0,1.0,False
radiopedia_0608,radiopedia,608,True,-1334.57275390625,136.52835083007812,-469.2819085182291,525.2042727742056,6a94e87b08b4bbf9bf798bc93e13eea76e04d95807c71d2ecf68167c857e4958,836e63b9c97a81c1e75c711a1593cd098ca867c5c888a0baa4f599758b788647,True,0,0.0,0.0,0.0,1.0,0.0,False,,conservar,radiopedia_0608.npz,pendiente de identificar pacientes,0.0,0.0,0.0,1.0,False
radiopedia_0609,radiopedia,609,True,-1334.57275390625,136.52835083007812,-469.8633605719215,525.3735474321265,33412f6b7ebd514c3b4e8c1cbed870ac249343c5f0cd9c24ad4ca003a9379aa8,836e63b9c97a81c1e75c711a1593cd098ca867c5c888a0baa4f599758b788647,True,0,0.0,0.0,0.0,1.0,0.0,False,,conservar,radiopedia_0609.npz,pendiente de identificar pacientes,0.0,0.0,0.0,1.0,False
radiopedia_0610,radiopedia,610,True,-1334.57275390625,136.52835083007812,-471.0832435186526,525.5216308878198,4e163ac58420cf2e552f35954b92353512c7fb2c23a4a9fa26702567d004d42e,836e63b9c97a81c1e75c711a1593cd098ca867c5c888a0baa4f599758b788647,True,0,0.0,0.0,0.0,1.0,0.0,False,,conservar,radiopedia_0610.npz,pendiente de identificar pacientes,0.0,0.0,0.0,1.0,False
radiopedia_0611,radiopedia,611,True,-1334.57275390625,136.52835083007812,-472.12687825929834,525.4218458829121,4c4ff2904b4bab5d1d5056a9f44a1612284135a0755769edb61a9260a303c3ee,836e63b9c97a81c1e75c711a1593cd098ca867c5c888a0baa4f599758b788647,True,0,0.0,0.0,0.0,1.0,0.0,False,,conservar,radiopedia_0611.npz,pendiente de identificar pacientes,0.0,0.0,0.0,1.0,False
radiopedia_0612,radiopedia,612,True,-1334.57275390625,136.52835083007812,-473.0392110772268,525.5352206597817,f2ca5f62771e47e15cdf5e71b3a3f933106aa267bb81285aa845b2790ac9c1e4,836e63b9c97a81c1e75c711a1593cd098ca867c5c888a0baa4f599758b788647,True,0,0.0,0.0,0.0,1.0,0.0,False,,conservar,radiopedia_0612.npz,pendiente de identificar pacientes,0.0,0.0,0.0,1.0,False
radiopedia_0613,radiopedia,613,True,-1334.57275390625,136.52835083007812,-473.84026919601047,526.254043742206,498a8766856a0576bac5d88d84ff2426f6f71a014236c439ac1787d6e375b2b0,836e63b9c97a81c1e75c711a1593cd098ca867c5c888a0baa4f599758b788647,True,0,0.0,0.0,0.0,1.0,0.0,False,,conservar,radiopedia_0613.npz,pendiente de identificar pacientes,0.0,0.0,0.0,1.0,False
radiopedia_0614,radiopedia,614,True,-1334.57275390625,136.52835083007812,-474.99833405384743,526.7746653889063,5ff783dca3deb05625709bd21ee939105b7385afbfe68d97ee26afb177e4bf5a,836e63b9c97a81c1e75c711a1593cd098ca867c5c888a0baa4f599758b788647,True,0,0.0,0.0,0.0,1.0,0.0,False,,conservar,radiopedia_0614.npz,pendiente de identificar pacientes,0.0,0.0,0.0,1.0,False
radiopedia_0615,radiopedia,615,True,-1334.57275390625,136.52835083007812,-476.21536357016885,527.4098453863612,4268c2f7a7c6026d797c811ad6f82cb233f3d8d97498b994e194571c853a2acb,836e63b9c97a81c1e75c711a1593cd098ca867c5c888a0baa4f599758b788647,True,0,0.0,0.0,0.0,1.0,0.0,False,,conservar,radiopedia_0615.npz,pendiente de identificar pacientes,0.0,0.0,0.0,1.0,False
radiopedia_0616,radiopedia,616,True,-1334.57275390625,136.52835083007812,-477.1117836920389,527.4510408783137,6361a364636b73e1a40acd0db82f53c1dca45acc7537de3bd9e127f7b3d93e2a,836e63b9c97a81c1e75c711a1593cd098ca867c5c888a0baa4f599758b788647,True,0,0.0,0.0,0.0,1.0,0.0,False,,conservar,radiopedia_0616.npz,pendiente de identificar pacientes,0.0,0.0,0.0,1.0,False
radiopedia_0617,radiopedia,617,True,-1334.57275390625,136.52835083007812,-478.6856473495286,527.5785004776299,43a7fcc8aae7115e9efc705caa8fccc55064aca2f53df7b9e53ef33c9f87cdcc,836e63b9c97a81c1e75c711a1593cd098ca867c5c888a0baa4f599758b788647,True,0,0.0,0.0,0.0,1.0,0.0,False,,conservar,radiopedia_0617.npz,pendiente de identificar pacientes,0.0,0.0,0.0,1.0,False
radiopedia_0618,radiopedia,618,True,-1334.57275390625,136.52835083007812,-480.49011365072874,527.3525742051897,e4cc6e4ae01b0022a888c070c70c4731a62b83b9346d0a91c4336bfb526727cd,836e63b9c97a81c1e75c711a1593cd098ca867c5c888a0baa4f599758b788647,True,0,0.0,0.0,0.0,1.0,0.0,False,,conservar,radiopedia_0618.npz,pendiente de identificar pacientes,0.0,0.0,0.0,1.0,False
radiopedia_0619,radiopedia,619,True,-1414.765380859375,212.7372589111328,-403.8226792762616,521.1708745864311,d4c5cca38326e47a68f20877648eaa8c92506f835d042987e7a88e67e92d36d7,836e63b9c97a81c1e75c711a1593cd098ca867c5c888a0baa4f599758b788647,True,0,0.0,0.0,0.0,1.0,0.0,False,,conservar,radiopedia_0619.npz,pendiente de identificar pacientes,0.0,0.0,0.0,1.0,False
radiopedia_0620,radiopedia,620,True,-1414.765380859375,212.7372589111328,-405.3465732113855,521.8333942259553,4a2a9f651ccec36bbee7614abbad9f06a827ce45eef389cc1abae29b98bd7757,65b861edcb68fdc3eefd0daccc5dd5466c31aa01384871ceeacf7f9dcd355354,True,0,1.1444091796875e-05,0.0,0.0083465576171875,0.9916419982910156,1.1444091796875e-05,False,,conservar,radiopedia_0620.npz,pendiente de identificar pacientes,0.0,0.0,0.0082550048828125,0.9917449951171875,True
radiopedia_0621,radiopedia,621,True,-1414.765380859375,212.7372589111328,-416.26931853063434,521.3619677370651,4cd8fb35aeeb695631baefc07e5203b60f54acd55f290c2622beb8240290bba5,cd9f2df3285138d9597ccf3a0f0c51259348a7bcd4da6705277a77b1292777cd,True,0,0.0,0.0,0.030368804931640625,0.9696311950683594,0.0,False,,conservar,radiopedia_0621.npz,pendiente de identificar pacientes,0.0,0.0,0.030364990234375,0.969635009765625,False
radiopedia_0622,radiopedia,622,True,-1414.765380859375,212.7372589111328,-426.2259890257392,520.126812644918,0223bec44d2dc8d9a381b21207917550167a26711af5b59b670b762fab430ebc,bc5e9bed3d4a464c32d6f813ea8e7f050cf760f6b8bf174711ff952a92108ce6,True,35,0.0015869140625,0.0,0.051288604736328125,0.9472579956054688,0.0015869140625,False,,conservar,radiopedia_0622.npz,pendiente de identificar pacientes,0.0015716552734375,0.0,0.051300048828125,0.9471282958984375,False
radiopedia_0623,radiopedia,623,True,-1414.765380859375,212.7372589111328,-433.51606730619824,517.3740525775195,a6061d81ca8d9cbf2f32e1c2e46bb80c2f1ed69bf75d438137cf248ae890e2d8,50fd54824e746caa9cbddefb3cb15c32cbab8e8397662a39e3f383d2b1859ee4,True,160,0.003704071044921875,0.000736236572265625,0.0677642822265625,0.92840576171875,0.0044403076171875,False,,conservar,radiopedia_0623.npz,pendiente de identificar pacientes,0.003631591796875,0.0007476806640625,0.067840576171875,0.9277801513671875,False
radiopedia_0624,radiopedia,624,True,-1414.765380859375,212.7372589111328,-442.72778450265105,512.2048422718308,c1007605472a3c60b16d0d1194abc77a106787709622d5bf6fb037864362ea7f,60b98d06fde6a0374d18f9ec9f2979e5e55695e7de9d77d232abc2532ae28b5f,True,40,0.007076263427734375,0.002407073974609375,0.08408737182617188,0.9065818786621094,0.00948333740234375,False,,conservar,radiopedia_0624.npz,pendiente de identificar pacientes,0.00714111328125,0.00250244140625,0.0837249755859375,0.9066314697265625,False
radiopedia_0625,radiopedia,625,True,-1414.765380859375,212.7372589111328,-452.18762456510376,508.949054471749,0db468dceb1a1e55ff9bdef7a258346d50e8c2f2d3a56533630bb77069da6fa7,7d861993958251f4157cd4cf4e324c58e25257846f432fed8478d5ed00d63467,True,25,0.007171630859375,0.002071380615234375,0.10531997680664062,0.8855323791503906,0.009243011474609375,False,,conservar,radiopedia_0625.npz,pendiente de identificar pacientes,0.0071258544921875,0.0020751953125,0.105255126953125,0.8855438232421875,False
radiopedia_0626,radiopedia,626,True,-1414.765380859375,212.7372589111328,-458.18082167069406,506.1426262155573,a5012acd3056d5874b523159d25d04df565b82a14dba5227b1f705e4561d8fb6,a9d0b085e9f5c9e61acb51da424321c917bb34e3fc93755127b8ec5a4e6d85f5,True,21,0.007610321044921875,0.003246307373046875,0.12623214721679688,0.8629913330078125,0.01085662841796875,False,,conservar,radiopedia_0626.npz,pendiente de identificar pacientes,0.007598876953125,0.00323486328125,0.1263275146484375,0.8628387451171875,False
radiopedia_0627,radiopedia,627,True,-1414.765380859375,212.7372589111328,-466.66445788174497,501.77238527195624,039fdbfea68054547a9c37e1a009f747c086a0fe3e5694767b7b0c57dbd94c40,5b6a59a67ac86a981b738612c60f884ea0ef87ea7fa10264280e03b014ca6a45,True,35,0.006534576416015625,0.003231048583984375,0.1418609619140625,0.8485069274902344,0.009765625,False,,conservar,radiopedia_0627.npz,pendiente de identificar pacientes,0.0065460205078125,0.003265380859375,0.141845703125,0.8483428955078125,False
radiopedia_0628,radiopedia,628,True,-1414.765380859375,212.7372589111328,-470.1222518423474,502.1657741068368,2b354075a955bed33a74526ad4f8713c996c2f991fbc747bb8f1b9704f68fdd4,2127cb939f1be9b2a4b05859891b18bf3e0038254114ef7e14fb588d35b70694,True,20,0.009853363037109375,0.0031890869140625,0.15540313720703125,0.8316307067871094,0.013042449951171875,False,,conservar,radiopedia_0628.npz,pendiente de identificar pacientes,0.010101318359375,0.0030975341796875,0.1552581787109375,0.83154296875,False
radiopedia_0629,radiopedia,629,True,-1414.765380859375,212.7372589111328,-475.6428999105174,502.49253999544794,70a0291ff661a8de0a71873b435e8c2bb5ddd9698e8945ac460fb7d775f96b1c,36911ba25c8ab2256939df2d1a2b34b126c865253143dc97e7472f7f961dc73c,True,16,0.011386871337890625,0.004852294921875,0.17011260986328125,0.8137092590332031,0.016239166259765625,False,,conservar,radiopedia_0629.npz,pendiente de identificar pacientes,0.0114593505859375,0.0048675537109375,0.16998291015625,0.813690185546875,False
radiopedia_0630,radiopedia,630,True,-1414.765380859375,212.7372589111328,-478.23892667456494,498.93566013559314,fa50b438dba5de95caa3931632c65a730648740b1a0e9cf80bf998104e3fc1f8,548333e4f49576a719889278f3d34f30648c3e9390495b9781d4bd6dcaf99caf,True,37,0.015411376953125,0.0052490234375,0.18076324462890625,0.7987174987792969,0.020660400390625,False,,conservar,radiopedia_0630.npz,pendiente de identificar pacientes,0.0153656005859375,0.005218505859375,0.1810150146484375,0.79840087890625,False
radiopedia_0631,radiopedia,631,True,-1414.765380859375,212.7372589111328,-486.1061545743378,496.34035440011166,ae4ea7f7d844850522014536270fa0115228b8c709a45a76f51c677f4444ca6e,ed2605cb76f02c2697039bc13bb59131eda646864f7e1a9965b8f7b537989473,True,50,0.018329620361328125,0.00370025634765625,0.19086456298828125,0.7872962951660156,0.022029876708984375,False,,conservar,radiopedia_0631.npz,pendiente de identificar pacientes,0.0182342529296875,0.0036468505859375,0.19110107421875,0.787017822265625,False
radiopedia_0632,radiopedia,632,True,-1414.765380859375,212.7372589111328,-489.4923975929578,495.9721635757904,445ab94ac2828b68305ae5e8eb001b99c66996e9729fe6e6cf2bfc1a5910fbb3,24cbfb75a3dd7e8278146246c55d26b60d2ba271910eede519dc3c10d88c261c,True,26,0.02025604248046875,0.0035858154296875,0.2006378173828125,0.7756195068359375,0.02384185791015625,False,,conservar,radiopedia_0632.npz,pendiente de identificar pacientes,0.020263671875,0.003662109375,0.20050048828125,0.77557373046875,False
radiopedia_0633,radiopedia,633,True,-1414.765380859375,212.7372589111328,-491.63647700064394,495.4879786833101,44558749b2eb6292f23857fa515e7311a19d0aa099b2836ce7dde12b049029d7,73e8c9374f6317366308c744f19a2db9a8fadce348463023c20ce276c8e3f655,True,20,0.01564788818359375,0.004486083984375,0.211334228515625,0.7686080932617188,0.02013397216796875,False,,conservar,radiopedia_0633.npz,pendiente de identificar pacientes,0.0157012939453125,0.004425048828125,0.2111663818359375,0.768707275390625,False
radiopedia_0634,radiopedia,634,True,-1414.765380859375,212.7372589111328,-488.14008592350547,492.142719977621,564e80901cfc85c1999d6b795fe64e740df908488fc03febe0cd79c6be09a8ad,8ea1d940ef4bec4aec7f35be863c9d23b19bfd997e77b820f37431c4ace25284,True,16,0.01515960693359375,0.0042266845703125,0.211822509765625,0.7688522338867188,0.01938629150390625,False,,conservar,radiopedia_0634.npz,pendiente de identificar pacientes,0.015167236328125,0.004180908203125,0.2116851806640625,0.7689666748046875,False
radiopedia_0635,radiopedia,635,True,-1414.765380859375,212.7372589111328,-480.3008781852459,491.03078544647445,2175698314953e51e3edf25a965fc41ccbd2cae7e7f3a7347565948b79876b0e,0acebd91961803dbc91fac141ede77f707da73f61a834568744ab53426a2d6ae,True,12,0.016082763671875,0.007083892822265625,0.20871353149414062,0.7681655883789062,0.023166656494140625,False,,conservar,radiopedia_0635.npz,pendiente de identificar pacientes,0.015869140625,0.0070953369140625,0.2088470458984375,0.7681884765625,False
radiopedia_0636,radiopedia,636,True,-1414.765380859375,212.7372589111328,-477.4780493843573,492.1711046199521,ce97b99656541b34b9b015c10b94799e07b5f1e78c9150ccbc376a947f2ac1f8,49b6a6c16a941d7575ccd9124b43579b0cef67eda06edaecb782d3a7dd85c194,True,33,0.013698577880859375,0.01152801513671875,0.211181640625,0.7637176513671875,0.025226593017578125,False,,conservar,radiopedia_0636.npz,pendiente de identificar pacientes,0.0139007568359375,0.01141357421875,0.2110748291015625,0.76361083984375,False
radiopedia_0637,radiopedia,637,True,-1414.765380859375,212.7372589111328,-472.91268329624836,493.453596197163,3427c67be8bedb21f7bc669f08bef156a990821d50be162469336e9f9e1d4122,5fe5852290ac064245e740070ba75b9588d5fee5a5f93aad5252739cce96834e,True,59,0.0106964111328125,0.012371063232421875,0.2158050537109375,0.7613525390625,0.023067474365234375,False,,conservar,radiopedia_0637.npz,pendiente de identificar pacientes,0.0107269287109375,0.012237548828125,0.2159423828125,0.7610931396484375,False
radiopedia_0638,radiopedia,638,True,-1414.765380859375,212.7372589111328,-475.77197603165405,492.06218056740636,263a56187584328821eeba613f85ed4565187812295dbe6a99c053f5f3d00ee1,2ea381f1d3b45aad7a2c362a5a8f04257970f70904e09bc832cdfcc17678ad95,True,109,0.010593414306640625,0.009273529052734375,0.21787643432617188,0.7626724243164062,0.019866943359375,False,,conservar,radiopedia_0638.npz,pendiente de identificar pacientes,0.0106048583984375,0.00921630859375,0.2178802490234375,0.762298583984375,False
radiopedia_0639,radiopedia,639,True,-1414.765380859375,212.7372589111328,-473.2642691943911,493.2655812351779,f48095379531fd30f6020073cd6de9d4fee363500544055419a9f83200657492,746c666d31e6c9942baeacefe690255b3ce8f1bf5ef2540aa25d50d9cbe769b6,True,71,0.00704193115234375,0.009372711181640625,0.2197113037109375,0.7641448974609375,0.016414642333984375,False,,conservar,radiopedia_0639.npz,pendiente de identificar pacientes,0.0070037841796875,0.0093231201171875,0.21966552734375,0.764007568359375,False
radiopedia_0640,radiopedia,640,True,-1414.765380859375,212.7372589111328,-470.0269825171399,494.3822170853686,510e015c037b3474e433d24ff70c7b85a0587a31647266a196b8edca417f95e5,6d79421009e8baa38511a6eaa42ff31e07e436dc16c63371f789d60204c85d41,True,407,0.010120391845703125,0.008693695068359375,0.2171783447265625,0.7655601501464844,0.0188140869140625,False,,conservar,radiopedia_0640.npz,pendiente de identificar pacientes,0.0101470947265625,0.0087738037109375,0.217041015625,0.7640380859375,False
radiopedia_0641,radiopedia,641,True,-1414.765380859375,212.7372589111328,-467.6760455972344,496.009903109856,9c238aa652440ade7ed855e890d7d7e48ba34d6cb4069a108a41f764d4cf81db,7ab3562a6fe11e643f53f2237aeeca411000ab650d187a1f0f6d3a60653936f1,True,234,0.00799560546875,0.01087188720703125,0.21897506713867188,0.7630500793457031,0.01886749267578125,False,,conservar,radiopedia_0641.npz,pendiente de identificar pacientes,0.008026123046875,0.0108184814453125,0.21893310546875,0.7622222900390625,False
radiopedia_0642,radiopedia,642,True,-1414.765380859375,212.7372589111328,-469.4565011789582,495.37329965318025,657a360cd3fd58d2dab26a6e5d9f235f9782b3965ea0a9164a12e0a826aeb3fd,1fa4bd2033dafe17f619f07de27fab1012d48d0aeb9ee9acc4b904414f5f168a,True,352,0.012584686279296875,0.011272430419921875,0.21580123901367188,0.7616844177246094,0.02385711669921875,False,,conservar,radiopedia_0642.npz,pendiente de identificar pacientes,0.01263427734375,0.01116943359375,0.215789794921875,0.760406494140625,False
radiopedia_0643,radiopedia,643,True,-1414.765380859375,212.7372589111328,-464.0313199206048,497.112109712101,00ba418f6a79c51b7d9da943a4625dd7a09c3405f7f3fe12073cfaace9917e29,9794cf63f7d29d94e11bf8546e470b74ea86cf9cf3100bceda4e763c07b14058,True,249,0.013210296630859375,0.012603759765625,0.21099472045898438,0.7641410827636719,0.025814056396484375,False,,conservar,radiopedia_0643.npz,pendiente de identificar pacientes,0.01318359375,0.0126953125,0.2110748291015625,0.7630462646484375,False
radiopedia_0644,radiopedia,644,True,-1414.765380859375,212.7372589111328,-467.63993427990135,498.20445906477823,85d6b7cda5e7460650d8d049076497ab7754b9a3c1c8f72c556a917ec508e3f1,f1188b8572c99858af1c3ac5edc5b7bec7cb2cc58c3c5fa774dbcba97b2bbe43,True,56,0.014575958251953125,0.010921478271484375,0.214447021484375,0.7602691650390625,0.0254974365234375,False,,conservar,radiopedia_0644.npz,pendiente de identificar pacientes,0.0146331787109375,0.0108489990234375,0.214263916015625,0.76025390625,False
radiopedia_0645,radiopedia,645,True,-1414.765380859375,212.7372589111328,-467.4307976527052,497.0530323872433,f32564abc5b42c47262b6c0eeb91629f25b648614cfcc6f38409fa8ec884f9da,2ef42b2ad6fc6afeddf98fcc581b381176472e6f22f101dce26b7a7543dffa4b,True,175,0.015239715576171875,0.009334564208984375,0.21823883056640625,0.7578544616699219,0.02457427978515625,False,,conservar,radiopedia_0645.npz,pendiente de identificar pacientes,0.01513671875,0.0093994140625,0.2181854248046875,0.7572784423828125,False
radiopedia_0646,radiopedia,646,True,-1414.765380859375,212.7372589111328,-471.2394063022439,494.35126560161274,85b46883bf64081e272d5da5e07f6b214d5139e652bb489391d28641b03a9451,c82f55048ec0f3608e572ced5114ca7de981ba7f46ac55901b2cbdecc5ccea39,True,179,0.017177581787109375,0.008686065673828125,0.22336196899414062,0.7514572143554688,0.0258636474609375,False,,conservar,radiopedia_0646.npz,pendiente de identificar pacientes,0.0171051025390625,0.0086212158203125,0.2234649658203125,0.7508087158203125,False
radiopedia_0647,radiopedia,647,True,-1414.765380859375,212.7372589111328,-462.6195048244317,492.82234744921794,844ea6dcf5dfec439503545dd0baf9a37ad40b83cedb3737b9e47bdd1d553bfb,6b1c704cdd5fa6ad6e49dec959d0ba14bcb734c18b142f7bcbba1263ed0966a6,True,153,0.020107269287109375,0.0087432861328125,0.22226333618164062,0.7494697570800781,0.028850555419921875,False,,conservar,radiopedia_0647.npz,pendiente de identificar pacientes,0.0201416015625,0.008758544921875,0.2222137451171875,0.7488861083984375,False
radiopedia_0648,radiopedia,648,True,-1414.765380859375,212.7372589111328,-457.7432237494904,489.9994307707401,b6ac28d71f7aac4b43b641610bafa6f3f462e5cf2ce8aadab03f5709b57634f7,ccbfd3719af653d922939259d3cb38749676bd36b7c5d46b11182537991bf454,True,195,0.029949188232421875,0.0091400146484375,0.21949386596679688,0.7421607971191406,0.039089202880859375,False,,conservar,radiopedia_0648.npz,pendiente de identificar pacientes,0.0301361083984375,0.0090484619140625,0.2191925048828125,0.7416229248046875,False
radiopedia_0649,radiopedia,649,True,-1414.765380859375,212.7372589111328,-441.42038285049057,485.4396002199474,73510c0c8a7047f5ed6d2fad8b49287830a9c77e9ad53e122b7610a382284667,b833e8dd44f6126f2d9fb31f8a38bc4b935925d4c0fa47dcd8ff8d1a8ab5f22a,True,84,0.048675537109375,0.0078125,0.1984710693359375,0.745361328125,0.056488037109375,False,,conservar,radiopedia_0649.npz,pendiente de identificar pacientes,0.0485992431640625,0.0077972412109375,0.19879150390625,0.74481201171875,False
radiopedia_0650,radiopedia,650,True,-1414.765380859375,212.7372589111328,-438.3771078466689,485.3517593802997,43fc1d61639de64d390fd1ac82f8fcac51d948467af9f71306bd86692f49f6cb,68f5dab0757788cf92dbdc9a600e6e78d2d89726001c12e9316753f87b039920,True,88,0.059474945068359375,0.008220672607421875,0.19242477416992188,0.7402153015136719,0.06769561767578125,False,,conservar,radiopedia_0650.npz,pendiente de identificar pacientes,0.0592803955078125,0.008270263671875,0.19268798828125,0.7397613525390625,False
radiopedia_0651,radiopedia,651,True,-1414.765380859375,212.7372589111328,-434.1242610748377,483.37127468593815,0d8e685c369fe704413acfb74b1255af5f1e260af93f4383053bbb655a508a31,240f23e68fe20ea82dfc954b42321e3d3820ea17e0f9060ae06b913303ebb645,True,341,0.06943511962890625,0.00861358642578125,0.18635177612304688,0.7369003295898438,0.0780487060546875,False,,conservar,radiopedia_0651.npz,pendiente de identificar pacientes,0.0690155029296875,0.0087127685546875,0.186737060546875,0.73553466796875,False
radiopedia_0652,radiopedia,652,True,-1414.765380859375,212.7372589111328,-440.8758449409652,484.17451879533166,8b2772ff5e47d2da6bbb504d3298f4535fb04acf04ae08bda1220987a5bec4da,0e689ba3460fdc775e0a54212cb827ac6e6df688725ba83821ec4a26c32bcf0e,True,82,0.06273651123046875,0.012966156005859375,0.18601608276367188,0.7385940551757812,0.07570266723632812,False,,conservar,radiopedia_0652.npz,pendiente de identificar pacientes,0.062774658203125,0.0130615234375,0.1861724853515625,0.7379913330078125,False
radiopedia_0653,radiopedia,653,True,-1414.765380859375,212.7372589111328,-438.8652467208085,484.86500619238365,299f8df2767c2c0ce9afe36ad8543d416a83ad0c27ec2867c7681e6fed6e6374,240849ca2fb233cc7e7d0b451ce67e218807dda6a59a06a10b52192caf0ee358,True,274,0.06463623046875,0.010166168212890625,0.17979049682617188,0.7464523315429688,0.07480239868164062,False,,conservar,radiopedia_0653.npz,pendiente de identificar pacientes,0.0645904541015625,0.0101470947265625,0.1798095703125,0.745452880859375,False
radiopedia_0654,radiopedia,654,True,-1414.765380859375,212.7372589111328,-442.03614911654404,493.0908473268237,764150a202fd64fa67f331222f8938451d3e022c23225c4956bd6ea7bb4b3cf4,c856f1cc480ed871d43ce1c99eed20d94d820928b069a2fe3e150ab9e5561227,True,141,0.0622711181640625,0.01180267333984375,0.16584396362304688,0.7606201171875,0.07407379150390625,False,,conservar,radiopedia_0654.npz,pendiente de identificar pacientes,0.0621795654296875,0.0118865966796875,0.165863037109375,0.76007080078125,False
radiopedia_0655,radiopedia,655,True,-1414.765380859375,212.7372589111328,-422.0253649119022,492.6680054182839,2d43ecd28ec599a4d448f14d139edc907b01694f0dcb15caf8d1d9cbe154ba06,d74431ab5f7e2530b0c7241b176b74bea7483f4972f912ea3d4b4aa9c029039f,True,121,0.0636749267578125,0.00875091552734375,0.13605117797851562,0.7919845581054688,0.07242584228515625,False,,conservar,radiopedia_0655.npz,pendiente de identificar pacientes,0.063751220703125,0.0087432861328125,0.1360015869140625,0.79150390625,False
radiopedia_0656,radiopedia,656,True,-1414.765380859375,212.7372589111328,-401.9222924761216,492.3840904015679,006da803083b094977da4bbdc00bcb53e58587ed56a9cf2c5dffb3f35870bfe0,b7cdb9744d475bb3fe91a13e88f3a915421420975c7b8a009b0919e7b3d259de,True,172,0.059597015380859375,0.01214599609375,0.11632919311523438,0.8125839233398438,0.07174301147460938,False,,conservar,radiopedia_0656.npz,pendiente de identificar pacientes,0.0595550537109375,0.0120391845703125,0.116485595703125,0.811920166015625,False
radiopedia_0657,radiopedia,657,True,-1414.765380859375,212.7372589111328,-381.027701180441,493.3560135899366,037ca8e1f5b44b73b49357cc1c946cd7fca03ba1925f7c272423da32b92fcd7d,94c81f391e90d1a8ed5e606e705c1b6df6b68a90fab7553b71fd9c3a64968507,True,270,0.060672760009765625,0.004791259765625,0.09608840942382812,0.8394775390625,0.06546401977539062,False,,conservar,radiopedia_0657.npz,pendiente de identificar pacientes,0.0607757568359375,0.004730224609375,0.096221923828125,0.8382720947265625,False
radiopedia_0658,radiopedia,658,True,-1414.765380859375,212.7372589111328,-356.44511529126976,491.6400953382122,4bfbf724f6564af0e8e986bc9f037b038572dba7e414c1988f9371b1826b8244,f7689aefe64b1efed12426ef6af6563462d32a67c3db8c5baea2493e4b5720c2,True,95,0.043941497802734375,0.0059051513671875,0.08026504516601562,0.8702507019042969,0.049846649169921875,False,,conservar,radiopedia_0658.npz,pendiente de identificar pacientes,0.0440521240234375,0.0059356689453125,0.08013916015625,0.869873046875,False
radiopedia_0659,radiopedia,659,True,-1414.765380859375,212.7372589111328,-327.7535632292311,487.29738317453865,1328dc54e77bfca5250298a5e3652c43cf0a14b232b6b9644dbe1d045e143524,eccdfd943aa7052148b36535418335321e2de141c7c1a101c69a65889af1e1c6,True,82,0.020145416259765625,0.01125335693359375,0.06501007080078125,0.9039039611816406,0.031398773193359375,False,,conservar,radiopedia_0659.npz,pendiente de identificar pacientes,0.0201873779296875,0.0112762451171875,0.0651092529296875,0.9034271240234375,False
radiopedia_0660,radiopedia,660,True,-1414.765380859375,212.7372589111328,-290.5831984096876,475.296130931856,851d7d976e017769b003ea009461413bdf6d04516990bc7211fdd3246e67159d,da582c95eb8023e40d383f73dcede6c3826f5420e34f6ef26c58de24b800e859,True,79,0.0078887939453125,0.00829315185546875,0.04697418212890625,0.9371452331542969,0.01618194580078125,False,,conservar,radiopedia_0660.npz,pendiente de identificar pacientes,0.0080108642578125,0.008209228515625,0.0471649169921875,0.936614990234375,False
radiopedia_0661,radiopedia,661,True,-1414.765380859375,212.7372589111328,-272.84049830969525,469.44864874153825,8003670b46190943a6da4f695313ce204522be059a45a544fd146cfc4f255d3c,09407e466d02581ef5257cb21d44ca4a4dbebaf6643c9b7209e988f8855c4c31,True,1099,0.004344940185546875,0.009044647216796875,0.0258026123046875,0.9650001525878906,0.01338958740234375,False,,conservar,radiopedia_0661.npz,pendiente de identificar pacientes,0.0042877197265625,0.0090179443359375,0.0260467529296875,0.9606475830078125,False
radiopedia_0662,radiopedia,662,True,-1414.765380859375,212.7372589111328,-276.33546927901443,469.0876427323299,e3c01d2f4f09450a9d826d111f30e095e27b5d7a54fee5f615ed4d41d872045f,1a0bef8e7e60027349a931fa8c47acfbd328bdc8af984ed122c7795ab81adf1b,True,857,0.00133514404296875,0.004276275634765625,0.0118408203125,0.9858169555664062,0.005611419677734375,False,,conservar,radiopedia_0662.npz,pendiente de identificar pacientes,0.0012969970703125,0.0042724609375,0.0118865966796875,0.9825439453125,False
radiopedia_0663,radiopedia,663,True,-1414.765380859375,212.7372589111328,-265.60636936304036,466.7632877752555,59193cc839574b6a60fe17bf7079d900a61c1e040939f7c6d8bd269dce91a5e6,35713ebed815d7ebd3f56810679c0b69ffa0106069a419acc4411400d900cd49,True,0,0.0,0.0,0.00098419189453125,0.9990158081054688,0.0,False,,conservar,radiopedia_0663.npz,pendiente de identificar pacientes,0.0,0.0,0.000946044921875,0.999053955078125,False
radiopedia_0664,radiopedia,664,True,-1341.1151123046875,158.76779174804688,-109.95855919177484,343.19503213967783,72ce8a29553fd4ffd327ea04712ccb40603baffcb90c25c08e9c3f2ce2128256,836e63b9c97a81c1e75c711a1593cd098ca867c5c888a0baa4f599758b788647,True,0,0.0,0.0,0.0,1.0,0.0,False,,conservar,radiopedia_0664.npz,pendiente de identificar pacientes,0.0,0.0,0.0,1.0,False
radiopedia_0665,radiopedia,665,True,-1341.1151123046875,158.76779174804688,-109.51850662273864,340.3936778875034,30d94b8ee73f51f43d08c2100d89c568b6158562d507526e54b434601cfa0642,836e63b9c97a81c1e75c711a1593cd098ca867c5c888a0baa4f599758b788647,True,0,0.0,0.0,0.0,1.0,0.0,False,,conservar,radiopedia_0665.npz,pendiente de identificar pacientes,0.0,0.0,0.0,1.0,False
radiopedia_0666,radiopedia,666,True,-1341.1151123046875,158.76779174804688,-111.64509642514895,343.1607338536249,f9ee220bf007f11d28907c7c50a4d3aaae49538e16e3e96937edf4ca668936c1,836e63b9c97a81c1e75c711a1593cd098ca867c5c888a0baa4f599758b788647,True,0,0.0,0.0,0.0,1.0,0.0,False,,conservar,radiopedia_0666.npz,pendiente de identificar pacientes,0.0,0.0,0.0,1.0,False
radiopedia_0667,radiopedia,667,True,-1341.1151123046875,158.76779174804688,-107.08470412419229,343.25860838752163,55ef5409c0fe6f7a9efb53eb80590135d29a5d37b4dc5612665fe5e785a77f29,836e63b9c97a81c1e75c711a1593cd098ca867c5c888a0baa4f599758b788647,True,0,0.0,0.0,0.0,1.0,0.0,False,,conservar,radiopedia_0667.npz,pendiente de identificar pacientes,0.0,0.0,0.0,1.0,False
radiopedia_0668,radiopedia,668,True,-1341.1151123046875,158.76779174804688,-105.66486200599866,341.48512185729544,67e718d5e094373e1dae3e0d1325a4ab07c10a9222ee36dc361d321909d93712,e56799523cf8533fb07b8f542d3f2c33a5c4ae04baf975c94c3bbf7ec19b33f5,True,0,0.0,0.0,0.01169586181640625,0.9883041381835938,0.0,False,,conservar,radiopedia_0668.npz,pendiente de identificar pacientes,0.0,0.0,0.0117034912109375,0.9882965087890625,False
radiopedia_0669,radiopedia,669,True,-1341.1151123046875,158.76779174804688,-106.12290477435636,339.63095373603045,375cfdc3dc62d3193df13e1270fb1f68215492607577d49ebaf3060a972e5a49,9ec1d6d75b2a81aef1a6f626cb91f9f45be45933a2ad1cc6b64a80ce3c8c47bc,True,0,0.0,0.0,0.02356719970703125,0.9764328002929688,0.0,False,,conservar,radiopedia_0669.npz,pendiente de identificar pacientes,0.0,0.0,0.0236663818359375,0.9763336181640625,False
radiopedia_0670,radiopedia,670,True,-1341.1151123046875,158.76779174804688,-112.9017222463226,342.32489784997784,4acba1fded76bb82a08fbff18e400fe7bec3ab96e0bef5371de2820394848cf0,c79b03f64733030b2ec445ae811c0acf5faa02b640b9f253e042f01fdbbadfbf,True,42,0.007175445556640625,0.0,0.032947540283203125,0.9600372314453125,0.007175445556640625,False,,conservar,radiopedia_0670.npz,pendiente de identificar pacientes,0.0071258544921875,0.0,0.033111572265625,0.9597625732421875,False
radiopedia_0671,radiopedia,671,True,-1341.1151123046875,158.76779174804688,-129.1583349003031,348.79380563102666,b3a401880b5feb05040565d69314820d02790861a11babee52609aadfb04192e,8e0359a14ce3c69f8b8940802c9e8c21bc38fb5273fddb035985d150048bf93e,True,116,0.018970489501953125,0.0,0.045536041259765625,0.9359359741210938,0.018970489501953125,False,,conservar,radiopedia_0671.npz,pendiente de identificar pacientes,0.01898193359375,0.0,0.0455474853515625,0.9354705810546875,False
radiopedia_0672,radiopedia,672,True,-1341.1151123046875,158.76779174804688,-148.8437057492447,352.52768663748697,32a094ce1827001982ae079a2bd8bdf854e1a63266cf6d92d8b44572ee6dd807,b4045723b419ed30f6db90d9b1416756a2496cfcab409f69b53438e584e05468,True,101,0.032196044921875,0.0,0.06464385986328125,0.9035453796386719,0.032196044921875,False,,conservar,radiopedia_0672.npz,pendiente de identificar pacientes,0.0320281982421875,0.0,0.0647735595703125,0.9031982421875,False
radiopedia_0673,radiopedia,673,True,-1341.1151123046875,158.76779174804688,-192.06123880098858,371.55218976818423,cf29fafc28d611a80f61faadb9d21a68befe4673777623fab5b34f9812c13aca,af7dcd181913f60e83be17b1da7e901dd2a4427e3bb50b2d9a75827c112300a6,True,90,0.04229736328125,0.0,0.11823272705078125,0.839813232421875,0.04229736328125,False,,conservar,radiopedia_0673.npz,pendiente de identificar pacientes,0.042083740234375,0.0,0.118682861328125,0.8392333984375,False
radiopedia_0674,radiopedia,674,True,-1341.1151123046875,158.76779174804688,-238.0819165497487,392.36358282208755,395a0e923175349777b4184539b2b4c0a6422c18808026b45305329be18bdb37,3dfe418d55a3f7e8f332d1b5d7aca0687e043dca2ab755ade11ce09a226ad37c,True,329,0.050518035888671875,0.010883331298828125,0.1498870849609375,0.7899665832519531,0.0614013671875,False,,conservar,radiopedia_0674.npz,pendiente de identificar pacientes,0.0505523681640625,0.010833740234375,0.1501617431640625,0.7884521484375,False
radiopedia_0675,radiopedia,675,True,-1341.1151123046875,158.76779174804688,-264.3538767887658,399.9977523800462,0c4cb6510f5211de1a105aec254dad4052de5c4ce5d141ebaeeb169ed456a618,5d5e4abcd75dcb387180ff69414da802a5917b650077d1f0bafde36c901655bd,True,35,0.06711578369140625,0.009609222412109375,0.1946258544921875,0.7287826538085938,0.07672500610351562,False,,conservar,radiopedia_0675.npz,pendiente de identificar pacientes,0.0671539306640625,0.00958251953125,0.19476318359375,0.7285003662109375,False
radiopedia_0676,radiopedia,676,True,-1341.1151123046875,158.76779174804688,-277.9420271415729,404.3547169900664,2587860cb8f157d3e1ec30d617c23822dc05b008e1ee5a9c10999f13a15586c2,dd700883693a6764f04ded98f659e2f0cf3905bed7ecbb7c9b666e48fb21f7c9,True,58,0.08443450927734375,0.0,0.20005035400390625,0.7157363891601562,0.08443450927734375,False,,conservar,radiopedia_0676.npz,pendiente de identificar pacientes,0.084564208984375,0.0,0.1998748779296875,0.7155609130859375,False
radiopedia_0677,radiopedia,677,True,-1341.1151123046875,158.76779174804688,-295.9911831546797,409.6142158381224,5036950e64a72dd9473622ff7f04dd1531941c9393fc7fe84b6ca4404c8f8848,417abd92b5488b42239ca169fc616003f858e308f95f4fb4b1fef14e9a3f2aa7,True,184,0.09524154663085938,0.0,0.21683120727539062,0.688629150390625,0.09524154663085938,False,,conservar,radiopedia_0677.npz,pendiente de identificar pacientes,0.0953216552734375,0.0,0.2167510986328125,0.68792724609375,False
radiopedia_0678,radiopedia,678,True,-1341.1151123046875,158.76779174804688,-323.67583498593194,419.28126545028334,b6d87282e59cbf7d9b39a741c69d4623e4efad92fb6d77f46aad8ba70472899a,663a9f593a6a21574eed906f6221503e5885d3a703f58cf2baf6db24137318de,True,166,0.08347702026367188,7.62939453125e-06,0.2564048767089844,0.6607437133789062,0.08348464965820312,False,,conservar,radiopedia_0678.npz,pendiente de identificar pacientes,0.0837554931640625,1.52587890625e-05,0.2562103271484375,0.6600189208984375,False
radiopedia_0679,radiopedia,679,True,-1341.1151123046875,158.76779174804688,-343.166020675475,422.59364446982653,fb28d204a7c04b354f22499d34d7e4ee3d8a8c2b7a26177d79f5eb58c380f3ff,da4b9916785a151bdafee4c7397c89481ad9ef4fb5b72202cd7283f1400b542a,True,353,0.08951568603515625,0.0,0.26288604736328125,0.6489448547363281,0.08951568603515625,False,,conservar,radiopedia_0679.npz,pendiente de identificar pacientes,0.0893096923828125,0.0,0.2628326416015625,0.647857666015625,False
radiopedia_0680,radiopedia,680,True,-1341.1151123046875,158.76779174804688,-353.83330760896024,429.41879193555997,3ad1582eea6fa84b864aaf1d747ad8b5b398bda7f65bec7c448332fde21471da,a4b19ca0e8aeab1bd3fc43cdbc474bd3ab8b817662b8cda327be1ffb68402017,True,32,0.06592559814453125,0.0095367431640625,0.2982940673828125,0.6263656616210938,0.07546234130859375,False,,conservar,radiopedia_0680.npz,pendiente de identificar pacientes,0.0656585693359375,0.009490966796875,0.2984619140625,0.6263885498046875,False
radiopedia_0681,radiopedia,681,True,-1341.1151123046875,158.76779174804688,-350.9615527938331,432.2411136724558,e6fba4afcb0d44959dded267da660e94bbf5e0d2fc29996dc0fee43376ba7af3,cd21bb6c674b5c75a506471b0bee9185088de612b508457271b138dca311ee43,True,16,0.062091827392578125,0.001277923583984375,0.297149658203125,0.6395416259765625,0.0633697509765625,False,,conservar,radiopedia_0681.npz,pendiente de identificar pacientes,0.0621337890625,0.00128173828125,0.29718017578125,0.639404296875,False
radiopedia_0682,radiopedia,682,True,-1341.1151123046875,158.76779174804688,-356.82949812071456,431.8304257110451,7e2b77604681cccbc1f94b2ce32836bd967d80adac1ffa0b8f9b8f902eddbf57,18c042eb78470116786157d1307292e7546c7675fe886d44143e4d7e0db11866,True,17,0.05783843994140625,0.001373291015625,0.2991676330566406,0.6416854858398438,0.05921173095703125,False,,conservar,radiopedia_0682.npz,pendiente de identificar pacientes,0.057891845703125,0.00140380859375,0.29913330078125,0.641571044921875,False
radiopedia_0683,radiopedia,683,True,-1341.1151123046875,158.76779174804688,-365.4452568960169,435.53996746600046,756a3038471420d13db8fbffbac24d00b940e5ab58f2663d9b651c1f8a876526,3ce0ad03f41b32264626d183ad10a8db5ad0a099b297f69fcdb9aac74b3388af,True,95,0.0489349365234375,0.003673553466796875,0.30432891845703125,0.6434249877929688,0.052608489990234375,False,,conservar,radiopedia_0683.npz,pendiente de identificar pacientes,0.04901123046875,0.0036468505859375,0.3042449951171875,0.643096923828125,False
radiopedia_0684,radiopedia,684,True,-1341.1151123046875,158.76779174804688,-364.8949699222758,439.23235855338424,fbe0fac69867c9cbaad9d500235e8f03dfa45a8e31358afe1e7ddae14c95ecaf,c1068f027a45fb983af3f5875a967b383fc601ca1aef2b7a0fe5c959acaa879e,True,43,0.04016876220703125,0.001316070556640625,0.3039360046386719,0.6547431945800781,0.041484832763671875,False,,conservar,radiopedia_0684.npz,pendiente de identificar pacientes,0.0402374267578125,0.001312255859375,0.3039093017578125,0.654541015625,False
radiopedia_0685,radiopedia,685,True,-1341.1151123046875,158.76779174804688,-375.5461031493014,444.49547162045855,451916e5e530cef86fc0e0b9f5b6be69290361845fad9af561d8ece36f571086,c09e83fa45b21b637b0659ef86638dd7a32b4261fd5a8692d77e6eccc35f5b9d,True,20,0.030895233154296875,0.001064300537109375,0.307098388671875,0.6610183715820312,0.03195953369140625,False,,conservar,radiopedia_0685.npz,pendiente de identificar pacientes,0.0310211181640625,0.0011138916015625,0.30682373046875,0.661041259765625,False
radiopedia_0686,radiopedia,686,True,-1341.1151123046875,158.76779174804688,-384.53369919623583,447.20783360015633,49b4164f886bb84b7d553410e194f89cdabbd1fa02656573288f56d16a8b553f,231d9a64f31a0a50fc2e1d3425efef654f0f8a5487acdf7ae1c356ff50e5bb74,True,13,0.030242919921875,0.0017242431640625,0.3045310974121094,0.6635513305664062,0.0319671630859375,False,,conservar,radiopedia_0686.npz,pendiente de identificar pacientes,0.030181884765625,0.0017242431640625,0.30462646484375,0.6634674072265625,False
radiopedia_0687,radiopedia,687,True,-1341.1151123046875,158.76779174804688,-386.57188903856877,450.30979519409846,5df6dd8b3a5932e6c32ea14693e35d56feaa339a7afa0e6466d9d46f34bcfd7a,08cb2e73c22b7ef7b384c415db4aa507e9e40fab255181b7c599dfcb41bf00a4,True,20,0.021404266357421875,0.00295257568359375,0.30687713623046875,0.6688423156738281,0.024356842041015625,False,,conservar,radiopedia_0687.npz,pendiente de identificar pacientes,0.02142333984375,0.0029754638671875,0.307159423828125,0.6684417724609375,False
radiopedia_0688,radiopedia,688,True,-1341.1151123046875,158.76779174804688,-391.0573390520858,452.2349664405299,d7da7f6f7736608231d35929d5f49d01c594bdba32acac285a8500945ee8a439,6d086be7c5af24868c19129cbb84f31bd1efbc817e5c5cf078b47504682ac20d,True,4,0.015872955322265625,0.000797271728515625,0.3081321716308594,0.6752128601074219,0.01667022705078125,False,,conservar,radiopedia_0688.npz,pendiente de identificar pacientes,0.0158233642578125,0.0007781982421875,0.3083038330078125,0.6750946044921875,False
radiopedia_0689,radiopedia,689,True,-1341.1151123046875,158.76779174804688,-399.8397670837094,453.66888038368256,d682c59948a17b7fc15a9f8dcac10c75546dcb695c2d4835264efd4e65b7bec2,55b4e851a8ebdeb450359145503fe0ae181eaa68c6d0ebae19d1027657ffb790,True,6,0.01616668701171875,0.0,0.3003349304199219,0.6835212707519531,0.01616668701171875,False,,conservar,radiopedia_0689.npz,pendiente de identificar pacientes,0.01611328125,0.0,0.3005828857421875,0.6833038330078125,False
radiopedia_0690,radiopedia,690,True,-1341.1151123046875,158.76779174804688,-396.31417170272834,456.64009043818504,e084bd8fd2aaa21a4d1c0d99e98a19d7c1ca855d3f325d912b7d15baec49d506,f133abb39a603b2ea1ba2e8ff2f5c7d247bf386e15fefc6c6d7135d08f8a7bbc,True,86,0.015354156494140625,0.0,0.29843902587890625,0.6865348815917969,0.015354156494140625,False,,conservar,radiopedia_0690.npz,pendiente de identificar pacientes,0.0153045654296875,0.0,0.2985687255859375,0.686126708984375,False
radiopedia_0691,radiopedia,691,True,-1341.1151123046875,158.76779174804688,-400.1402974423163,459.45756063142903,8551fea349dae63c9b89cd3a7d9a44d305d9cb888fae59e82a6247873ec46200,3b0ca7ff612a01cc403f6f9146085553ccb45ba7605142ac7b5453519dd41630,True,4,0.011077880859375,0.0,0.2904014587402344,0.6985359191894531,0.011077880859375,False,,conservar,radiopedia_0691.npz,pendiente de identificar pacientes,0.0109710693359375,0.0,0.2906036376953125,0.69842529296875,False
radiopedia_0692,radiopedia,692,True,-1341.1151123046875,158.76779174804688,-400.6756936975289,461.96799966965375,200c728ab16cb8ba3b7e2a16ba3923cf12220f81f5417f7ba0ef6f5c3a442693,a1e524d11d2a82e719ebc950e16756840e01743f80ac4100bad76e910a78556d,True,0,0.001857757568359375,0.000553131103515625,0.28009033203125,0.717498779296875,0.002410888671875,False,,conservar,radiopedia_0692.npz,pendiente de identificar pacientes,0.0018310546875,0.000579833984375,0.2798614501953125,0.7177276611328125,False
radiopedia_0693,radiopedia,693,True,-1341.1151123046875,158.76779174804688,-390.2208912229271,465.5152052732037,8f12ca0d864a7420782b7c91caebde34a952a0d6579ed83353601f3b51f7df48,1acbb81fbfbde751ea36bbb990391fe23e9ddfa968b6080e67fc3276b4aca9e4,True,0,0.000698089599609375,0.00090789794921875,0.2555961608886719,0.7427978515625,0.001605987548828125,False,,conservar,radiopedia_0693.npz,pendiente de identificar pacientes,0.0006561279296875,0.0009613037109375,0.2555694580078125,0.7428131103515625,False
radiopedia_0694,radiopedia,694,True,-1341.1151123046875,158.76779174804688,-374.8603639092307,465.53700970141074,e5ccb4de853e708e8b2d5e1d36a92d00896ecac7b7e9d72dcd81f091215b8fbc,87d5a1a527f85d623ff3d19f4184d13fb3c12a6ef3041522a9e13291c82aad66,True,0,6.866455078125e-05,0.0,0.22313308715820312,0.7767982482910156,6.866455078125e-05,False,,conservar,radiopedia_0694.npz,pendiente de identificar pacientes,7.62939453125e-05,0.0,0.2229461669921875,0.7769775390625,False
radiopedia_0695,radiopedia,695,True,-1341.1151123046875,158.76779174804688,-350.54311638909894,465.68393037225206,d8d977e4c183b43b7e5faad74ca7e615478179b2f0feced51342ee0796f138c9,6e0005c7a3cad3608bb1ede0a24500e411c2995e36c51b03f0221a816dad0102,True,0,0.0,0.0,0.17848587036132812,0.8215141296386719,0.0,False,,conservar,radiopedia_0695.npz,pendiente de identificar pacientes,0.0,0.0,0.1785888671875,0.8214111328125,False
radiopedia_0696,radiopedia,696,True,-1341.1151123046875,158.76779174804688,-322.9920270745388,469.69047442553557,706627412c2325d1f3331ca4cb862b5cc89c6db3bbdbc33c4f952285530de245,f3bc4ca022d812a5c7097f3263263931155495315fa9b8a1dc0a2598126a50d8,True,0,0.0,0.0,0.14111709594726562,0.8588829040527344,0.0,False,,conservar,radiopedia_0696.npz,pendiente de identificar pacientes,0.0,0.0,0.141082763671875,0.858917236328125,False
radiopedia_0697,radiopedia,697,True,-1341.1151123046875,158.76779174804688,-301.9443814779261,468.6746870348849,06b76ea27155731d8e9ea756b545e667fca03ba6bdbb0f5a9adf3c89ea3a80eb,55821a7d5ed1d62b6518ab960faccbd62be15c9fe59f1c84970a7ab319d1a064,True,0,0.0,0.0,0.09746170043945312,0.9025382995605469,0.0,False,,conservar,radiopedia_0697.npz,pendiente de identificar pacientes,0.0,0.0,0.097412109375,0.902587890625,False
radiopedia_0698,radiopedia,698,True,-1341.1151123046875,158.76779174804688,-281.8646154533144,465.27446221588224,97a2884e41c4d52144afeb2e05dc9af6a4362c3e858742253feaf1cdc28fc38e,091f303f87c28e061396a0ddc9623555e7b243341907292c6d782c3a0b632cbf,True,0,0.0,0.0,0.049846649169921875,0.9501533508300781,0.0,False,,conservar,radiopedia_0698.npz,pendiente de identificar pacientes,0.0,0.0,0.049835205078125,0.950164794921875,False
radiopedia_0699,radiopedia,699,True,-1341.1151123046875,158.76779174804688,-268.1917037963485,467.13484280604155,3ce6687452cd440f65e76f742925158dc91461aa6fd3aebdb00ce2fd1722028f,039a66fe51c449d07c9e7328b328d96f2939fafc2eb29d5918edf21ab38cf978,True,0,0.0,0.0,0.011905670166015625,0.9880943298339844,0.0,False,,conservar,radiopedia_0699.npz,pendiente de identificar pacientes,0.0,0.0,0.011932373046875,0.988067626953125,False
radiopedia_0700,radiopedia,700,True,-1341.1151123046875,158.76779174804688,-280.2221809442108,472.2784732520334,4df96c723dbb66d034b0342ea0ac12fa5e8192c216d2a419840b3e2b8964822b,836e63b9c97a81c1e75c711a1593cd098ca867c5c888a0baa4f599758b788647,True,0,0.0,0.0,0.0,1.0,0.0,False,,conservar,radiopedia_0700.npz,pendiente de identificar pacientes,0.0,0.0,0.0,1.0,False
radiopedia_0701,radiopedia,701,True,-1341.1151123046875,158.76779174804688,-292.2673405008263,479.1440755600259,9527258a33c54cdee69c1cfc967268074c5e2946ece234fb64d3cf864976d2d8,836e63b9c97a81c1e75c711a1593cd098ca867c5c888a0baa4f599758b788647,True,0,0.0,0.0,0.0,1.0,0.0,False,,conservar,radiopedia_0701.npz,pendiente de identificar pacientes,0.0,0.0,0.0,1.0,False
radiopedia_0702,radiopedia,702,True,-1341.1151123046875,158.76779174804688,-305.72487836689106,485.2415739282763,21977ee37c17cffcd84ac6fb5f38c1645a0e606597b79b55604638f9e04ca162,836e63b9c97a81c1e75c711a1593cd098ca867c5c888a0baa4f599758b788647,True,0,0.0,0.0,0.0,1.0,0.0,False,,conservar,radiopedia_0702.npz,pendiente de identificar pacientes,0.0,0.0,0.0,1.0,False
radiopedia_0703,radiopedia,703,True,-1151.7724609375,230.734130859375,-529.3261903420507,478.6194893644456,b23c05a65d2946afd6f947fb96c7d664dc43243840d594f4398d0c8403948885,8d4af8bedcc6cafa9da7336497dce921f709c2ed9c46cea1d92eb729cfd479f1,True,0,0.0012054443359375,0.0,0.129425048828125,0.8693695068359375,0.0012054443359375,False,,conservar,radiopedia_0703.npz,pendiente de identificar pacientes,0.001190185546875,0.0,0.12957763671875,0.869232177734375,False
radiopedia_0704,radiopedia,704,True,-1151.7724609375,230.734130859375,-552.5860109932319,473.37940128892404,b48e6a477b2d1da8df4484b7b475bb532f5593c63b9738bbd43b2e333c54c762,54d875ebdd4d4ce50b4b4428ab11ce578f02c72b8ff82c5aed2603a71ee52e77,True,0,0.00217437744140625,0.0,0.16119766235351562,0.8366279602050781,0.00217437744140625,False,,conservar,radiopedia_0704.npz,pendiente de identificar pacientes,0.0021820068359375,0.0,0.1611175537109375,0.836700439453125,False
radiopedia_0705,radiopedia,705,True,-1151.7724609375,230.734130859375,-581.379539221728,464.2379975914823,2b56bda7090bb416a91c3c6f35e6af39c653567636ea97b25ee67a0f993c164a,f0ac4f1e5e8c6c7cee621e7dca37362275a08110625ea48799ede72f1cb59a19,True,0,0.001842498779296875,0.0,0.20127487182617188,0.7968826293945312,0.001842498779296875,False,,conservar,radiopedia_0705.npz,pendiente de identificar pacientes,0.0018310546875,0.0,0.2013092041015625,0.7968597412109375,False
radiopedia_0706,radiopedia,706,True,-1151.7724609375,230.734130859375,-604.8826638097962,457.2957416871135,6e6e4540442c5e48d20c4c9d7b6dbe781eac658f8ea8aa2bdef95e6efd3817d8,9bb3f7b7eadc9cc48cbbfae7273e79c7cacf373d8fdda82d54b2063e3adb701b,True,0,0.001613616943359375,0.0,0.22542572021484375,0.7729606628417969,0.001613616943359375,False,,conservar,radiopedia_0706.npz,pendiente de identificar pacientes,0.0016021728515625,0.0,0.225372314453125,0.7730255126953125,False
radiopedia_0707,radiopedia,707,True,-1151.7724609375,230.734130859375,-620.5362663408605,449.4357633014461,097bf186fa3e953b3a0ad7b230fa061cc12e48d601ede0a6155003f489b91a1e,038d955c315c931a8b27afb0ebd83bfa810c6e5a96eca49d4066c676e95fff5b,True,0,0.002231597900390625,0.0,0.24248886108398438,0.755279541015625,0.002231597900390625,False,,conservar,radiopedia_0707.npz,pendiente de identificar pacientes,0.002227783203125,0.0,0.242584228515625,0.75518798828125,False
radiopedia_0708,radiopedia,708,True,-1151.7724609375,230.734130859375,-636.120845411664,440.92910039162484,9fefec74b03904916e3b62aed41e78b8ac14993217b8043a720c534c40f4c90a,6cbb51914917caf302118ab99dce00e7a2a41da3e29ee1eb608fdb8548846ffe,True,0,0.002742767333984375,0.0,0.2577934265136719,0.7394638061523438,0.002742767333984375,False,,conservar,radiopedia_0708.npz,pendiente de identificar pacientes,0.002838134765625,0.0,0.257720947265625,0.73944091796875,False
radiopedia_0709,radiopedia,709,True,-1151.7724609375,230.734130859375,-649.9664201490523,435.73487834495273,070708412895ada3ec49bbd34cb58ef8a820eb72554bbe10e05a673ce5cf84be,1c1eca48693eb5e28e43a3d0d2b9cbe6026ad5e6ba5ebb14e2bbf3adb33f1b59,True,0,0.001922607421875,0.0,0.2785148620605469,0.7195625305175781,0.001922607421875,False,,conservar,radiopedia_0709.npz,pendiente de identificar pacientes,0.001861572265625,0.0,0.27862548828125,0.719512939453125,False
radiopedia_0710,radiopedia,710,True,-1151.7724609375,230.734130859375,-649.240420329098,439.05307223304686,b4cb878688e4f72b1320a15453773b41c827fe17e00fdf80e7cfd5dd917e1998,ae3bb5bacc01fd92bcb8506fc2f608baa8f5ecb1f17b27d5bfa81118d245abb5,True,0,0.001216888427734375,0.0,0.2756195068359375,0.7231636047363281,0.001216888427734375,False,,conservar,radiopedia_0710.npz,pendiente de identificar pacientes,0.0011749267578125,0.0,0.2756195068359375,0.72320556640625,False
radiopedia_0711,radiopedia,711,True,-1151.7724609375,230.734130859375,-642.4191578550162,441.76264563507704,5d2d7198567bc8fad170371bfcdf57b5fa731b2ee3bfea27f3e46da46647c5a0,d951d45643ba6f26ce6e408727bcad3862b14b68f870e1b645482261530d1719,True,0,0.001346588134765625,0.0,0.2706031799316406,0.7280502319335938,0.001346588134765625,False,,conservar,radiopedia_0711.npz,pendiente de identificar pacientes,0.00140380859375,0.0,0.270751953125,0.72784423828125,False
radiopedia_0712,radiopedia,712,True,-1151.7724609375,230.734130859375,-635.3187485395556,444.7421613706896,ae603f9ecd9c7d42df932297f2a8a144e1449894aa65b5c587ca826203f53517,de5e849ab1b68ad1459a1c40551609a8dc2037447921dd31be7a7bf8ae211877,True,0,0.00189971923828125,0.0,0.2650108337402344,0.7330894470214844,0.00189971923828125,False,,conservar,radiopedia_0712.npz,pendiente de identificar pacientes,0.0019073486328125,0.0,0.2650146484375,0.7330780029296875,False
radiopedia_0713,radiopedia,713,True,-1151.7724609375,230.734130859375,-629.923963234146,447.5210643452341,5bc7a93a5944e5142ff459ea33c98b16c70351588ef35226e836014b2c68f3c7,776c539984a69295eeb5400269566bcb0c51c53e4d5d0d7a2da0b813acac5c22,True,0,0.00217437744140625,0.0,0.2580146789550781,0.7398109436035156,0.00217437744140625,False,,conservar,radiopedia_0713.npz,pendiente de identificar pacientes,0.0022125244140625,0.0,0.2581024169921875,0.73968505859375,False
radiopedia_0714,radiopedia,714,True,-1151.7724609375,230.734130859375,-625.8022376139461,448.68165267216796,8824b74e771cbb202f079ff4bd17c9bfb455379a661df967d62ade549373002d,f483e7e3168586df2477a41bf66b23eacb55cedb6fee6a27d36a5c8f05513c7e,True,0,0.0020294189453125,0.0,0.2552337646484375,0.74273681640625,0.0020294189453125,False,,conservar,radiopedia_0714.npz,pendiente de identificar pacientes,0.002044677734375,0.0,0.255126953125,0.742828369140625,False
radiopedia_0715,radiopedia,715,True,-1151.7724609375,230.734130859375,-622.8331107136646,449.15730829617416,b59d43d622bf5912ed26196c0fd3d29ad8ce505bf3c2f083625edee517a5bb4d,64432526b180a47e898e83cc67f0528f0c0aaa7762acaaac28817456ec14322e,True,0,0.002941131591796875,0.0,0.2524757385253906,0.7445831298828125,0.002941131591796875,False,,conservar,radiopedia_0715.npz,pendiente de identificar pacientes,0.0029296875,0.0,0.252471923828125,0.744598388671875,False
radiopedia_0716,radiopedia,716,True,-1151.7724609375,230.734130859375,-620.5414802212781,449.26721853527386,33ecf0a395321fd1985667ca7a055e7586da3fedbc5fb2f8989cb9d76c4e7f18,654f4f62f330a6a7cd58dc6e86d4ea73c658c1833aa34d91d9ade72866b69d46,True,0,0.00351715087890625,0.0,0.24879074096679688,0.7476921081542969,0.00351715087890625,False,,conservar,radiopedia_0716.npz,pendiente de identificar pacientes,0.003509521484375,0.0,0.248687744140625,0.747802734375,False
radiopedia_0717,radiopedia,717,True,-1151.7724609375,230.734130859375,-616.6673498576911,449.6411069654868,1fd61157dbfeb437ee8e23faf48bd976ad6d4469485cb8fa054257eabddeef32,b1787443dd3d82abc926106c696454591f9c830e858c7a6224f8145362a4fb0c,True,3,0.0078125,0.0,0.2416229248046875,0.7505760192871094,0.0078125,False,,conservar,radiopedia_0717.npz,pendiente de identificar pacientes,0.00787353515625,0.0,0.241546630859375,0.750579833984375,False
radiopedia_0718,radiopedia,718,True,-1151.7724609375,230.734130859375,-609.3387080013181,451.7907774156729,783294c7dd3077ac245a9e4d6480758ce3102edb8650a8b475368f8837d81c6b,373e5703a56296377c4cee79930539860dd93549163f2a118817a2a6a1f493c8,True,0,0.01186370849609375,0.0,0.23184585571289062,0.7562904357910156,0.01186370849609375,False,,conservar,radiopedia_0718.npz,pendiente de identificar pacientes,0.011871337890625,0.0,0.231903076171875,0.7562255859375,False
radiopedia_0719,radiopedia,719,True,-1151.7724609375,230.734130859375,-605.6337457680747,452.2283548494771,d31742523db400601e47ce52a7622a203e00fcc309066403df14e3bf5cd6ab33,bb77325b36034b6251c7b46ed9aa71f40ab9d9a7f4d84c3a4265f059e923c4e7,True,0,0.011196136474609375,0.00029754638671875,0.22911834716796875,0.7593879699707031,0.011493682861328125,False,,conservar,radiopedia_0719.npz,pendiente de identificar pacientes,0.011138916015625,0.00030517578125,0.2291259765625,0.759429931640625,False
radiopedia_0720,radiopedia,720,True,-1151.7724609375,230.734130859375,-605.934781374549,452.0737582172479,e7dbad8120a1beddbe6e0c996ace029365f0923acfe437820ac928f8b7b3bd34,01966fc94f5957eaa53c90731cb9466c0a370c1fdcbedd1d3fe75c5fdea023de,True,0,0.015598297119140625,0.000408172607421875,0.22369003295898438,0.7603034973144531,0.0160064697265625,False,,conservar,radiopedia_0720.npz,pendiente de identificar pacientes,0.0157928466796875,0.0004119873046875,0.2236175537109375,0.7601776123046875,False
radiopedia_0721,radiopedia,721,True,-1151.7724609375,230.734130859375,-606.6669443841056,451.6687764343921,e2e227064f647a8ceacde4a5071ca114d7f31ab096400eb3769d1ff82e0d4fca,56a5d9d921b48a4b85a87a5e253f4be601a5cf81b6de316002c40b59f5ce1af8,True,0,0.01001739501953125,0.0,0.22735977172851562,0.7626228332519531,0.01001739501953125,False,,conservar,radiopedia_0721.npz,pendiente de identificar pacientes,0.0100555419921875,0.0,0.22747802734375,0.7624664306640625,False
radiopedia_0722,radiopedia,722,True,-1151.7724609375,230.734130859375,-606.6577708115556,452.2631839885075,66a432ae9de09caa22a3b33fbf3893763311acf0dc5ef88fd6c7e95144afaa7d,b6b5ac0d4cbe6eeef7e40e579e45b765b780428cb8f4fe63368f778f4e69e962,True,0,0.006961822509765625,0.0,0.22974395751953125,0.7632942199707031,0.006961822509765625,False,,conservar,radiopedia_0722.npz,pendiente de identificar pacientes,0.00701904296875,0.0,0.2295684814453125,0.7634124755859375,False
radiopedia_0723,radiopedia,723,True,-1151.7724609375,230.734130859375,-607.0079205841557,454.60947167721395,38c8bdf6542dbcfac697aaf9ba139198343c9c12a0794393e1ef273f6805ab6c,6c143e6d61c1e403af8bf7e0ed046b4a5623d546188f83d3dfe1c28084bac9f0,True,2,0.005619049072265625,0.0,0.23159027099609375,0.7627983093261719,0.005619049072265625,False,,conservar,radiopedia_0723.npz,pendiente de identificar pacientes,0.0055694580078125,0.0,0.231719970703125,0.7627105712890625,False
radiopedia_0724,radiopedia,724,True,-1151.7724609375,230.734130859375,-607.0367704970631,455.5045312605782,7cb2952499b7cb18e0869c794f548765650b135bfde105b6d2fcf56e41b5a96f,a92fb1f8132e5aee9a18f3951f010d7dd7e9518554d4284f9518bcf8d30e0429,True,0,0.00439453125,0.0,0.23120498657226562,0.7644004821777344,0.00439453125,False,,conservar,radiopedia_0724.npz,pendiente de identificar pacientes,0.0044097900390625,0.0,0.2310943603515625,0.764495849609375,False
radiopedia_0725,radiopedia,725,True,-1151.7724609375,230.734130859375,-605.2837937760441,457.3203147759338,e4b713872ffeb0a675f670082bdad2b2cd7edac681dfc3c9d6245839a152650b,af83d77591e7b28e64ad4fe8e4c76a8269fa2562fc3e78ed4dfceff770946f37,True,0,0.003070831298828125,0.0,0.22988510131835938,0.7670440673828125,0.003070831298828125,False,,conservar,radiopedia_0725.npz,pendiente de identificar pacientes,0.0030517578125,0.0,0.2300872802734375,0.7668609619140625,False
radiopedia_0726,radiopedia,726,True,-1151.7724609375,230.734130859375,-605.1348945892742,457.77960126619433,9a08a0f01436c0965e0ca259a3324862a08c6cb844daaa1e6a6b9defae240dd4,0f5458bb31dd7c0720a1711f76f60e5fe690fcc7e096e8b0d82eff8b90207890,True,0,0.00292205810546875,0.0,0.2263946533203125,0.7706832885742188,0.00292205810546875,False,,conservar,radiopedia_0726.npz,pendiente de identificar pacientes,0.0029449462890625,0.0,0.226318359375,0.7707366943359375,False
radiopedia_0727,radiopedia,727,True,-1151.7724609375,230.734130859375,-604.7821525283243,459.14885322444536,5876a2cb83c9c76cf2ddd139ea2d7920be3dd94b31dd53965fa37995fba6ce4c,9203056d174aacad93f0b662df6b1371af39f33bfdb3778796729e0c8f14c9ff,True,0,0.00457000732421875,0.0,0.22243118286132812,0.7729988098144531,0.00457000732421875,False,,conservar,radiopedia_0727.npz,pendiente de identificar pacientes,0.0045623779296875,0.0,0.222442626953125,0.7729949951171875,False
radiopedia_0728,radiopedia,728,True,-1151.7724609375,230.734130859375,-599.3405185689862,460.60907928447875,b795047f5ea4541041277b6803b26cd7ee9b29775f47b81bc2a3cf3d496b4672,49dff8d225c5b75ed0f088ab38b6ab5181f1aaa2bea60f8ca083343301451b1f,True,1,0.004604339599609375,0.0,0.21820068359375,0.7771987915039062,0.004604339599609375,False,,conservar,radiopedia_0728.npz,pendiente de identificar pacientes,0.0046844482421875,0.0,0.218231201171875,0.7770843505859375,False
radiopedia_0729,radiopedia,729,True,-1151.7724609375,230.734130859375,-596.7011297511435,462.30393503286155,1b9f2ca907b2be226aa289cc3adb51927a93d96a450f5569369576e1e210578a,4995ebc8e82820b8c6a329b772d3e266d9cc31a0214ef2eeb2cf1a3ef65041bb,True,0,0.003559112548828125,0.0,0.214324951171875,0.7821159362792969,0.003559112548828125,False,,conservar,radiopedia_0729.npz,pendiente de identificar pacientes,0.0035400390625,0.0,0.2145233154296875,0.7819366455078125,False
radiopedia_0730,radiopedia,730,True,-1151.7724609375,230.734130859375,-594.809661001631,463.233253483355,618a9aa785c8b7700f66328383aae8ea549d223eefa6a0102d943cfb837fe0fb,9454d36f0a594f479e9df6da0f8ac547da5cf78bbfa35dc5506c70bcef8b1f79,True,0,0.002796173095703125,0.0,0.21002197265625,0.7871818542480469,0.002796173095703125,False,,conservar,radiopedia_0730.npz,pendiente de identificar pacientes,0.0028839111328125,0.0,0.209808349609375,0.7873077392578125,False
radiopedia_0731,radiopedia,731,True,-1151.7724609375,230.734130859375,-592.6200934034941,463.9909397529523,a54b0d220e710817a7c45168301b39faba9148e0d7662f49d28a4a899b9dad23,68f267d714b1069e459394fda3da65efa6b9d617f1fded3a106a2400a0341c97,True,2,0.00146484375,0.0,0.20517349243164062,0.7933692932128906,0.00146484375,False,,conservar,radiopedia_0731.npz,pendiente de identificar pacientes,0.0014190673828125,0.0,0.2052001953125,0.7933807373046875,False
radiopedia_0732,radiopedia,732,True,-1151.7724609375,230.734130859375,-589.6948428274236,465.71472957696255,1d615df51716cae1c051d70c1de7a152dabf3fcd8ce82998104519beb661f20a,3ac04cc1c4075a995b7c6d8f7a14e676535ab656522bbd82859b305718730fd3,True,0,0.00246429443359375,0.0,0.19990158081054688,0.7976341247558594,0.00246429443359375,False,,conservar,radiopedia_0732.npz,pendiente de identificar pacientes,0.0024871826171875,0.0,0.199920654296875,0.7975921630859375,False
radiopedia_0733,radiopedia,733,True,-1151.7724609375,230.734130859375,-586.5547679454221,467.9142394241518,6c4a837da93918d5976952907435a3ebf639f93526c0550039888e608218577f,ceedb4ba84e4493c27f5f03a967041a0ba6c2ce6f10bdaf5a40e49c96e6c5320,True,0,0.00226593017578125,0.0,0.195770263671875,0.8019638061523438,0.00226593017578125,False,,conservar,radiopedia_0733.npz,pendiente de identificar pacientes,0.002227783203125,0.0,0.196044921875,0.801727294921875,False
radiopedia_0734,radiopedia,734,True,-1151.7724609375,230.734130859375,-584.9812795328653,468.9232568603398,9da023033e2bfecfbb40798e6dd0fb66b0da4c0eb425d51dbb09e3e712e2f11c,bdcea4d5183315dd65f31477304d9b9359c4e91575a12de9d0a4a58e6030b54c,True,0,0.001453399658203125,0.0,0.192138671875,0.8064079284667969,0.001453399658203125,False,,conservar,radiopedia_0734.npz,pendiente de identificar pacientes,0.0014190673828125,0.0,0.1921539306640625,0.806427001953125,False
radiopedia_0735,radiopedia,735,True,-1151.7724609375,230.734130859375,-584.9569370613817,468.9018040074657,8a02be4c5be747ab99c0d3fc802f9de1b5747995fdb5ef040e62126a7fa9aedf,a8bceb3472dd32d28d709d6770c8a04aa2eab1c3cc16bbaf088a0fddee22479e,True,0,0.001007080078125,0.0,0.1875152587890625,0.8114776611328125,0.001007080078125,False,,conservar,radiopedia_0735.npz,pendiente de identificar pacientes,0.00103759765625,0.0,0.18768310546875,0.811279296875,False
radiopedia_0736,radiopedia,736,True,-1151.7724609375,230.734130859375,-583.1148808097432,469.15287334478535,712b0041c5521f1033b3ed9fb13e8d244b8512000770d6ef67f8594346dcca6f,707d77e9899ee014d4a89f493c58d468ceed79b3f0fcc53cb855ee327c0ba3a4,True,0,0.00019073486328125,0.0,0.18291091918945312,0.8168983459472656,0.00019073486328125,False,,conservar,radiopedia_0736.npz,pendiente de identificar pacientes,0.00018310546875,0.0,0.1827545166015625,0.8170623779296875,False
radiopedia_0737,radiopedia,737,True,-1151.7724609375,230.734130859375,-577.8482820704639,471.5140815631568,98280886012e0de6eb2defd79644c50b9c9ae95f880aab16d785e8ce18021aa9,75abb2ae63fb4dd2f65f40652f7910a51ea658bab600138a390ed54614b1f204,True,0,0.000438690185546875,0.0,0.17607879638671875,0.8234825134277344,0.000438690185546875,False,,conservar,radiopedia_0737.npz,pendiente de identificar pacientes,0.00042724609375,0.0,0.1761932373046875,0.8233795166015625,False
radiopedia_0738,radiopedia,738,True,-1151.7724609375,230.734130859375,-569.3461942847389,475.552263914271,d5ff7a74a755ad60c57f3cea30988edfffcc0338dbf2430f49575dc47244c3f8,5df2b258f4910f8f561f5360ad8a74d6d8f932360176cc32dc2527c43573cdb9,True,0,0.000408172607421875,0.0,0.16792678833007812,0.8316650390625,0.000408172607421875,False,,conservar,radiopedia_0738.npz,pendiente de identificar pacientes,0.0004119873046875,0.0,0.1678924560546875,0.831695556640625,False
radiopedia_0739,radiopedia,739,True,-1151.7724609375,230.734130859375,-561.5278129640556,476.9474086828483,4a1ab51c929d944ca6af8b4ba53600ffb07bae83fa8b1f49b446342c8d71c721,eeae409390b8e08406d605a299ff206a61ef7532f9043aa1bb7568376a7a336b,True,0,0.0,0.0,0.15859603881835938,0.8414039611816406,0.0,False,,conservar,radiopedia_0739.npz,pendiente de identificar pacientes,0.0,0.0,0.158782958984375,0.841217041015625,False
radiopedia_0740,radiopedia,740,True,-1151.7724609375,230.734130859375,-555.4635790947223,478.1897622043314,436e423dd4dd009bdad6d4e1ee1107057c069df84639842e736669cf029728a9,66731b5aa53949b14f75d45152fcacf99114f83dd376f024c76297c3049b959b,True,0,0.0,0.0,0.14767074584960938,0.8523292541503906,0.0,False,,conservar,radiopedia_0740.npz,pendiente de identificar pacientes,0.0,0.0,0.14752197265625,0.85247802734375,False
radiopedia_0741,radiopedia,741,True,-1151.7724609375,230.734130859375,-548.4448308844767,480.44831495780494,b5104a7bc154467beb8fa755509e627fdac42d0d215ff1ce8ae53ae725e31561,d9bfac64e6b92531ef1db1b955c223ccd38ebfdb53ba432af70eb1400edfe79f,True,0,0.0,0.0,0.13535690307617188,0.8646430969238281,0.0,False,,conservar,radiopedia_0741.npz,pendiente de identificar pacientes,0.0,0.0,0.1354217529296875,0.8645782470703125,False
radiopedia_0742,radiopedia,742,True,-1151.7724609375,230.734130859375,-541.6428265370132,485.3789737535521,6d37f613602f87ef2ba1970d79841e06aadc4b030edc6ddaceefa78bf957e6e7,ec089d651e78e40da3d1c915b06700d028edb4dd8252c6ff9c9998aac8c2f5e1,True,0,0.0,0.0,0.12392425537109375,0.8760757446289062,0.0,False,,conservar,radiopedia_0742.npz,pendiente de identificar pacientes,0.0,0.0,0.1239013671875,0.8760986328125,False
radiopedia_0743,radiopedia,743,True,-1151.7724609375,230.734130859375,-536.6184037011708,487.07229461138763,b30227348739b24bcc3133d05de6b0ccbb274d309cc9fa151d5128fd828cd681,9ffb967fad07de7dd0f445f27283fae71413b9a9c07c3cdc5834c83d1aab0969,True,0,0.0,0.0,0.11358642578125,0.88641357421875,0.0,False,,conservar,radiopedia_0743.npz,pendiente de identificar pacientes,0.0,0.0,0.113494873046875,0.886505126953125,False
radiopedia_0744,radiopedia,744,True,-1151.7724609375,230.734130859375,-532.3419976469513,487.17265408300256,e14a451b82206e8c36be130954ca390667232a097a3bc7d252c6d26e6875bf4c,a15af63d2af5e66e864a315bdd7d6e1708120dd8951db879573b6c79908a4d5e,True,0,0.0,0.0,0.10253143310546875,0.8974685668945312,0.0,False,,conservar,radiopedia_0744.npz,pendiente de identificar pacientes,0.0,0.0,0.1025848388671875,0.8974151611328125,False
radiopedia_0745,radiopedia,745,True,-1151.7724609375,230.734130859375,-526.2672230913722,489.1147524620301,2aa978c492ab5972d363173dcc12df57eca6952bdfedef1eeb89acae707b2148,72cc39b16444a582c5a30ee07c78805913e91da937f7a0f1f2034f510ab7bc34,True,0,0.0,0.0,0.08993911743164062,0.9100608825683594,0.0,False,,conservar,radiopedia_0745.npz,pendiente de identificar pacientes,0.0,0.0,0.0899658203125,0.9100341796875,False
radiopedia_0746,radiopedia,746,True,-1151.7724609375,230.734130859375,-518.2044999341779,491.733790867204,16aecb51fd57345f175a6b003a7dd7f8a2fcdb4e4c775015317284463286e0c5,429e221ed5e211ff6424f0bd8e602b3ff436f3f84100ce446fecd0585e5f2115,True,0,0.0,0.0,0.0764312744140625,0.9235687255859375,0.0,False,,conservar,radiopedia_0746.npz,pendiente de identificar pacientes,0.0,0.0,0.076507568359375,0.923492431640625,False
radiopedia_0747,radiopedia,747,True,-1151.7724609375,230.734130859375,-512.6194661457184,494.29823126437157,9aa8bf59f417cd220d2d877456ba68e0bd77b86c36cccdd77d653008f5b57dd8,64e60c390a87ee86caeb89162a8c6a05fdc2773c5272a5a5d40c46c597fc6ccb,True,0,0.0,0.0,0.062358856201171875,0.9376411437988281,0.0,False,,conservar,radiopedia_0747.npz,pendiente de identificar pacientes,0.0,0.0,0.0622711181640625,0.9377288818359375,False
radiopedia_0748,radiopedia,748,True,-1356.318603515625,183.8311309814453,-401.9484855034407,506.8773316448231,1935d9db40798ec1708bb0c66372f094b38677931cb5c88d721e1e3915075bab,836e63b9c97a81c1e75c711a1593cd098ca867c5c888a0baa4f599758b788647,True,0,0.0,0.0,0.0,1.0,0.0,False,,conservar,radiopedia_0748.npz,pendiente de identificar pacientes,0.0,0.0,0.0,1.0,False
radiopedia_0749,radiopedia,749,True,-1356.318603515625,183.8311309814453,-392.44729661937345,508.61042142943273,54f113485874f05fa412f2b6d5b7af8ef3f2a11f0e89fbc8138f001a47ff92e5,836e63b9c97a81c1e75c711a1593cd098ca867c5c888a0baa4f599758b788647,True,0,0.0,0.0,0.0,1.0,0.0,False,,conservar,radiopedia_0749.npz,pendiente de identificar pacientes,0.0,0.0,0.0,1.0,False
radiopedia_0750,radiopedia,750,True,-1356.318603515625,183.8311309814453,-380.58562648923726,509.5146200845466,aea93e05764029c55138d7229dd68ec78611534e4ee1862392e458e6e81bfbe7,836e63b9c97a81c1e75c711a1593cd098ca867c5c888a0baa4f599758b788647,True,0,0.0,0.0,0.0,1.0,0.0,False,,conservar,radiopedia_0750.npz,pendiente de identificar pacientes,0.0,0.0,0.0,1.0,False
radiopedia_0751,radiopedia,751,True,-1356.318603515625,183.8311309814453,-369.77163132130227,508.9924183282337,6fb5967ce8e7e9d9b2835156ad4299360c3e5fd91d09ded35ba28ffbe2cfe819,836e63b9c97a81c1e75c711a1593cd098ca867c5c888a0baa4f599758b788647,True,0,0.0,0.0,0.0,1.0,0.0,False,,conservar,radiopedia_0751.npz,pendiente de identificar pacientes,0.0,0.0,0.0,1.0,False
radiopedia_0752,radiopedia,752,True,-1356.318603515625,183.8311309814453,-363.44964042311585,509.6051327178779,1a6188faed96fcc0df6d75451f034968bcead468b67c924e9248f62d59f9d23b,836e63b9c97a81c1e75c711a1593cd098ca867c5c888a0baa4f599758b788647,True,0,0.0,0.0,0.0,1.0,0.0,False,,conservar,radiopedia_0752.npz,pendiente de identificar pacientes,0.0,0.0,0.0,1.0,False
radiopedia_0753,radiopedia,753,True,-1356.318603515625,183.8311309814453,-358.3286734383091,512.2438771442315,5a82b718afd113f8efdd0bc3b4801e81df7b8e78047306eea543f2864fcd04af,836e63b9c97a81c1e75c711a1593cd098ca867c5c888a0baa4f599758b788647,True,0,0.0,0.0,0.0,1.0,0.0,False,,conservar,radiopedia_0753.npz,pendiente de identificar pacientes,0.0,0.0,0.0,1.0,False
radiopedia_0754,radiopedia,754,True,-1356.318603515625,183.8311309814453,-354.20857099740715,513.8567854938565,8e1aec4bcec9dd8132addf2cb74446fad4760ea55d04df474908adfa1b4c601c,836e63b9c97a81c1e75c711a1593cd098ca867c5c888a0baa4f599758b788647,True,0,0.0,0.0,0.0,1.0,0.0,False,,conservar,radiopedia_0754.npz,pendiente de identificar pacientes,0.0,0.0,0.0,1.0,False
radiopedia_0755,radiopedia,755,True,-1356.318603515625,183.8311309814453,-349.6467071352945,514.8437979863683,18a89c56f263b4b50f2eaf93ef195ae6a11f21d0344406511cc229e543ddf557,836e63b9c97a81c1e75c711a1593cd098ca867c5c888a0baa4f599758b788647,True,0,0.0,0.0,0.0,1.0,0.0,False,,conservar,radiopedia_0755.npz,pendiente de identificar pacientes,0.0,0.0,0.0,1.0,False
radiopedia_0756,radiopedia,756,True,-1356.318603515625,183.8311309814453,-343.9181031907847,514.7077505966912,b15c9aa0f483712bcf6089fd531d0557973345149d3799712f42818eeec0ad25,836e63b9c97a81c1e75c711a1593cd098ca867c5c888a0baa4f599758b788647,True,0,0.0,0.0,0.0,1.0,0.0,False,,conservar,radiopedia_0756.npz,pendiente de identificar pacientes,0.0,0.0,0.0,1.0,False
radiopedia_0757,radiopedia,757,True,-1356.318603515625,183.8311309814453,-340.18560374167464,513.892844787871,a5f8dd1468b4e827302f940b43ab24bc7f17c7bd65d54395550c650ceb60c5e8,836e63b9c97a81c1e75c711a1593cd098ca867c5c888a0baa4f599758b788647,True,0,0.0,0.0,0.0,1.0,0.0,False,,conservar,radiopedia_0757.npz,pendiente de identificar pacientes,0.0,0.0,0.0,1.0,False
radiopedia_0758,radiopedia,758,True,-1356.318603515625,183.8311309814453,-336.2638244853006,513.1883439246674,d3d536502ebd397af9cd7e40f2e817fbe4854c73d0e50b3e68320aecd8143b36,13fa036861f25a68b989645a65d42939416fdd6bab78878e4fdc253afac0d47d,True,0,0.0,0.0,0.00122833251953125,0.9987716674804688,0.0,False,,conservar,radiopedia_0758.npz,pendiente de identificar pacientes,0.0,0.0,0.0012359619140625,0.9987640380859375,False
radiopedia_0759,radiopedia,759,True,-1356.318603515625,183.8311309814453,-338.5287985820105,512.6257786642575,5f300e2cf728090b28594ebbd0fdc98d602cb6e1f95d84b88bc1fd9da9b3cff5,35d3614a6e1ef6bcede7c25a3ad77ed0b2c710597fededbb2e4e8c61ccc6c82a,True,0,0.0,0.0,0.01308441162109375,0.9869155883789062,0.0,False,,conservar,radiopedia_0759.npz,pendiente de identificar pacientes,0.0,0.0,0.012908935546875,0.987091064453125,False
radiopedia_0760,radiopedia,760,True,-1356.318603515625,183.8311309814453,-352.273567123726,510.93705519134863,e9d4f18f04155c77532b6720ba3ddf4433f2dbf84bf424ebaedc7e7d30a143b0,12f996161c1925ff642e1e9859e9114a973c2c37e39391da9d151ef44634e924,True,0,0.0,0.0,0.0348358154296875,0.9651641845703125,0.0,False,,conservar,radiopedia_0760.npz,pendiente de identificar pacientes,0.0,0.0,0.03472900390625,0.96527099609375,False
radiopedia_0761,radiopedia,761,True,-1356.318603515625,183.8311309814453,-375.27358280144836,506.06560047010515,b061a1676012d2f892694cb179f025bb39a75d0d768e46dabd1953da1fe1f697,0495a724e7185c41c18361aeb80a6ca9c51a5993f31c47332bd3c80cc956e474,True,0,0.0,0.0,0.0648956298828125,0.9351043701171875,0.0,False,,conservar,radiopedia_0761.npz,pendiente de identificar pacientes,0.0,0.0,0.064849853515625,0.935150146484375,False
radiopedia_0762,radiopedia,762,True,-1356.318603515625,183.8311309814453,-400.29701978434787,500.0621664332809,bc73350d5c5337e4a98d7c9c30163e1ef8dea3b3df2a869bbe87cd89418cd191,9aabff6f6c9d8595eebc8f41501708114a3896ed65db0e3959d8ff6dfecf8d73,True,0,0.0,0.0,0.09424972534179688,0.9057502746582031,0.0,False,,conservar,radiopedia_0762.npz,pendiente de identificar pacientes,0.0,0.0,0.0942230224609375,0.9057769775390625,False
radiopedia_0763,radiopedia,763,True,-1356.318603515625,183.8311309814453,-428.97989860286,493.35792478947945,ab9e6547654fd82b12d331ea6ff8d8025d434cfe4ad084be684a5515db8c31f2,9af2b9ec984af72773421619cee97363f66b1db5678318d916dc38dae11f0cd7,True,0,0.0,0.0,0.13676834106445312,0.8632316589355469,0.0,False,,conservar,radiopedia_0763.npz,pendiente de identificar pacientes,0.0,0.0,0.136810302734375,0.863189697265625,False
radiopedia_0764,radiopedia,764,True,-1356.318603515625,183.8311309814453,-455.6987624366793,484.3660918593165,3de5450d71fe196529ff71e3810d1a2a60c1e7b5eaf12a4f67a32e817c6ada78,e4780b6f4349c015ae3dc314b1ef7e9b1435114118fbb77d49526fe4e8d6baaa,True,0,0.0,0.0,0.18202590942382812,0.8179740905761719,0.0,False,,conservar,radiopedia_0764.npz,pendiente de identificar pacientes,0.0,0.0,0.181976318359375,0.818023681640625,False
radiopedia_0765,radiopedia,765,True,-1356.318603515625,183.8311309814453,-480.3981578723833,478.1242085949683,1793e75606b3a1f01dc38f3fd21fd631f5f64460b4340024bd3ed581f271dbc2,8ad583f96d359473619105061d19687c416b0f4338943d6e0356946cf834cc61,True,0,0.0,0.0,0.22816085815429688,0.7718391418457031,0.0,False,,conservar,radiopedia_0765.npz,pendiente de identificar pacientes,0.0,0.0,0.2280120849609375,0.7719879150390625,False
radiopedia_0766,radiopedia,766,True,-1356.318603515625,183.8311309814453,-491.32572165728925,475.4597630747722,7ba96fbd097771189bfa791fdeb88e88856c0ffd8a1898df0ed31fbf12b10bba,7a421a123cbcaded2e58c50c67023295ac851dea8feb5ec5d5a832482d1c3d3c,True,0,0.0,0.0,0.23789215087890625,0.7621078491210938,0.0,False,,conservar,radiopedia_0766.npz,pendiente de identificar pacientes,0.0,0.0,0.2378997802734375,0.7621002197265625,False
radiopedia_0767,radiopedia,767,True,-1356.318603515625,183.8311309814453,-494.33755993232444,475.9404113275813,20fdcbcada638df83154de741271a12fdb51513797fbba7291ae7ee0e1447d40,bc7dbe2f554b35bc2f078b7b36cee4daedc35cf37befbae55cf859cc6b3c6443,True,0,0.0,0.0,0.24747848510742188,0.7525215148925781,0.0,False,,conservar,radiopedia_0767.npz,pendiente de identificar pacientes,0.0,0.0,0.24737548828125,0.75262451171875,False
radiopedia_0768,radiopedia,768,True,-1356.318603515625,183.8311309814453,-494.7273252914656,474.4127704375369,05266f3ac0b174b097a43ff0cf1b61a5f4c22ab09bed7dff4d10bea62547cece,ef2715c70dee649b95f9d1217132e2a2f191c190a00c99cfbf2e49abc6edc667,True,0,0.0,0.0,0.2545814514160156,0.7454185485839844,0.0,False,,conservar,radiopedia_0768.npz,pendiente de identificar pacientes,0.0,0.0,0.2545318603515625,0.7454681396484375,False
radiopedia_0769,radiopedia,769,True,-1356.318603515625,183.8311309814453,-494.4550819553242,476.8424117157934,010583606b43084efe59b73ab0e1229feeff9f53c9cdebe97e79bb7e824d0626,74c06189d66846720ed5e928ab7904bd880f09e4400d9416776f0efeafca115a,True,0,0.000324249267578125,0.0,0.24870681762695312,0.7509689331054688,0.000324249267578125,False,,conservar,radiopedia_0769.npz,pendiente de identificar pacientes,0.000335693359375,0.0,0.24871826171875,0.750946044921875,False
radiopedia_0770,radiopedia,770,True,-1356.318603515625,183.8311309814453,-499.56039665221033,476.03979478302983,addbf9528c4a6ff7318767522a8bd85ab3832ea2c679a3a702709af3b5f6d556,53d9ad5123d040be8abc279f32d792daf3ddf6eb236be39b0355e71d9534953c,True,0,0.0,0.0,0.2521514892578125,0.7478485107421875,0.0,False,,conservar,radiopedia_0770.npz,pendiente de identificar pacientes,0.0,0.0,0.2520751953125,0.7479248046875,False
radiopedia_0771,radiopedia,771,True,-1356.318603515625,183.8311309814453,-504.39699255808046,473.62051596908987,3b3ce806832299e3086a12c7729f18940cdfe397ddf1a768344a57e05437ba0a,3c8254332345b986b656f6a479b78351e47ba8337826965387fc9d25de9e353f,True,0,0.0,0.0,0.2549781799316406,0.7450218200683594,0.0,False,,conservar,radiopedia_0771.npz,pendiente de identificar pacientes,0.0,0.0,0.2550811767578125,0.7449188232421875,False
radiopedia_0772,radiopedia,772,True,-1356.318603515625,183.8311309814453,-504.26853075256804,477.99854384070915,d98c0fd0b36583d66a351fdfcbb9bdfa18b5e070b2ed9eeca3e5c43b2a1ce053,5dabb581471fb8d85700f0ab7e75f68d3d8a0393baa44cdc834c19ca0302fb45,True,0,0.0,0.0,0.24551773071289062,0.7544822692871094,0.0,False,,conservar,radiopedia_0772.npz,pendiente de identificar pacientes,0.0,0.0,0.2454681396484375,0.7545318603515625,False
radiopedia_0773,radiopedia,773,True,-1356.318603515625,183.8311309814453,-504.64691560576284,480.3707129781201,43c57e44790fb7968f27c204ac1899b684fb4e5447dd51f13746925fc82fe9f3,9b0e46a6a92408e878eb5898c5260c3cf198c1667c9af547e6d2bc3c1426f5cf,True,0,0.0,0.0,0.23389053344726562,0.7661094665527344,0.0,False,,conservar,radiopedia_0773.npz,pendiente de identificar pacientes,0.0,0.0,0.233856201171875,0.766143798828125,False
radiopedia_0774,radiopedia,774,True,-1356.318603515625,183.8311309814453,-507.39015752790874,478.29077104047843,302387ee1e08c2166670e788e4f44de3fe108dafd562b968c690e8d75f45a01e,847e779575b19b96c2a69ba9476316b19c94b2b5671f05fe1fcad98357071464,True,0,0.0,0.0,0.22874832153320312,0.7712516784667969,0.0,False,,conservar,radiopedia_0774.npz,pendiente de identificar pacientes,0.0,0.0,0.228607177734375,0.771392822265625,False
radiopedia_0775,radiopedia,775,True,-1356.318603515625,183.8311309814453,-507.42074986399894,479.8275051934087,cdf4c9639bd10abc71f70829f5e65e9d259060589bbbde7d6eed427ba330eaac,c5d62b03323425bae570c83b7d1ac0416f8aac0df72f2e5523ce95707a9f938f,True,0,0.0,0.0,0.21352386474609375,0.7864761352539062,0.0,False,,conservar,radiopedia_0775.npz,pendiente de identificar pacientes,0.0,0.0,0.2136077880859375,0.7863922119140625,False
radiopedia_0776,radiopedia,776,True,-1356.318603515625,183.8311309814453,-511.44508918559586,482.29727466707294,aaa3fffc3abacf8458d6b78c69eb13fa011e691276b60bf3316582fc855a5bfe,2e1507038c3e93a534430996a5147d7bb36911490c761b4a5e16f6a8094b3f66,True,0,0.0,0.0,0.20273590087890625,0.7972640991210938,0.0,False,,conservar,radiopedia_0776.npz,pendiente de identificar pacientes,0.0,0.0,0.2026824951171875,0.7973175048828125,False
radiopedia_0777,radiopedia,777,True,-1356.318603515625,183.8311309814453,-512.5076747957028,482.566468559725,0acd6ff48f6201a44cb817adb67b8bb9c4c4097632c3523080247efc69008763,e98d799f3eaa7b42e40358a06b2b05b39dcde7813aa21d0042303b612f559acf,True,0,0.0,0.0,0.18932723999023438,0.8106727600097656,0.0,False,,conservar,radiopedia_0777.npz,pendiente de identificar pacientes,0.0,0.0,0.1893157958984375,0.8106842041015625,False
radiopedia_0778,radiopedia,778,True,-1356.318603515625,183.8311309814453,-508.48931333953806,486.48222340473194,6b8d7a91ad58a54c589e9c379be416d6c3f51c1bfa39c031c4900de6e0afb435,f015225c2a9a08229d3f767f94c14a2b7132ba858f62a279588391665ab1d1af,True,0,0.0,0.0,0.17116546630859375,0.8288345336914062,0.0,False,,conservar,radiopedia_0778.npz,pendiente de identificar pacientes,0.0,0.0,0.17108154296875,0.82891845703125,False
radiopedia_0779,radiopedia,779,True,-1356.318603515625,183.8311309814453,-503.7470830999937,491.2387294153662,a33ec7ce4f8d2aa7402c8f4c8f65e6be849152c83b3bd81e4930f13abb63e05d,9ae5db0a8e2018053c5e8818dec87e283b5536662738ad556477edb142947ff0,True,0,0.0,0.0,0.15005874633789062,0.8499412536621094,0.0,False,,conservar,radiopedia_0779.npz,pendiente de identificar pacientes,0.0,0.0,0.1501007080078125,0.8498992919921875,False
radiopedia_0780,radiopedia,780,True,-1356.318603515625,183.8311309814453,-504.43339296645536,495.3400864108175,8edcf1529fb2590abc71d1444a914481e54128a3c9e9f12c2ef4792c776100e1,f338bee88f50bb13a6051f882d19858270010a0552b072170ff023803f584a37,True,0,0.0,0.0,0.1282501220703125,0.8717498779296875,0.0,False,,conservar,radiopedia_0780.npz,pendiente de identificar pacientes,0.0,0.0,0.1283416748046875,0.8716583251953125,False
radiopedia_0781,radiopedia,781,True,-1356.318603515625,183.8311309814453,-497.14375904620283,503.3177618965093,39c09eb3306d29d222510e838751829539bb91a8070fa5dfa680adf96c38d87d,b701643971be78707022df9453f9339bc5e066b2a3c069214a03242783c4e874,True,0,0.0,0.0,0.10233688354492188,0.8976631164550781,0.0,False,,conservar,radiopedia_0781.npz,pendiente de identificar pacientes,0.0,0.0,0.1022491455078125,0.8977508544921875,False
radiopedia_0782,radiopedia,782,True,-1356.318603515625,183.8311309814453,-497.0981238166769,507.5191164362093,6bac73316d0288d8fd4e1d88bf4ccf0649d0658215526261dbcdf334c4c1ec3d,50945799be0a3e10dd08076483214e9411977a4427b53c302a8d0f3481660e45,True,0,0.0,0.0,0.07906723022460938,0.9209327697753906,0.0,False,,conservar,radiopedia_0782.npz,pendiente de identificar pacientes,0.0,0.0,0.079193115234375,0.920806884765625,False
radiopedia_0783,radiopedia,783,True,-1356.318603515625,183.8311309814453,-498.6557169248608,510.78958273443413,71d8efafbd71fa57736229e0fbdace85916ba55b84d569173af57d1d7b3f6287,c7958163cdfb431b412acd8355fc941ecfa3be39327ea68fcf4f7935884d2c8d,True,0,0.0,0.0,0.057994842529296875,0.9420051574707031,0.0,False,,conservar,radiopedia_0783.npz,pendiente de identificar pacientes,0.0,0.0,0.0580902099609375,0.9419097900390625,False
radiopedia_0784,radiopedia,784,True,-1356.318603515625,183.8311309814453,-496.2198410719593,517.6194926535414,f0e167ea7eb6c219a3be3716955c11327992a435b605b500594bfbaa0224a201,db4e7209609a62643a7c14db42f511183bc455189be5c0d5edd3c439165f5611,True,0,0.0,0.0,0.036693572998046875,0.9633064270019531,0.0,False,,conservar,radiopedia_0784.npz,pendiente de identificar pacientes,0.0,0.0,0.0366973876953125,0.9633026123046875,False
radiopedia_0785,radiopedia,785,True,-1356.318603515625,183.8311309814453,-508.89750148638996,516.0310720177633,223c66d471715648139a727adb78a7c9d18e128b02f7196facfe55ce9fd3ab21,e2bfc068f7c890f1bf932881c521688160c2b5dcb04f20504d97089148231127,True,0,0.0,0.0,0.01958465576171875,0.9804153442382812,0.0,False,,conservar,radiopedia_0785.npz,pendiente de identificar pacientes,0.0,0.0,0.0196380615234375,0.9803619384765625,False
radiopedia_0786,radiopedia,786,True,-1356.318603515625,183.8311309814453,-522.7488046243961,513.947446940615,6c0eed4661f050a324734292783f62a009a10b14fc6dd5bd265de2ae57a8c10b,4ee06287b2a0630d9b036d97ead5d678c60e2cdc8a47c7bcd9e4e16a4fd74ae7,True,0,0.0,0.0,0.007129669189453125,0.9928703308105469,0.0,False,,conservar,radiopedia_0786.npz,pendiente de identificar pacientes,0.0,0.0,0.0072174072265625,0.9927825927734375,False
radiopedia_0787,radiopedia,787,True,-1356.318603515625,183.8311309814453,-541.5456897708445,513.0743426820349,ecbc6c8dfea5367e2a607bf6faf4d7b780b33b00a78a41c79e008f0d11be9789,2f1e61ed9b32cab902ffa21bb13d78382d7dc81982f0d803c91bb715434df97f,True,0,0.0,0.0,0.0011138916015625,0.9988861083984375,0.0,False,,conservar,radiopedia_0787.npz,pendiente de identificar pacientes,0.0,0.0,0.0011138916015625,0.9988861083984375,False
radiopedia_0788,radiopedia,788,True,-1356.318603515625,183.8311309814453,-565.555051052097,508.51603978175103,cab2cc29f2b5e4610056e762df497cd8f0d42c8079c85f2905f3bdb081f07f26,836e63b9c97a81c1e75c711a1593cd098ca867c5c888a0baa4f599758b788647,True,0,0.0,0.0,0.0,1.0,0.0,False,,conservar,radiopedia_0788.npz,pendiente de identificar pacientes,0.0,0.0,0.0,1.0,False
radiopedia_0789,radiopedia,789,True,-1356.318603515625,183.8311309814453,-594.3892480466548,496.9810711619776,7e7a8a1a16a54b6131a25106395008d9966667b87749b28b86d40815f547b213,836e63b9c97a81c1e75c711a1593cd098ca867c5c888a0baa4f599758b788647,True,0,0.0,0.0,0.0,1.0,0.0,False,,conservar,radiopedia_0789.npz,pendiente de identificar pacientes,0.0,0.0,0.0,1.0,False
radiopedia_0790,radiopedia,790,True,-1353.9586181640625,175.99066162109375,-268.96267036490644,488.4864444826006,4b7fbbd7626aee4bd78c36c80682d21dbf9ded70c0863eec6abf68af1338c472,836e63b9c97a81c1e75c711a1593cd098ca867c5c888a0baa4f599758b788647,True,0,0.0,0.0,0.0,1.0,0.0,False,,conservar,radiopedia_0790.npz,pendiente de identificar pacientes,0.0,0.0,0.0,1.0,False
radiopedia_0791,radiopedia,791,True,-1353.9586181640625,175.99066162109375,-265.9746898080575,489.2742852430757,80a04f4cf32a917a688fff24b2bc6f5f29dec03be0ec0380476410c5f2f8055c,836e63b9c97a81c1e75c711a1593cd098ca867c5c888a0baa4f599758b788647,True,0,0.0,0.0,0.0,1.0,0.0,False,,conservar,radiopedia_0791.npz,pendiente de identificar pacientes,0.0,0.0,0.0,1.0,False
radiopedia_0792,radiopedia,792,True,-1353.9586181640625,175.99066162109375,-261.51368684564113,490.18041278737445,c9db0ff3b1d53abf721585c63ee5986cdeebe835da00b8594014478ad863ec7f,836e63b9c97a81c1e75c711a1593cd098ca867c5c888a0baa4f599758b788647,True,0,0.0,0.0,0.0,1.0,0.0,False,,conservar,radiopedia_0792.npz,pendiente de identificar pacientes,0.0,0.0,0.0,1.0,False
radiopedia_0793,radiopedia,793,True,-1353.9586181640625,175.99066162109375,-252.33032287168135,487.96389268461394,c8a1082c746ca6288d460fa23172bc653026864d93763af87117dc9effa00b7e,836e63b9c97a81c1e75c711a1593cd098ca867c5c888a0baa4f599758b788647,True,0,0.0,0.0,0.0,1.0,0.0,False,,conservar,radiopedia_0793.npz,pendiente de identificar pacientes,0.0,0.0,0.0,1.0,False
radiopedia_0794,radiopedia,794,True,-1353.9586181640625,175.99066162109375,-247.12213095966763,485.65077227771786,6a4dfac196a04c367308d6b96838b6381786ee58b991f46b94519dc2c9b945c1,5e6d3d0f0590d037b769898e69079d7b17268c8bb474d9515db9acb87ed97ed1,True,0,0.0,0.0,0.00287628173828125,0.9971237182617188,0.0,False,,conservar,radiopedia_0794.npz,pendiente de identificar pacientes,0.0,0.0,0.002838134765625,0.997161865234375,False
radiopedia_0795,radiopedia,795,True,-1353.9586181640625,175.99066162109375,-249.80311977927158,484.52121520210346,20bf608f45337a7e96a49434d612cbf24e1ceea030b5bd86d0a631387910bef3,5d084d01d9a77d4e1d9245d9cb87d02194b5a039a83eabd611f8ad7abd2a8049,True,28,0.0015411376953125,0.0,0.009731292724609375,0.9888343811035156,0.0015411376953125,False,,conservar,radiopedia_0795.npz,pendiente de identificar pacientes,0.001556396484375,0.0,0.0097198486328125,0.9887237548828125,False
radiopedia_0796,radiopedia,796,True,-1353.9586181640625,175.99066162109375,-259.1951114188432,482.995224396585,ec99a78122d943e299f111b28fff9e5f43c53a0e27768ec455d2367f05ebb4cd,94968e1d0173bc5f38f53cd74a58eebe5b2109912c55a962373207a03fd52a92,True,38,0.003673553466796875,0.0,0.024776458740234375,0.9716949462890625,0.003673553466796875,False,,conservar,radiopedia_0796.npz,pendiente de identificar pacientes,0.00372314453125,0.0,0.0247650146484375,0.9715118408203125,False
radiopedia_0797,radiopedia,797,True,-1353.9586181640625,175.99066162109375,-286.73083869734,485.0231921547723,8f740a3a911de1d5eee7f386085ae0bd29e13338d995aadec6a4ccee5043437c,195a34900b41e5958392618f840a6ee60fae99db69346880dd44df32442a7bbe,True,51,0.004734039306640625,0.000881195068359375,0.06678390502929688,0.92779541015625,0.005615234375,False,,conservar,radiopedia_0797.npz,pendiente de identificar pacientes,0.0047149658203125,0.0008544921875,0.0669708251953125,0.927459716796875,False
radiopedia_0798,radiopedia,798,True,-1353.9586181640625,175.99066162109375,-322.2833221152705,488.0605605360725,fd3a1700584428baf4836be585139b18287ba4ee495345aca6b3819d5069d9bf,ef56aed00a020c66dd7a18b4dc8a02e5366661fbbcb89481bfc4437a1c9e3129,True,3,0.00336456298828125,0.004673004150390625,0.10589218139648438,0.8860816955566406,0.008037567138671875,False,,conservar,radiopedia_0798.npz,pendiente de identificar pacientes,0.0033416748046875,0.004669189453125,0.105743408203125,0.8862457275390625,False
radiopedia_0799,radiopedia,799,True,-1353.9586181640625,175.99066162109375,-368.4205519939678,487.17703723981225,98b24f771ba669f0af33738323396eeb1b93cb0d8cea7010a48b2204244f32ca,1236bde07faaa932fa74f435a20265c9072061d9ee4aa0abaf8b0bd1bfabf66b,True,29,0.003948211669921875,0.0072479248046875,0.1634368896484375,0.8254776000976562,0.011196136474609375,False,,conservar,radiopedia_0799.npz,pendiente de identificar pacientes,0.0038604736328125,0.007354736328125,0.1632232666015625,0.8255615234375,False
radiopedia_0800,radiopedia,800,True,-1353.9586181640625,175.99066162109375,-426.82412229694273,486.3350143491016,2c75452b1c1a449e131257e60f8e8b779b7036a2b0cdb586df542aeca74f45f8,95560cf17d80e3f66ae6dfcb3dce3b53e9f892939adeec3fe139a6ec5550f29e,True,83,0.001674652099609375,0.013996124267578125,0.21162796020507812,0.7730178833007812,0.0156707763671875,False,,conservar,radiopedia_0800.npz,pendiente de identificar pacientes,0.0015869140625,0.0141448974609375,0.211700439453125,0.7725677490234375,False
radiopedia_0801,radiopedia,801,True,-1353.9586181640625,175.99066162109375,-470.14218597507534,487.2127995330346,7f3230aeb585c0982807279201f74afa7b195c27a78d766857aba7badc92b51f,5659d5559087b6626980781647ad13e5930b1c36dae9fbe4f74542622a3af17d,True,29,0.002227783203125,0.015163421630859375,0.268524169921875,0.7141952514648438,0.017391204833984375,False,,conservar,radiopedia_0801.npz,pendiente de identificar pacientes,0.0022430419921875,0.0150909423828125,0.2684783935546875,0.7141876220703125,False
radiopedia_0802,radiopedia,802,True,-1353.9586181640625,175.99066162109375,-491.68802435037105,483.7117561142497,3d18240bfbf357b5623481aa63d8bdf1dec5d986415f65c0ba1f91fa28a5f03b,864df2e26f1ceee8a83f3f243513d2895279ee93c7c4acc5a286c67637672164,True,60,0.00331878662109375,0.01831817626953125,0.29058837890625,0.6880035400390625,0.021636962890625,False,,conservar,radiopedia_0802.npz,pendiente de identificar pacientes,0.0033416748046875,0.0183258056640625,0.29058837890625,0.687744140625,False
radiopedia_0803,radiopedia,803,True,-1353.9586181640625,175.99066162109375,-498.6867815744845,485.6064454676841,5602787fd5cebee0e6b537d383491f83f9396c50982080f7f99d5b4c6f504524,37b0d3dd67c735ed5dadbb16326bab1cbfc2341207fbd2d9334f972947513db1,True,126,0.007022857666015625,0.013156890869140625,0.2994422912597656,0.6808586120605469,0.02017974853515625,False,,conservar,radiopedia_0803.npz,pendiente de identificar pacientes,0.006988525390625,0.013153076171875,0.2994842529296875,0.6803741455078125,False
radiopedia_0804,radiopedia,804,True,-1353.9586181640625,175.99066162109375,-495.1345050426189,485.689013918991,aa39ae391dca183f8b2ecc20e543390e855f46e81a1df7eb777bfcae1c9c4d16,869887442c304143a8479d73a683ccb5936db68c86cea28f73b28a8b9d920ad2,True,59,0.008258819580078125,0.011383056640625,0.2967643737792969,0.6838188171386719,0.019641876220703125,False,,conservar,radiopedia_0804.npz,pendiente de identificar pacientes,0.0081787109375,0.011383056640625,0.2971038818359375,0.6833343505859375,False
radiopedia_0805,radiopedia,805,True,-1353.9586181640625,175.99066162109375,-490.64316003332533,487.3173582049666,c52ed54a4c6619ed31a336515852d7576f77eb53a8c1a11440ba062c7583f070,d4be433a8072b716a9679261f26f6911c994b4690c0edbc083a693bb891756e2,True,263,0.0043487548828125,0.014270782470703125,0.2945671081542969,0.6878166198730469,0.018619537353515625,False,,conservar,radiopedia_0805.npz,pendiente de identificar pacientes,0.0044403076171875,0.014190673828125,0.2945404052734375,0.68682861328125,False
radiopedia_0806,radiopedia,806,True,-1353.9586181640625,175.99066162109375,-491.44511677511036,488.1063798647491,0e796111c5fd9f0654d33b41fa8a8f8d537dcb4baf0ddf3a243f33b6b78cda50,599cef52d852d664fb899dd90d0efbf3d1d7e4a429e73e91dc3382fff0149699,True,115,0.0049896240234375,0.01136016845703125,0.2906913757324219,0.6933975219726562,0.01634979248046875,False,,conservar,radiopedia_0806.npz,pendiente de identificar pacientes,0.0048675537109375,0.0114288330078125,0.2906951904296875,0.6930084228515625,False
radiopedia_0807,radiopedia,807,True,-1353.9586181640625,175.99066162109375,-498.1749111202171,486.07725042614805,9458c09784e2b0e3b0b9965b3d2d12e60df9670c4ac2ec11ed43b9c2f16d8a77,0ed595f406d137986c530605caa94684406dc4d14fcc3df8b6090b1bef6fbe84,True,60,0.00417327880859375,0.0060272216796875,0.2927284240722656,0.6972999572753906,0.01020050048828125,False,,conservar,radiopedia_0807.npz,pendiente de identificar pacientes,0.004302978515625,0.0059661865234375,0.292572021484375,0.6971588134765625,False
radiopedia_0808,radiopedia,808,True,-1353.9586181640625,175.99066162109375,-505.97790367146627,486.32722094618583,7cbdc8086da95fe98b77c9f5a7f55874e481c78d3cff5b0bbea83384ed558a58,d698313c9ef5082b358749e5f12be07d4efced2054ed7ff9919c7326e2ff50b9,True,0,0.00208282470703125,0.0,0.29894256591796875,0.698974609375,0.00208282470703125,False,,conservar,radiopedia_0808.npz,pendiente de identificar pacientes,0.0020751953125,0.0,0.2989349365234375,0.6989898681640625,False
radiopedia_0809,radiopedia,809,True,-1353.9586181640625,175.99066162109375,-508.64089782372685,489.79072989074183,c36bcaa2592ad0c0eb4c9baab88380a209ce53472ab8183de2fedb90af10caa2,76bc6af1985ec1edd689ef92b9bbdb9b694adb60748d86f7d4c35dffc95a5c92,True,0,0.0,0.0,0.2956428527832031,0.7043571472167969,0.0,False,,conservar,radiopedia_0809.npz,pendiente de identificar pacientes,0.0,0.0,0.295684814453125,0.704315185546875,False
radiopedia_0810,radiopedia,810,True,-1353.9586181640625,175.99066162109375,-510.31474995360077,487.9753683602918,083bbfc5322fc402a8f21627f3da05224ff437207f1fa61a82bf25cc58d2ac4d,036ec8cedf3c9d8558d5e9f16a073d4d59c9b1ee6b8c3345ed4a12091ff06d05,True,0,0.0,0.0,0.2953834533691406,0.7046165466308594,0.0,False,,conservar,radiopedia_0810.npz,pendiente de identificar pacientes,0.0,0.0,0.2952117919921875,0.7047882080078125,False
radiopedia_0811,radiopedia,811,True,-1353.9586181640625,175.99066162109375,-510.89834502156737,487.5959962736611,0cf6dbea9943533dfd69c9c565729ded79f24138d565ee598fb1a09016dbda61,3c95973658a1f5aaeaa8944e3a61befad23930c1bb5a27eea0393ca6fe2cf193,True,0,0.0,0.0,0.28829193115234375,0.7117080688476562,0.0,False,,conservar,radiopedia_0811.npz,pendiente de identificar pacientes,0.0,0.0,0.28826904296875,0.71173095703125,False
radiopedia_0812,radiopedia,812,True,-1353.9586181640625,175.99066162109375,-509.39991654739424,492.0400218160478,0e3692a36d179b6e9823d67d44c774ed338d2f758c4b482b48a984fc148ee7af,05aa94170e919f7e410c1a48fed353e8abf2bf287af69b6bf3811b86a42c9ab6,True,0,0.0,0.0,0.27649688720703125,0.7235031127929688,0.0,False,,conservar,radiopedia_0812.npz,pendiente de identificar pacientes,0.0,0.0,0.2763214111328125,0.7236785888671875,False
radiopedia_0813,radiopedia,813,True,-1353.9586181640625,175.99066162109375,-503.9600309879752,494.0684514660354,92c2fd9da7b4dcfb5c0469bc59d4fd176c7d4ef569c0036ebafb412936b8050b,4d46e27a8d82ddedbe155d2e1b02f2351a2f9bd38b58bfabd398f7881edeb2bf,True,0,0.0,0.0,0.26609039306640625,0.7339096069335938,0.0,False,,conservar,radiopedia_0813.npz,pendiente de identificar pacientes,0.0,0.0,0.2662200927734375,0.7337799072265625,False
radiopedia_0814,radiopedia,814,True,-1353.9586181640625,175.99066162109375,-501.03603887307327,494.9703181139623,50890f5048070f9830e07283813defc6f95ecb3927049f4e8d0cefcb29a0b75b,d69ca97187e0e1abaddd1774af953457b1518c5608d873884aa96618e853d5e2,True,0,0.0,0.0,0.2503662109375,0.7496337890625,0.0,False,,conservar,radiopedia_0814.npz,pendiente de identificar pacientes,0.0,0.0,0.2504119873046875,0.7495880126953125,False
radiopedia_0815,radiopedia,815,True,-1353.9586181640625,175.99066162109375,-501.556238157551,496.52759595494655,34fd051afe0518dd2da5b75cee752226189a0d3e3d5ae5d96eecf9e693e8077c,efd06b2c7239ae8513d3943fff507d5f35a61e9526e82e06344f0652dc4a3ceb,True,0,0.0,0.0,0.239959716796875,0.760040283203125,0.0,False,,conservar,radiopedia_0815.npz,pendiente de identificar pacientes,0.0,0.0,0.239898681640625,0.760101318359375,False
radiopedia_0816,radiopedia,816,True,-1353.9586181640625,175.99066162109375,-502.73705637032253,498.58148975298974,e46f185807df1b504528bc5888acbade2ed575f56c06fd4cdbb57ea7851318a0,b1d9bc1a6f158a1a4d5a8b4558e29b441d694a37e6c71b12b405091fe0275820,True,0,0.0,0.0,0.23104476928710938,0.7689552307128906,0.0,False,,conservar,radiopedia_0816.npz,pendiente de identificar pacientes,0.0,0.0,0.2311248779296875,0.7688751220703125,False
radiopedia_0817,radiopedia,817,True,-1353.9586181640625,175.99066162109375,-499.64187318299446,499.20156339090784,b9e0248adcaff0125999178ca2f5a043de03d6d4d0327347c9663d27fe0ae79e,cc9b1f78440a8a4912564a6c8d84d3437ec22eab3d0bfc4e490bd3ba3ef2cc41,True,0,0.0,0.0,0.215179443359375,0.784820556640625,0.0,False,,conservar,radiopedia_0817.npz,pendiente de identificar pacientes,0.0,0.0,0.21514892578125,0.78485107421875,False
radiopedia_0818,radiopedia,818,True,-1353.9586181640625,175.99066162109375,-490.09994026539425,501.57904622658816,e8e0611523b38be8c0874bf23413ef27d2b252f830d17b7a6a72db66bd6e69a7,9c74c571e6bb4562cbbfaa37486fa1b542562c01fdd2ea48a27d37ec9811d728,True,0,0.0,0.0,0.19490432739257812,0.8050956726074219,0.0,False,,conservar,radiopedia_0818.npz,pendiente de identificar pacientes,0.0,0.0,0.1948089599609375,0.8051910400390625,False
radiopedia_0819,radiopedia,819,True,-1353.9586181640625,175.99066162109375,-479.22384676787806,507.4084780197998,576628d4ca0dd2a5129247262eb0dd47a7fa5d31cfa894c49fc5ef65ce777ec7,34e166884e6a5b1cee08f854f9aa444ad9d25021a4f7eb1fa220224abe71e8e1,True,0,0.0,0.0,0.17111968994140625,0.8288803100585938,0.0,False,,conservar,radiopedia_0819.npz,pendiente de identificar pacientes,0.0,0.0,0.17132568359375,0.82867431640625,False
radiopedia_0820,radiopedia,820,True,-1353.9586181640625,175.99066162109375,-468.8306583483045,510.4436999444487,5dc3f68b3b0c6e334c94c6cb530ec52ed2df761c82427d497f0a5ecb04414c1a,5b6d9fc79501006aa98d94bedd44daaff09a02f4ec3928e3f01df346effafc87,True,0,0.0,0.0,0.14705276489257812,0.8529472351074219,0.0,False,,conservar,radiopedia_0820.npz,pendiente de identificar pacientes,0.0,0.0,0.147064208984375,0.852935791015625,False
radiopedia_0821,radiopedia,821,True,-1353.9586181640625,175.99066162109375,-453.77703542627023,514.7336194876351,074c13cefbc250cd1d19b93d23f634f0d5e1e2b8949ad5d00260ad8e182472fe,b9496060b13ea13583cc1d4eb0dfff1682dcca038a1647eead8d8baadddae168,True,0,0.0,0.0,0.11582183837890625,0.8841781616210938,0.0,False,,conservar,radiopedia_0821.npz,pendiente de identificar pacientes,0.0,0.0,0.1158447265625,0.8841552734375,False
radiopedia_0822,radiopedia,822,True,-1353.9586181640625,175.99066162109375,-437.5813070397053,521.5795048942801,e687998b6519a0881e3934de89103303d3491db5d63b5466c40bf7068a710d58,772b2ac9c6bf545c61addea6f80d90351edb57b740acaa0bb2a05ea11ae94f3c,True,0,0.0,0.0,0.08359909057617188,0.9164009094238281,0.0,False,,conservar,radiopedia_0822.npz,pendiente de identificar pacientes,0.0,0.0,0.083648681640625,0.916351318359375,False
radiopedia_0823,radiopedia,823,True,-1353.9586181640625,175.99066162109375,-431.23606333698444,525.3160869679716,5fe5a9ab6f56b99d98e23c7aed6050a14c1d12070a41499a38bd65315fbde273,6c7ebb09f735d16c0c2c35bccb87e2efd4ce64a1f0c224132dfc1119174eeb3a,True,0,0.0,0.0,0.060821533203125,0.939178466796875,0.0,False,,conservar,radiopedia_0823.npz,pendiente de identificar pacientes,0.0,0.0,0.0607452392578125,0.9392547607421875,False
radiopedia_0824,radiopedia,824,True,-1353.9586181640625,175.99066162109375,-426.1961426254056,526.1696993681422,2e619edeae49cc2db2cba377183e174d381c6f0badf14f51c5fdd7cc72136f54,8863db6cd5f3b23cc4d4f71db425beb88abecece19e89ff7089e3300cd4f8a2b,True,0,0.0,0.0,0.0416259765625,0.9583740234375,0.0,False,,conservar,radiopedia_0824.npz,pendiente de identificar pacientes,0.0,0.0,0.041534423828125,0.958465576171875,False
radiopedia_0825,radiopedia,825,True,-1353.9586181640625,175.99066162109375,-416.86759918387725,530.211225487828,dfa146c99a4a9a1e8fab8e4a30641e1d668d7cee6910684aa1d04adee5825af2,4c303a67f3a2bd6c93d58903e46f1c50b8997989cf1ba4c4394bcb41f3f3f112,True,0,0.0,0.0,0.0176239013671875,0.9823760986328125,0.0,False,,conservar,radiopedia_0825.npz,pendiente de identificar pacientes,0.0,0.0,0.0176239013671875,0.9823760986328125,False
radiopedia_0826,radiopedia,826,True,-1353.9586181640625,175.99066162109375,-421.38466436757153,531.6377959620357,bdcfd922e883f4632c1088a9f6aff6322b42f8d2d87834f5d4bc9cc61b8569f1,9f110c57b2ed928c5da9693d04d64060d60cabe71b8b938e57192e8c7576c112,True,0,0.0,0.0,0.000110626220703125,0.9998893737792969,0.0,False,,conservar,radiopedia_0826.npz,pendiente de identificar pacientes,0.0,0.0,0.0001373291015625,0.9998626708984375,False
radiopedia_0827,radiopedia,827,True,-1353.9586181640625,175.99066162109375,-433.36372644113,533.0396170860978,a304d2f7880faee7d8d85896143c0b15163b2e096b34fa5f007e7b2607668525,836e63b9c97a81c1e75c711a1593cd098ca867c5c888a0baa4f599758b788647,True,0,0.0,0.0,0.0,1.0,0.0,False,,conservar,radiopedia_0827.npz,pendiente de identificar pacientes,0.0,0.0,0.0,1.0,False
radiopedia_0828,radiopedia,828,True,-1353.9586181640625,175.99066162109375,-447.7788694745759,534.9848443757217,ec38da6feaba7097396c32169c91e54da68752c255687ea41940899fabb8bad9,836e63b9c97a81c1e75c711a1593cd098ca867c5c888a0baa4f599758b788647,True,0,0.0,0.0,0.0,1.0,0.0,False,,conservar,radiopedia_0828.npz,pendiente de identificar pacientes,0.0,0.0,0.0,1.0,False
prueba_0000,prueba,0,True,-1089.8383953195193,330.26830435100715,-382.3845744374945,462.07429700468384,605057ccddf352a9eead6e525828969f657fb6ef36b9baec45c45e5d782fef95,,,0,,,,,,False,,conservar,prueba_0000.npz,prueba oficial,,,,,False
prueba_0001,prueba,1,True,-1078.523489932886,238.255033557047,-546.8105776998021,472.7025290519981,a7f509ce915f36e6d9223962fa1125e4342ebf07d272ca2a53bda197f0c293c0,,,0,,,,,,False,,conservar,prueba_0001.npz,prueba oficial,,,,,False
prueba_0002,prueba,2,True,-1397.0588235294117,286.5274050751759,-357.9171256055105,475.35434558921236,5f996e3b080f7f15eb7a73da721c2c405cfdc750503b726efeb6109b29b4ea6d,,,0,,,,,,False,,conservar,prueba_0002.npz,prueba oficial,,,,,False
prueba_0003,prueba,3,True,-1450.0,189.28571428571422,-704.4953863961356,574.6289988610583,21dcf4148b06795d8d23bceddc7d0361117181508685ec4246bf6e831f7ed5cd,,,0,,,,,,False,,conservar,prueba_0003.npz,prueba oficial,,,,,False
prueba_0004,prueba,4,True,-1091.8976795443946,259.8663477909397,-300.3278918525705,399.1623854978655,01dc13626802be25149e883fc61530855890d69d2ab6dddfeb3d6d715bbb04c6,,,0,,,,,,False,,conservar,prueba_0004.npz,prueba oficial,,,,,False
prueba_0005,prueba,5,True,-1449.6983951016184,875.6455830409147,-362.11905739581744,469.43888530442126,f0af1fe05da4cc1642d0664798773e1f5cb81f85c33e782a12f46a3d3c6c7687,,,0,,,,,,False,,conservar,prueba_0005.npz,prueba oficial,,,,,False
prueba_0006,prueba,6,True,-1037.6593929012886,362.45178078248205,-346.4914103354564,429.971044280302,8c8daea9692887c854db220630459fcc2e06b04b391cc45310467ab0ed37dc7a,,,0,,,,,,False,,conservar,prueba_0006.npz,prueba oficial,,,,,False
prueba_0007,prueba,7,True,-1053.8314072562948,375.0000000000002,-160.23013944472166,418.7620948167006,709ad9736b88cb4eeead2005fbeb6607c482b327caab02a908fe518e8995be01,,,0,,,,,,False,,conservar,prueba_0007.npz,prueba oficial,,,,,False
prueba_0008,prueba,8,True,-1362.4161073825503,177.85234899328862,-694.1232260361247,558.8524211668398,609370aca849d63184079232b40abd5739b1895c74eeb44a5f19d4135158ab37,,,0,,,,,,False,,conservar,prueba_0008.npz,prueba oficial,,,,,False
prueba_0009,prueba,9,True,-1321.4285714285716,317.8571428571429,-676.0532787867953,451.8423880614361,e9119355850dda939c7427de06f7f0fd41dbdcfaab43866843a7407a93f912cf,,,0,,,,,,False,,conservar,prueba_0009.npz,prueba oficial,,,,,False
